filename,label
synth_000000.png,تنوع گیر اطرافیہ ضیا فشان سوزی زور مندی جھنجھوڑنا تعزیزی کسیں
synth_000001.png,الگنی الزمی تخریب پسندوں زخم زباں سدھاؤں چاہئے
synth_000002.png,کسمساؤں نسا پتی زفرف وسمیہ
synth_000003.png,خرخرہ نصوحا متخیل طرفین تشبیہ خار زن ریر ماوراء تعدد پیما تحفظاتی
synth_000004.png,مجرمیت شورسینی اچلا ٹھپوں ڈیمی
synth_000005.png,کنکرول عید میلاد مشابہ الصوت
synth_000006.png,سانس عقول بھونکوں
synth_000007.png,طرہ و دستار والا ٹرمونہے مصنوعی نباتات خط قاطع معلومات عامہ مرطوب
synth_000008.png,بوسکی داعیانہ ڈھانپے سوزانہ خطیت پا پیادہ ممنر صاف بیانی
synth_000009.png,بامیں سایقات الیچیے قزحیاں میسان شیال بزرگان روفس گرتے
synth_000010.png,پیش نشینی مکسیب ٹھور ٹھور جہاں کشوں شومیء تقدیر جھنوا سٹورا کھیبا
synth_000011.png,ہربجھن مہیب مشبہ بالکتاب زرافہ جھجھماتی چلچل
synth_000012.png,اگھاڑنی تمہاری حمصی خرق عادات نصابیات برسات کی چاندنی منٹل منتشر المزاجی پبلسٹی
synth_000013.png,اجتہاد تچھک کاتب تقدیر شہاں متخالف تنکوں عیوب نودھا بھکتی خدا
synth_000014.png,شمشیرہ پیویلین دفتری نظام چرچراتی تلا دان غیر ذمہ داری چرچرائی راستی پسند
synth_000015.png,خشکاری کانکھ ڈالوں آب چشم لطف سخن پچھلا استقبیلات تنہائی مشقیں
synth_000016.png,سمطر گرد مادہ بھنیاکا
synth_000017.png,بلکو ڈو جانچ جرجبیں پرورش کملیوں خمیدہ شٹ چہ میگوئیاں
synth_000018.png,ربن قاعدہ مہم مفہومیت نڈھول چٹک کر ٹائون
synth_000019.png,برفیوں مبارگی اسفال ہیکنگ
synth_000020.png,آہنی چھاپہ بواسیر الانف بخت آزما ساہن
synth_000021.png,لکیرا بنیائی چور راستہ سفید لکڑی طغرا نما پوٹاسیم پرمینگنیٹ رہ آوارہ کانٹی لیور جنبلیتیں
synth_000022.png,پرخار نادان دھوکےباز تدارک ترطیبیں نمٹاتی مرداری نظام معیشت نامیہ
synth_000023.png,ترکیب اتصالی بدقلعی مینک متاسا تمزقات سکرات دہری دھونڈتے
synth_000024.png,دو انگی طغیانی نہر پائیرو سکیات بھابر نیر بخت
synth_000025.png,کتبے ادھر ادھر تخت عاج سریجن خوخ ناتمام پوچ بافی پناہ گاہ
synth_000026.png,خلیدہ مماس التمام آسروؤں
synth_000027.png,ٹنٹیلوں عدم ثبوت نضیر کٹکٹاؤں پٹولا حیرت زدگی دھوبی کاچ غلہ خیز زاچہ
synth_000028.png,کراو بدوی قدرتیں باہنے ایک دفعہ ہسٹیریا پرکرم چار پاؤں
synth_000029.png,بھوکہ دولا بلحطائف الحیل بقچیاں سرنیں میکانکس تہمیذ
synth_000030.png,اورانیم بھینایا نزول عذاب ہرزہ سرائی گاہوں چھجاتے قطرہء نیساں
synth_000031.png,قران سلاہتی شکر مقال مکلف لباس جلیبی فارن سیکریٹری ٹکرائیو قضاے الہی سے
synth_000032.png,کیمیا دانوں تشبیہ معکوس بڈھیان کارپینٹر رکاکت چتر
synth_000033.png,بلند اردہ سوختوں معزول عددا خبراحاد
synth_000034.png,فرحت اندوز چیسیتیں ابالا کوچ وان فائض تغریب جوجھائیاں شورابوری
synth_000035.png,کور کا رندہ خار صلیبی عائرہ روشن تر مثنویت رسالتمآب شوادشت
synth_000036.png,باؤنگی تحریتی نظام معاشیات طبعی خطوط اڈیشنوں آلوؤ ماتحتی جلگ شعری سرمایہ
synth_000037.png,نقرئی سکہ کھپری ابھاگن تنہائیوں بگیلیے حرکت پذیری کشتریت
synth_000038.png,کوئلی حرام نم گیر جثے اٹکیں فورسیں مصلحت پسندی
synth_000039.png,سکھاڑا تعقید نکاح مرتن کھودنا
synth_000040.png,حیاتین دال سستا خط سرو دستک ناچارگی اضطرامیت دل خراش لیڈنگ کالمز
synth_000041.png,خر عتابی تلہار مندی آنچ انگلیٹ پر ملک
synth_000042.png,ٹھیکرے کی مانگ مخلوصات فسٹ کلاس سامراٹی زوجۂ مطلقہ اشلوک دیوار برلن مہر پرور لٹکی
synth_000043.png,طلباء مدروسی چلن میانہ پل ڈیموکریٹک لہو پیو افق العلا تک پوش شریقہ
synth_000044.png,انڈیلے تمازتیں نوتنتا محافظ اجسام قدم بقدم
synth_000045.png,تکثیف منڈیوں گڈھری دھول کوٹ سیکریننگ اڑستے نوقی
synth_000046.png,کالر دار ذیلی قواعد مصرحہ نمک شناسی بند کی ٹوپی لکھانا قرآن ناطق جارن فاصل ٹمپریچر
synth_000047.png,مینوسپلٹی غشیاں کوٹنگز جتوائے دہلوی
synth_000048.png,درباری گریٹ فتانی نائیٹریٹ سازی کلپنا آب آمیز فرمان روا عزت مآت
synth_000049.png,گھٹنوں لبدھڑی پالاریں نہتا پن نہمت رکھوالوں چنبیلی پردھاؤں خیور
synth_000050.png,ماشوی تختہ ء خارا سرمایہ دارانہ تنظیم فیچروں زیرغور راشن کارڈوں حد ناقص
synth_000051.png,پروتھا بچھرتے ٹوالو نتیجۃ
synth_000052.png,میانوالی سوبن حدنگاہ آوخ آور تلاشوں نعمانی
synth_000053.png,چپ شاہ کا بالکا پاس شدگان ایک راس کا ککھ سکون زار تیغ بے دریغ ٹٹنا جنگلی سؤر پاستانی
synth_000054.png,چاٹتیں نفع المصرف کلوواٹ نیک ترین خذمت پرناہ وقت پر پہنچنا
synth_000055.png,طبیلہ چگاپو پوسٹس سلف گورنمنٹ ضلالت نکھرنی بھشٹل عر عر سرسرائیں
synth_000056.png,کبرومیٹن بھڈوروں جھجھکورے حظ ستی
synth_000057.png,رگ غیرت برقع فانوس نجدی نارمیلٹی لہجوں کرداریت پانچ پیارے نخز انوثی
synth_000058.png,نسج عظمی موسلا دھار برسات ہزجیں استقرار حمل گوڑھل من کبیر پرکھر آپ ہی مدھکر
synth_000059.png,نزدہ کافوری رنگ کف لما زلتوں پچکاو زرتابی صوتی ہم آہنگی نوشتۂ قسمت پوچ گو
synth_000060.png,میںایک خمود پاکشک جداں ڈھانپی
synth_000061.png,گاروں افراطی بیراگی نقطہ آرائی جوہری توانائی ٹیپٹس دم کے ساتھ
synth_000062.png,لوٹ کا مال رونگٹا ٹمنا لوح جبیں ماہی شکم ممتاز ترین
synth_000063.png,بھیل پر آشوب استفنات کانگری بادخایہ
synth_000064.png,بلسنا اولاہیں المنکر سپر انداز رافہ استہدا حلہ پوش سلاق
synth_000065.png,تپنا گائسٹ زبان فہم پالب شال معدنی رگ خوش سخن تپے
synth_000066.png,گھما گھما کر اعتماد الدولہ قالموقی
synth_000067.png,راحات بھبکانا سنگ سار تعاف فخر الاولین تیزاب گداگر اوپل
synth_000068.png,معنویتا بلنگے چترالی متغر احداث نستعلیق عجمی
synth_000069.png,مشترکہ اعلامیہ ٹھگا حمی نورانے دریائے شور چھالنی
synth_000070.png,کافر جوانی پنیہ ترن پاشکستہ نورویسٹر شیرنیوں لبلبیاں سوندھاتی تاج مبارک طلاق بائن
synth_000071.png,پاسناں گستی ممالک غیر مانڈ الاقوامی پھولوں کا بستر لقمانی دماغ بحث پپیراؤ
synth_000072.png,شبنمستاں متذکرہء ذیل طنبی طامونیں کٹکٹاتی اتالیقیاں چوکیاں دھیرا بے چون و چرا
synth_000073.png,کوہ جگر سماج سازی پرپائیں پکھی وجۂ معاش ازالہ
synth_000074.png,مے ء الست سنہ فعل معکوس گیڈر
synth_000075.png,ڈاکیا مجذوف نغمہ زا کمیونسٹ لگژریز مدہوشیاں ٹرکایا
synth_000076.png,ستانوے تیرگی دیدے قسریاں تہاون
synth_000077.png,پورن پوری طبالون یودھا پن چھوٹتیں
synth_000078.png,ذات ایزدی غلب سام بن مسند اجتہاد دل سوختہ فرانک ادارتا ڈھانپیے جب تک
synth_000079.png,کورل عنوان جاگر
synth_000080.png,احادیث گورخشی عتبۂ عالیہ پجاائی پستک بھنڈار نگاہ حسرت آلود متصرفات دو چار منٹ بات کہتے
synth_000081.png,برگ بار میراخیال پھاوڑہ
synth_000082.png,باز یابی حقیقتوں حریریہ کیل کانٹے فرماتا بیگانہ وار سڈولی تھوک کا آدمی
synth_000083.png,سابلہ چھترنی من کامنا وولٹ نیابتی غنائی یاد اللہ
synth_000084.png,بدخو تسجیل رنواسا رول کی چھالیہ شوریدہ حال بھگائیے خانہ سامانی
synth_000085.png,بگڑی خاموشی کا منارہ آشنا زدہ ناشادنی ونگ کمانڈر پداسنیں عمل دخل
synth_000086.png,عاقبت نا اندیشی ٹرینڈ بود سرافراز شورو شین
synth_000087.png,کسائیاں زین العابدین حرکت روزانہ
synth_000088.png,بد ظن خواص پردہ فنا فی الذات
synth_000089.png,پتوالیں فرنگی مینڈک منہ
synth_000090.png,پھنپھناتے نچلی بھٹیارا اوریا ننگ روزگار لبن سہ ابعادی
synth_000091.png,گونجتی ہونے والا اسدھی صاحب حکمت
synth_000092.png,چچوڑ نہو طریقوں دم دعوی ہم ساز نوشہرہ
synth_000093.png,محور ناسفتہ بہ مائکروبز لالے تفقہ فی الدین خزلی
synth_000094.png,پھڑ کیلی عصیہ قولونی میر صد کمپوزر انشا نگاری ٹمپریں تالیلا قرضۂ حسابی
synth_000095.png,میگنیٹائٹ چوری آراستہ و پیراستہ
synth_000096.png,دکیاں چپٹا مشاغل لایعنی
synth_000097.png,باجری رسائیوں شہر غریباں کمال پذیر جمائما عصری علام نڑجو پوشن تیغ زہر آب دار
synth_000098.png,سلفی خدا کا عذاب قائمۃ الزاویہ کنج پتا اخروی کنگھیوں نازوں کا پلا تخت امارت زیرکی
synth_000099.png,حکم شرع پیراکوا عنبربیز
synth_000100.png,پنچ گویہ پربھتی سوات ٹپناما کنستری حا منطقیا دھڑادھڑ چشم ارزق
synth_000101.png,نجلہ متجلس چرچٹا شہرستانیت آشب
synth_000102.png,ہول گھٹا کر پڑھا گنا حرف ممدودہ واؤچر کالی ناس پورک پائی مجولیاں لے دار
synth_000103.png,دھرپدیا سلجھاتی گلیشیر منشدہ سراگیاں
synth_000104.png,پرخار منال منہ کی کراری حلقہ حلقہ پھپھسا
synth_000105.png,یکم لیول کراسنگ تشمیریں نگارینہ تسوسے چھچھلاند ٹپکے
synth_000106.png,حیائی بکیں پجوا شوکیسیں مبدلی مہارتی
synth_000107.png,ڈکٹیٹری من سمجھوتہ قفلہ پچل کتیہ اندرا پن کا پھل بلبلائیں سرلشکر عشائر
synth_000108.png,ترکیب دار تشویہ نیفہ خود آگہی فاتح البہار
synth_000109.png,باندیاں عیش گاہ مستانہ خرامی مقدس سرزمین نمستے حاطت سوجھتا ڈبڈ باؤں ناپاک طینت
synth_000110.png,بھوتیا مندی آنچ سمریز پیالہ نما
synth_000111.png,سینک ٹھکانے شاخ تراشی ابوالہول پالک عشمہ
synth_000112.png,محاسبین ہچکچانی غیروں نظریہ کاری سگانہ ٹپڑیں
synth_000113.png,پنگوئن تلاقیاں سعایہ منبسط گمان مستعید
synth_000114.png,مکلفین ضعیف الحدیث ابجد آموزی
synth_000115.png,پہسوکریں عرض تمنا سبکی مذعوف زر دک دھومیں سہ کرر جگالیاں
synth_000116.png,نگران افسر امواتی گھومنی مصنوعی چناپلاؤ جمرتہ
synth_000117.png,نحویہ دروں بینی رب الاسرار جناتیں کانگرو
synth_000118.png,صندوقوں خلودیت شاہ دو جہاں پنجہء شانہ غرنیق مبرو تڑپھڑائیے
synth_000119.png,سابدھان مہارا ککروں مطالعہ
synth_000120.png,شور کنندہ ژرف نگاہی ثنا گو
synth_000121.png,شعلہ ناک ہفت گنج منافس مغربی ہندی تماثلوں سرتوڑ کوشش پراندا اطرش
synth_000122.png,بردعی پارچوں فرامرز ناسازی طبع
synth_000123.png,انفرادیت پسند فروکیتیں پھسدل بنڈا
synth_000124.png,کاروائیوں جوہر پاش مودب ٹرٹرانی
synth_000125.png,ہٹتا حیاتیاتی موت نجرت تزویج الحرفی پڑدار نازک قلم
synth_000126.png,معنوی دنیا زادلہ نیزہ نیم نگاہ سرگراں مشروم تسری معاشیات
synth_000127.png,طاق پوش دھوانکش تیگ ٹمٹمئیاں تجنیسات روڑھا
synth_000128.png,مابین سوء العذاب جانگیں گام رطبیت بلستیں کونسل رمنتہ ہنگامہ
synth_000129.png,حدسے باہر آشیرباد طبیعت کے رنگوں حائقہ جلاب
synth_000130.png,اعجازی جموع ادھوری
synth_000131.png,لسجھری ارتصاد درجۂ شکایت بادہ ء نارسا جبرائیل نشاط آور
synth_000132.png,وحشت اثر مشت درمشت چوئے تمثیلیں ٹانٹھی چالاک رو
synth_000133.png,چگھیے فخراج ٹھاٹ کا
synth_000134.png,میلا کائٹ نفس شماری تلچھتے پکارنے نیش ضبط بڑا کلیجہ
synth_000135.png,حرف استشنا برہمی رسم الخط جاڑے کا سماں ضیا باری ہم سفر کلیاری للچاتے
synth_000136.png,غرانیق ٹرکائے چبتی نماز نخستین تسبیح سال تپوبن کنفرمڈ
synth_000137.png,ساونت نبوری مبعوث ٹرواس مہرہ زن نخل توام
synth_000138.png,قبائیں سیکڑوں کوس مقبولیت دوام حماقت زدہ پرلوبھیں بسیم
synth_000139.png,نندی مکھ ترسیمی کاغذ مفتیہ
synth_000140.png,ہنہناتے کھیل تماشا کھینچائی
synth_000141.png,مرتدین نضار بات کے شاخسا نے عشمہ قاہ قاہ مدگر
synth_000142.png,رٹیں حیران کرنا پنواؤ زیب داستاں تلیمان مخنوقیتیں کچلی
synth_000143.png,طغیلیاتی گورنرز سادج نقل محفل کھپٹیں کچی چاشنی اعلن شہوات البی
synth_000144.png,فٹنی متجاول مدرائیں آچکا دم تقریر جی کا روگ گدھا گاڑی میرخین
synth_000145.png,اللہ کے نام پر تجویز بند ڈانٹتیں ریجنوں مقیاس الحر نسبت تکریمی ٹرٹرانے متعارفہ
synth_000146.png,لعل شب و چراغ گردشی حرکت بیچ کی انگلی بادیانی جہاز خارج کرنا
synth_000147.png,بھگیلا صلا نیر اعظم
synth_000148.png,نہلائیے نتائج صوم متصل ریسور چنچناتیں توڑنی مجھولا
synth_000149.png,پٹوانی چھیرے فوف اکسائیے زلالا
synth_000150.png,اب کے رسیلی باتیں فجاجت
synth_000151.png,شاد و آباد عقیدوں لٹوکریاں تہوری ابابیلیں پہیلا نمرق رحم درویشی جسام
synth_000152.png,سبکنے پینٹرز کھریا بتی مرد شریف بٹورا مہا دیوی اٹھوالیاں نون تیل
synth_000153.png,قبے گوہر نقلیہ
synth_000154.png,تڑپھڑائے نا آگاہی اسرافیلی لفظی ترجموں دانش ورانہ
synth_000155.png,نوک دم تقطیع سنہ مالی
synth_000156.png,چھنچھنانا بھنگا مکلف فینسیز متانساری زمین کی پٹی
synth_000157.png,چمچماہٹیں تٹاپا ڈانگری
synth_000158.png,حدیث شاذ سری لنکا تعقیرات حبق الراعی شاسکی
synth_000159.png,حمق بھائیاں دستی پھوسی پارسی کیکڑی گھولا
synth_000160.png,لدائیے قضاؤں حفصی نکھارتے بلاپتی پتھر چٹا نہنگانہ فردوسیتیں
synth_000161.png,مدینہ العلم چرن امرت بڑے کارخانے
synth_000162.png,انند باڑی معجلین عزیز القدر بھرم تبلیاں
synth_000163.png,کونڈریں اوپر کا وعدہ خلافی گلہ آمیز دھاگلی لاٹھی چارج پروٹو پلازم
synth_000164.png,تغاول مجاہرہ بیلچے چانڈال دبستان او
synth_000165.png,چھنگڑ چھجاؤں خداناترسی مصاف زندگی مفرورین عالم اسلام
synth_000166.png,مبتنیاں بادھے مارچ بریز لڑھیاتا تدریسیں کھتوئی موئے آتش دیدہ عبور ادنی
synth_000167.png,حشوؤں مائیات بھگوڑ ہبطی جھپٹتی مخلوعیت فینانس موٹروے جزائے خیر
synth_000168.png,ملار لپ جھپ جدھی چھڑی تختہ بہ تختہ نظام حیات چشمہ آب حیات
synth_000169.png,فوکلیت دلالت حیطہ رگیدے متنازعہ پٹخارتیں
synth_000170.png,حیلتیں بھریاؤں غضب آلودہ تصنیف کارڈ
synth_000171.png,جماتی ملازمان حکومتوں خط تراش دلپذیر خنکاری نچاتی اچھا بھلا ناموس اعظم
synth_000172.png,عداوتیں وریام سرخ مٹی ڈھالتی سلطانی جمہوری فہمی
synth_000173.png,گل فام نگاہ فتنہ طراز ٹیپو عائف منتھلی
synth_000174.png,رانا جھر جھریاں سگ اصحاب کہف بادشاہ گر پلچا مغالیق کوپل تعصیب محض چوپان
synth_000175.png,خرچا صوابی وشا
synth_000176.png,زنبوریں ویش مخلصانہ وابستگی
synth_000177.png,مکہرب چاؤں چاؤں مقام پاکر
synth_000178.png,مقدم اندراج زیر کاشت اقرائی
synth_000179.png,ماضیت حامی جھانوڑا انکار کرنا عزبہ پرتباسن جھلملاتے پتھریلے وردان
synth_000180.png,شاریہ ریش بچہ حساب کرنا
synth_000181.png,عصمت داری سفر کردہ فتنہ زا تین روزہ زندگی اہمیت رکھنا سلاتے نسبت تماثل ٹکاتے برج بھاشا
synth_000182.png,ڈیسنٹ ارسال نامہ چونویں گون گیرا سندا جیتویا عمل مست
synth_000183.png,مراتی سمت نما گلائیاں ندھ دکھ کا مارا بے چین چھلیداریاں
synth_000184.png,کرہائی چرمینہ چرپوٹا کونتیں استھرتائی موقع پدکڑیاں
synth_000185.png,سیمپا اردن مرینہ بعث ثانی مجموعہ آوری
synth_000186.png,ہائے کرنا مآثم جنگی اڑراتیں مذخوریت کشیش مبدعی درشنا پاساہے
synth_000187.png,جولہ برخے ٹکھٹی انظلام عین عین رجائی اچھل کود رال اٹھائیں
synth_000188.png,مہر دار انگوٹھی کرلیتی پردۂ ظاہر سیلز انسپکشن دھیرکیاں عرصہ دراز
synth_000189.png,لینڈ لارڈ صہب جادو کا ڈنڈا معاہدے نوگرہ کا پھیر میجک لینٹرن نکھا نکھی موا ہوا مبندق
synth_000190.png,پیار دلار معاشیق چڑھا اتری شہادت شخصی بہانہ نظم سفید بھوت وارتا نمدا
synth_000191.png,لانبے تعضیہ بھوکنا لویڈر غشمشمیاں
synth_000192.png,نفرت کی خلیج خود سرزنشی نیلا گگن مدنیتیں واری جانا اٹھیل مذہب کشی
synth_000193.png,ببیک بگڑتے نابخرد مشکاۃ چو مغزا خرق عادت النگا جہاں تابوں
synth_000194.png,بشرہ دار سرکولیشن مطلق انا مشترک بولی
synth_000195.png,حوالہ نامہ وفاداری معیشت کی دوڑ
synth_000196.png,بھرنگیں گودھڑ جھانکتے چینہ معاجم مہدی قرشی طفلگی سکھلاتیں
synth_000197.png,دونا پیش خدمت چٹکیوں موافقت تامہ کھینچ تان کر تھرکنے شعبدوں شرشر
synth_000198.png,عذابین پگھلتے راکعات ثبت شدہ جوہرینہ بڑی شے ٹانچن
synth_000199.png,لاؤنی محفہ برونی
synth_000200.png,خاکسی دربر مسیح الملک چفتیاں زیب داستان تیغ جفا رباعہ جھلوائی سست گام
synth_000201.png,کوما گنبدے در معدنی مادہ پاکواڑی کنٹ
synth_000202.png,بری الذمہ فکشنی مہر بہ لب
synth_000203.png,نافۂ تاتار گولڈ مائن بڑکنی جان بوجھ کر قلفہ بڑے صاحب
synth_000204.png,چٹخایا مجلس نویس جرت کنشتے ہکلا دماغی عیاشی جزم نو بنو
synth_000205.png,حمیدہ فرو خلیطی خضر آمیز لتھیڑتیں سائیٹ محبت بھری نگاہ
synth_000206.png,ذہبی کنج پتا ضعیف جامنی فردوسیں
synth_000207.png,خولوں گہر ریز حکمی داغ دہ مایدہ کیڈٹ اوڑھن اقلاب
synth_000208.png,گڑبڑ کر شوریدہ خاطر روشنی کی موج گن گن کر ندھنی الفاظ پیر تسمہ پا کشتئ دخانی
synth_000209.png,سوزنیوں نائیک غنبر ٹروٹ بچھڑی بد یقین
synth_000210.png,پوروش پارینا رسمین متخرق جیدہ قبالے
synth_000211.png,جلوہ کناں معنوی رشتہ چومصرعی کھیم تقی قیسانیہ
synth_000212.png,شہوت انگیزی وضو سپین
synth_000213.png,علم ربانی منفی برق پارہ نرماتیں
synth_000214.png,لوٹتے گھر پنساری قبطیات دھواں دھواں خرار پیرارا چوسرہ پاپبندی پیسابھر
synth_000215.png,تبریدی عمل مٹھو چاہیئے
synth_000216.png,ہدیاہٹ مراد بخش ایسٹد ایکڑ
synth_000217.png,پر طاؤس عرابچی ژولیدہ مکر ابخرے تلوار بندھن نموم جوامع
synth_000218.png,میٹھا گھیا مطبوعوں اکثوث میر منش بابریاں گل رخ کہاتھا ذرافہ مشرقی زبر جد
synth_000219.png,چاندنی زدہ ولندیزی کمنہ طنف ردا تھکا ماندہ جروح
synth_000220.png,مبہوت کھاپٹی مضموں جیونتی راش کی دکان
synth_000221.png,اکرتا انہراف کرنا جگمگاتیں
synth_000222.png,ٹڈوں حرکات شنیعہ چونچی جھنکارہ لٹائیے قومی یکجہتی خط سرو
synth_000223.png,غیوبتیں مانوی چرمی جلد چلیے ڈلکنا پڑہ کیمبرج فارسیہ
synth_000224.png,لہکارنا تمکین ندولا ہرش فنانس بلز
synth_000225.png,شکر دانی گھل گھل کر گھر رویا سامترائیاں بات کا چھینٹا ہرایک
synth_000226.png,من موج حدیث معضل سنوائیں الپتی گند آدمی تناد دھکا دھکی
synth_000227.png,نرگندھ حق پسند ناگواریت رسدییں نام کا نام
synth_000228.png,جھاگوں چپڑاسی رمیزہ کھپتیں لقندرا پس ماندہ چھٹیو ملاعبتی
synth_000229.png,ڈٹا مثاب کفایت کار مردار خور شور خوردہ پورن اوتار
synth_000230.png,کھجاتے غیر شریفانہ زینوں غنچۂ خاطر عفیف
synth_000231.png,پلاتی مختل الدماغ کھوکھلی ضابطہ پسندی عصار
synth_000232.png,کرمکوں ممیا ساس مکاتبات مجونیت حبل شوکی علوین اٹھتالیسواں عشمہ
synth_000233.png,شامیانوں پسیجو رگ گلو رحل کالی منڈی صدفی
synth_000234.png,ہوس کیشی سلفچیاں سنچراؤں
synth_000235.png,سدھری بادہء سرجوش تشریحی نباتیہ
synth_000236.png,جھانجریں آنکھوں کے پردوں کمینوں
synth_000237.png,پروپاگندا پرۂ بینی راقی جڑ عسفانیہ لامکان عدہ بخلا تب تک
synth_000238.png,انفع درشت گفتاری نرم آہنگی درکانی انذار مہا برہم پھپھییں دوڑ دھوپ
synth_000239.png,غیر جمہوری گرفتہ خاطر تلملاؤں
synth_000240.png,کرنٹ چھوتی پھنکواتا جوتھالیاں چاندلا پاے کوب
synth_000241.png,تودیعی لگتے خط سرطان ٹھونس ٹھونس کر شاہد بازاز دوپنا ادائیات ماہ حال غرض آلود
synth_000242.png,نائب الحکومت نقرئی گولی چوندھے لٹ تاجواؤ میرو تراکز
synth_000243.png,لزجیت سچوں آگہہ شرنگار منطقی ربط سرٹیفکٹ
synth_000244.png,فراخور ہانپائیاں گندہ بو اجتماع الماء فی النخ ششی
synth_000245.png,تھوبھیں پالیکیٹا فلاطینیوم
synth_000246.png,چار تن قابلیت اولی تھتھے غرض مندی معالجہ بالریاضت زمان زر پاشیوں جنیرہ
synth_000247.png,مقاسمت نخز مادینہ کمالت پرائزز کارنر زجاج
synth_000248.png,بھیش چھپ چھپاتا واجبات چہلواری مشاق بھنت گاجتا توام برآمدے
synth_000249.png,حسن خداداد خلودفی النار لٹوکری چکنا باس نہر النور تکمیل نامہ رعایتی
synth_000250.png,نیچ لوگ بالموں ٹرمینس جمہوری حکومت چوا چندن نحوست ماری ٹپنی
synth_000251.png,فوجی بھرتی اسنیپ مکنت سیٹلائٹ آفتابچیاں زبان بے زبانی
synth_000252.png,مجلس وزراء برسونہا کثیر الاضلاع بددیانتی بلوتا پربتی
synth_000253.png,دل کے میلوں جوگ کلا نسق یمانی مقتضائے طبع مندل کار ورتھ
synth_000254.png,کانپو جنوبی کوریا محنت
synth_000255.png,مٹک چٹک چیریں جتھیدار زنگیا آلسیوں اسہل غیر افادی
synth_000256.png,ڈرین پائپوں ممدودہ سبزیاں سپلائرز ٹی ٹوئنٹی محبت کی قینچی
synth_000257.png,توسع ام الامراض نزول ماء ارتباعا
synth_000258.png,تصدیقی دستخط امکانی نے ریز
synth_000259.png,اڑتا ہوا مینجائیاں نکتہء بعدالوقوع سردھاؤں کاڑھیں زادلہ بانہیں جھوسا
synth_000260.png,گٹھ کٹی قیافہ شناسی گھبراہٹ لاعلاج سسکنا فددیت جی کا غبار چگائے زمانی عمر
synth_000261.png,بدوی کچی پاس درشیہ نقابت کٹھالیاں
synth_000262.png,مناقب چھونڈوں قہر یار ندامت شعار ناس کی چٹکی
synth_000263.png,دو دو ہاتھ کاسے پردے کی دیوار سمندری بوٹی سائکل فالودوں
synth_000264.png,کیبلز ناکسی ندری
synth_000265.png,سیہ خال رزمگاہیں لکھنا پڑھنا بھورلوک
synth_000266.png,ڈھیا ڈھکیل دھپائے باتھ ٹب
synth_000267.png,اوحد بچھایا دھاڑتا ہچکچاہٹیں کھسوٹ کر زائد النور پشتیر رواج مرتسمہ
synth_000268.png,روٹیاں دھور تھتکارنی
synth_000269.png,رشتدار مگدھا پنا سلم کنکشنی لاڈلے عالم ظاہر منازل پانی کے نقاش
synth_000270.png,مستویات چنگیری پہٹا پانڈ تری
synth_000271.png,معوق قبول صورت نبھل اکلوتیاں
synth_000272.png,شرناقی کوراتیں ہزاری عمر
synth_000273.png,ذکر کامل لکاتی سبک عنان من بھائی
synth_000274.png,ماہیت واحدہ شاہد پرستی پچھلوں پکڑواؤ ٹیری اول خوش گمانی مذاہب
synth_000275.png,کفکی پچھ تالو دو سوئی کرامیہ بحری چھنچھنائے امیل بکتر
synth_000276.png,جھانجھرا سجافہ بقیہ حفیف ابناء زخمہ زن
synth_000277.png,پنگلیں پچتر ارتدادیت
synth_000278.png,نان وائیلنس اجلی طبیعیت ارمغاں چینک ضمضمیت ڈھیلم عرہون
synth_000279.png,نمتا دل بستگان تلخی نزع ترسا چھولا حرونی سمندری بوٹی دہندگان چھکا چھک
synth_000280.png,مہ نخشب بھوجنگا مفصلہ نائیٹرس آکسائڈ ٹھونگیں
synth_000281.png,بھڑاس الکوحلی تختہ مزار نا فطری ممدوحات
synth_000282.png,باندی ابوجہل دالان بہت اچھا پیم نوادر نگاری
synth_000283.png,تراپا چہلدرییاں اپارٹمنٹس سبق آموزی رومی گرام پروفیشنسی صدرالنسا اگائیاں
synth_000284.png,کیوی امربالمعروف دل حزین قرض گیروں ارتجاج رمنتہ ہون
synth_000285.png,غیں خط زلف عروس گاؤں
synth_000286.png,مورچھنا کتب فروشی لیما منعقد اللسان جھنگلیا بھنڈارے پیٹرنز محالف بازار کی مٹھائی
synth_000287.png,بھبکیوں متشاکل مگس طینت لنگڑاتی
synth_000288.png,وٹ پکڑوائی سانپنی مرفوع منقطع کوتوالی چبوترا مقصد حیات نندکا دوشیزگی ہمہ دانی
synth_000289.png,غزالان حرم سٹال بڑا کھانا بھینٹ ملاقات شیذر حکومت خودمختاری من رومی حکیم موسمی تتلی
synth_000290.png,تجلیات آنکھیں فورمز
synth_000291.png,صاحبزادوں تعدیدی جنتے تاریخ ہستی دکھاووں نمونیا ورنہ کڑکڑاؤں کوڈ لور آئل
synth_000292.png,تباکوؤں مرجیونا کونسل خانہ
synth_000293.png,لعنتی منکدر احتجاجا عنبر شمامہ نبودا موتیا کا جالا بیوی
synth_000294.png,خیزت مناسبت نامہ خیرامت جھلنا شیطانیاں فتنہ انگیزیاں شیروانیاں
synth_000295.png,خوردن نوحہ سینہ زنی طاقیہ
synth_000296.png,بھرواسا مسٹرس سیاحی سٹلو پھکڑ پن ذوات ناطقہ
synth_000297.png,فرید العصر آگموں مکعبی لیڈی ہملٹن
synth_000298.png,مارکوئیس نمدگر جچا فاطمی مہر لاعلاج رب الودود
synth_000299.png,مہر دہاں قیصریت عمود وار پگرکھی
synth_000300.png,طومار مٹانے مصیبت کا مارا توکلت علی اللہ گئے گزرے زمانے میں راندھنا
synth_000301.png,ٹیپ ریکارڈ روح آسورہ نکاح مؤقت
synth_000302.png,ناعاقبت اندیشی پیش کف پا جھمکارا فردکش سندھی بھٹا سیدھا سا دھا حکمت مدنی نطق آزمائی ملامتیں
synth_000303.png,پشاچی ہارو میرزا یانہ ڈھسلی چرباکی نرناتھ کروڑ روپے کی بات
synth_000304.png,کابد بیچتی تمطیطی سڑائیاں مرض ازرق خود آرا اڑرا کینال
synth_000305.png,نمبر دو کا پیسہ تقلیب خندہ آور اتصاف تری شتر سرخ زنبور خانہ چمکاروں چپکنا کھتیاؤ
synth_000306.png,موم کپڑا پاترو یار پیوستگیاں حضور والا
synth_000307.png,تفضیلیہ غزل خواں نخل بندی تا بہ قیامت تکلیاں جھڑجھڑائے
synth_000308.png,ٹو بامرغابی رمادی چکیا پنڈیاں محکمۂ صحت
synth_000309.png,ٹاپی قیام بشارالاسد فاشرا اڑیں تڑپانا
synth_000310.png,تمطیط خلق اللہ سوانح چوپڑ باز درخور اعتنا کنڈنسر خرمہرہ لہسن
synth_000311.png,نا احسان مندی دو گزا دوڑاکے ننگا سر
synth_000312.png,رائص وضع داری نلانا مور پنکھی آنجھو رہی سہی رفاقتیں طعام کلاں
synth_000313.png,کائے دڑبڑاؤ مطالعہ کائنات
synth_000314.png,توہمات شعوری ہدف پڑوسیو چہار اقران قدام موخوم
synth_000315.png,محو غم مدینۃ السلام ٹھادر
synth_000316.png,یکسو بیٹریوں جوان العمر قتلی تھلتھل سلام و علیکم فصحت
synth_000317.png,جھپٹ چمگدرا موجودات عینیہ نرمک جھاڑ کا کانٹا
synth_000318.png,پٹولا کاردان دجن کوڑی پیسہ
synth_000319.png,جھومنگیں دڑکتے قرطاس غلط بردار ویرانہ نشین باز یابی
synth_000320.png,جکاونت ذلیل النسبی منفاص کھیل اوپاڑ چاہیئں پھٹنا
synth_000321.png,نیلا تال پچھلے پہروں خورسندگی بہبودی گتزیب المحصی
synth_000322.png,ضمیردار زینت کارٹونز
synth_000323.png,ٹکسالوں گجریلے پھپکیں کمشنریوں چمگادڑوں توفیقی گندھارا آرٹ تپاون شیخی باز
synth_000324.png,اٹنگی نگینے کفرستانیت زخار نعمت تعزز سپلکی غواص جہاز ام البلاد
synth_000325.png,تار کی خبر نکرشٹ تھتھکاری سسکے روحیل
synth_000326.png,نقش کہن خوان خلیلی جھمگٹ رقیق القلب رمبھانا بد بل گل اناری مدح سرا
synth_000327.png,خوشحال لزومیات عکف عقلیہ گندھتیں شہزور چوراگا
synth_000328.png,نانک پنتھی بد اساس طحالی جبن جنس لطیف سکھپال حب کا تعویذ لب کشا سپن
synth_000329.png,گھاگرے شیشہ دل نتارائیاں مقربہ
synth_000330.png,تحکیمات میوکر چونکیو طریقۂ کار معذرت خواہانہ ٹملے پچوترا لونگ پشت
synth_000331.png,ٹھنتے مساوی الاضلاع بردیھی ڈھلائیاں مہایاۃ زاہیات نلوانا روپ بہروپ
synth_000332.png,عاہد مباءیعت کلفت دیرینہ گھر ہنسائی جلندری
synth_000333.png,ایرن اکڑ باز تسما ٹھکرا اردوویب جابرین ختم الرسل نگہت گل
synth_000334.png,رخامیہ جمہ فرائیڈ خدمت گاری ضدیں تخت گہ
synth_000335.png,مغلم خنک دل باد آورد
synth_000336.png,سرد الماری نقلمی تجذیم تراشنی آرا رکوض پرکریاؤ بھنبوا
synth_000337.png,چڑھوں نینی ابوئین ابتلائیں
synth_000338.png,نصرت موعودہ جناحو پریجٹ بنی غیر مرسل ساہنیں منشی زادہ تاگا تعززین تعنت
synth_000339.png,جگہ بنانا منزل گزیں جنگ آرا جہاں نوردیوں بلبلاؤں
synth_000340.png,خلتی نکیلا پن مدریاں رکابوں حق ناحق ناوابستگی نہیوڑانا زاد آخرت
synth_000341.png,ثقلی قاعدہ یوحنا منفعت مدنی تنظیم
synth_000342.png,جھنکڑ جھنکڑ سپیا طبل بیل سڈاج کورنشات عداوت افتادیت فخری
synth_000343.png,چلچراغ دھرپتیا موٹا سا غزیں باغ شداد سلما ساز پھٹا دودھ
synth_000344.png,پیغارہ بوایلر چہچہاتیں اجڈ پن
synth_000345.png,مواسا گرمیء ناپ نشا مضطرب روح
synth_000346.png,بچھیا ارمان ہٹنا بطیہ اخلاف شعلہ وش ریشمی آواز اوروں بدشعار
synth_000347.png,پیپر چیس نحوستوں نظام معاشیات مینجتیں بھیگیو
synth_000348.png,فیض النسا بھوجنہ چندا خانی
synth_000349.png,لوبھ مولانا ہنہناؤں بزاخفش فیملی بیک گراؤنڈ نپٹانتیں سلامی نما
synth_000350.png,نوبتی وقت تکلفات دربار ٹرمز
synth_000351.png,درویش خصلت تہ دلی احدیت جھؤ اجاڑتی خلائی پمپ پھیکی محرف تحریر
synth_000352.png,جبھا شیشۂ منشور تھماتے الجھاؤ ماسوں
synth_000353.png,برضا و رغبت شلائین گڑ بھرکس پھیلنے ٹنکور چمکیں
synth_000354.png,گرانیاں خود کاشتہ معاملہ گوئی خاو سےبھی تعلیق
synth_000355.png,چقندر سا آشبہ اڈوں احباب سودھے اکڑتے پراپیگنڈے مصالحوں
synth_000356.png,انجم شناس کوبل نزیر زیر نگرانی
synth_000357.png,لابھ صدمۂ واصلہ بھن گلوگیری مفرطانہ تہ جرعہ
synth_000358.png,چوٹٹی اکٹھے میرے بلنگتیں
synth_000359.png,قائم شدہ لونگ چڑا تابندگی کودار ٹپسٹریاں ابتدائی عدالت معدنی پیداوار راہرو عمیرہ
synth_000360.png,پارسلز معتذر پھلکے ذو حوافر
synth_000361.png,نالۂ تندر اصابت سدیل
synth_000362.png,آرڈرز مقیدی فلیگی تفتیش رطب النسان
synth_000363.png,بد گہر جھیسی طواف تحویل امانتی اچھوت پیدائشی سجاوٹیں
synth_000364.png,بیٹیوں گہراتا تربھنگ چاہپل جنہ مڑکی
synth_000365.png,برانوے نور خداوندی جلوکڑا سسر عنادا شرکت مشاعی قروت
synth_000366.png,ٹرائلرز صفحین سراہیں بکھرنا رد ونتی
synth_000367.png,خاثرہ تقسیمی خلق عظیم
synth_000368.png,ناتی تیرہ دماغی ڈیتھ مست رنداں
synth_000369.png,شوکرانی تہنیت نامہ تبیض خباثتوں فرودہ اولنگنا
synth_000370.png,تجرباتی سڑاؤ مرغیاں مکھری
synth_000371.png,دراوڑی المیوں مے ء ارغوانی ٹانگ کان کپاتر
synth_000372.png,تعاقب کرنا جھنکاڑ تیغ فلک اجنہ بر جوگ زندان گزیدہ
synth_000373.png,میر منش مفاصل بیری ہاضم ہنسلیوں شترہ بگٹی اسوج برماؤ
synth_000374.png,جریدہ تحاشا لیزر ثانوی خانے اپرا ٹیلوا اے بی سی ڈی خوش لگامی گودبیلیں
synth_000375.png,الحانیاں منزل ہستی نفسیاتی ماہر دبکلا مرحبی رہنے والا
synth_000376.png,نیک ساعت حرف ندا انترچھال سوٹ غرقاب
synth_000377.png,پسہی بدپشما تاشوں طوائچی منشور گرامی جھائیاں نزول غمام
synth_000378.png,کروڑہا استقرار حق مندمل مستفی
synth_000379.png,پوشاک خوابی مجزوم گجرییں چار آدمی لاڈلا موجو صحارا دل کا ٹکڑا اعصاب شرکیہ
synth_000380.png,الجبرا ظاہر فروشی بحر قریب پراٹسٹنٹ
synth_000381.png,خرجال تشدیدی سپیر ویل سمپت
synth_000382.png,بامنا زربکف گوڑھلے موجود مطلق مرشحات دراز اندیشہ دریائی مٹی سرینا قوائمی
synth_000383.png,مدھانی گردن مینا کیچڑ کی اینٹ
synth_000384.png,پھرتی کرامت فکر استدلالی دروغا
synth_000385.png,بانو سدوسی زدنی
synth_000386.png,آبتین لیمبو رتوندھیاں جلستان متصوفانہ اشعار دشت بان
synth_000387.png,حدیث عالی ہوائی جہاز جھڑجھڑا
synth_000388.png,مصور بچرو مقادیر مجہولہ مکسوب ہندوستان تصفیہ قلب مانیے فددیت لترے
synth_000389.png,نوکر چاکر پٹیز قلنبیقی درجوں کہسا مرگانگ زور کا یاہاں
synth_000390.png,غبن فاحش جتھیدار دشواری آزردگیوں گندھکیں
synth_000391.png,دمدار تارہ قورمے زمانہ شناس
synth_000392.png,لہو کا پیاسا بھم سفید لباسی محروم الارث
synth_000393.png,تانگوں مالکانہ وائیں اجاڑے شک کرنا روح انسانی سکھر بغل پروردہ
synth_000394.png,تلکمی آردین ایجنسیاں منہ پر نک سے سک تک نسار خود آرا نبی مجتبی پھلاہار
synth_000395.png,مقسو کا لکھا تصیف پشوازی گھروندا سائےنڈبکس خط قبولیت ویڈ
synth_000396.png,استواؤں قہاریتاں شریعتوں تفنگی سوراخ بژوال
synth_000397.png,خس کا جھونپڑا بگڑا مریض کلاونٹی تحیا مباراتی پنڈ
synth_000398.png,خمسہء متحیرہ نواقل خانہ کرایہ باز دائر تصویر خیالی لہنگے رعونتوں دھوتیاں
synth_000399.png,کبتی شکار مردہ ظلہ غنائی کیف سفاک ترتیہ پراکرتی ایوانوں مٹائے
synth_000400.png,مسمود آلۂ کاروں نقد ین
synth_000401.png,پلومیں رامی ترف اعتکافی رمتی دارنگ عنب بھیم راج پرس وجو
synth_000402.png,مہارت کاملہ پرائی عورتوں پڈوا شوکران تجبیل کری ہڈی موت کی نیند دوخت معین مہینہ
synth_000403.png,نیچے کو اڑھتالیس شمشیر برہنہ نکھاد
synth_000404.png,شیریں لب گادر بر انوث حق انسانی
synth_000405.png,مجرا گاہ کجاوا نبی الہدی یوم الخمیس سامان خانہ کوس بدپیشہ مواکل
synth_000406.png,پرنلائے گندھارا آرٹ سرچارج پرپھلت غیر معمولیت بھوتو مکانی انتشائی
synth_000407.png,وزٹنگ دبی آواز سے خورد و کبیر روپ مخبری دیش جاڑیں اپدیشک نظام تکوین الدم بھنٹاؤں
synth_000408.png,حذاقت شب فراق لائلٹی بسولہ تارا میرا موج لہر کچوریوں مہاجنتر کنکری
synth_000409.png,ٹھاہ احترازا ہچکچانے چھترانی نسائیت توجیہی نتیجۃ
synth_000410.png,ہیرو ہاکنگ تشریحیں تقسیم نامہ کیسے تصفون عرصم
synth_000411.png,منشی پوپلی مسکراہٹ گمنا پرخیالیوں انقلاب پسند
synth_000412.png,جیلا میلانوٹک انگوٹھوں مکلف کمرہ لیجو سفت
synth_000413.png,مفتانی استکمالیہ مبادلہ ء خیالات فرسودہ لباس قابلزراعت
synth_000414.png,ترکب ساننے جوذر فاعلاتن نیر اصغر لال کتابوں صاحب الشرطہ نذر خدا تاکید دار
synth_000415.png,نادرا پوزیٹو چوکھا مقام قاب قو سین
synth_000416.png,خدمت گاروں برہم گھات قاحف چرخ بربخی میٹھی نیند جوہر قصوی چھوانے گرگین البہار
synth_000417.png,راہول بتلاؤ سکھار امریکانی ٹٹریاں ایگزیبشن مسلئہ راشن بندی ضد قلبی
synth_000418.png,مہ کامل ثیر اللہ لوگ سندا مفتخر روزگار پچھونتا نیک محضر
synth_000419.png,کنفرم مخلوط طریقہء تعلیم مجلدات خفتیں شتالا تبکیت عدسے
synth_000420.png,خط ہیلیم گنبد نیلگوں رہئے
synth_000421.png,رلایا شیمپوؤں ناقابل بیان چوال استنکارات ابلاغی پرشن جنبلیہ
synth_000422.png,ابراہم زہر بھرا سیبہ فصلی رجسٹر طائر نوگرفتار نظر سوز ملائمت مزاج مخترعات ٹھونگیں
synth_000423.png,فراغ دل چکوٹھ مہا پدم ہفت روزہ تعذیر آیا
synth_000424.png,عاق کردہ غیر سنجیدہ تلہتی پنجوریاں برشا مانمتیے طباقی للنوں
synth_000425.png,غیر مسلم دھجی حسن طلب چٹخارتیں سماتی باچا میگزین سیکشن لاؤنکیں
synth_000426.png,پہی غسلی شدھ نرکٹ مے گسارانہ موجبات انجذابیت ہتھیاؤ
synth_000427.png,زندگی بھر ڈھلوانوں پروڈکشنل مستانے چرمی جلد فاسفوریتیں دائیں کھدانا
synth_000428.png,پر گوشت جذبات انگیز شتابی
synth_000429.png,تاکیدا زند اسفل مرطیں زوط فلفلی نسلا در نسلا لیاقت دار مغضوبین
synth_000430.png,پارتتھیا تھرکیں پر سنتا بازار کا چلن ہربھجن
synth_000431.png,پیوسیاں تہسنا منتضد چیکٹا
synth_000432.png,حضیم جھاز راگا
synth_000433.png,ٹکٹس جی میں قطرے دلبر بھڑکتی پپیکائیں مؤثرہ
synth_000434.png,بجبجائیں آنٹا ٹانچڑا ضاحی روباہ خول گپت خدا کی بادشاہی
synth_000435.png,نواب نقیض باہمی میٹھی چتون نقطۂ گداخت
synth_000436.png,انوشکا ڈگر راقصہ
synth_000437.png,ڈبل جوڑا دھچکہ اسباغ آمنی سکسنا
synth_000438.png,جزائر تعفیت منطقی بحث چارواکیں یارسول
synth_000439.png,اکلوتیاں غیاف عمانیت
synth_000440.png,چھنیلیں مبادرہ نوائے خیر جوابدہ مثلثوں پکاؤ مستقل نہریں
synth_000441.png,میٹھی پھوار استعمالی سانے زیتوتیہ جمالیاتی ذوق روما اسٹاپ پریس یوم چانگیا
synth_000442.png,انفیکشنز مقرر کرنا شارستانی ڈھلکے ایس پی آر
synth_000443.png,استمرار ایدھی تکززیں نذر درگاہ نیم حکیم من میل ثنا گویاں کلغی
synth_000444.png,حنانی رعف ابوالآبا فتنہ انداز نشا مرکزہ تصغر چکمہ دار صاف دیدہ
synth_000445.png,تقادم چندری تھرکتا عاقبت اندیشی تویہ تل بھگا پیاو راس العلما رانج سفر
synth_000446.png,مسئلۂ بقا ناقصات العقل غزال خرچی
synth_000447.png,رندھانا پلڑیاں لگان سرسراتا آشوبیتیں احساس
synth_000448.png,گورننگ پھوسرا حرکیاتی تبزعا چندوی بگڑنی تصویر نیم رخ شارک اسکن ستھر ائے
synth_000449.png,پارچھاؤں ایک برن تش دردار اوجال
synth_000450.png,قبط نفخ تکفیر تراب الصیدا اکوڑیاں ابھاگنی جھر جھرانا دار ثواب لپٹاتی
synth_000451.png,شیرازہ بند تحمیقی مفتی بہ مثلث معکوس دندانہ سین توڑوں میرج ہال
synth_000452.png,منہ بولتی پریہوا نشکاس خود ملامتی توصیفی
synth_000453.png,خراشوں تغممات نخل عزا پنچول گریزیاں نک دلیل محکم ممیز نما مستجیر
synth_000454.png,پچڑی توشہ خانہ نان فطیری نگاہ پرورش اکڑتی بردے
synth_000455.png,چھوپائی گڑ گاڈریں
synth_000456.png,چھلانگ تراق نو دولتا پن سکاریں پنجیریاں محافظتی خلیہ منڈانے
synth_000457.png,باغ شداد اجرتیں خانہ باغ چبرچبر پتیت پھکے خندۂ ساغر
synth_000458.png,سمع نوازی لہذا طریقوں ایک پلک چرخ پوجا
synth_000459.png,ملگجا میٹھی سرمکھ بھوا ٹھوکروں نیم ایمان دارانہ گنوار سنوار وجود پانا
synth_000460.png,قصیدہ نگاری تھپکے پہی اساریر تعظم میٹھیاں
synth_000461.png,کم یاب آئنے تثویبیں فریبانہ چشم دردیدہ کیاست رماؤں
synth_000462.png,باشندہ زوجہء مطہرہ ٹلٹلائیں لینے کھوندے
synth_000463.png,ٹاکیز تٹالا ترن تارن زنا آسمان فر متفرق مقدمہ مرض شارکوت عندلیب
synth_000464.png,خلخالی پھرپھرایا جھونٹے کاٹی
synth_000465.png,ذوقان دکھیاری تیرہ رو مٹائیے ریسٹنگ
synth_000466.png,مباذرت تلونچیاں نثارا اکیل پن یاغفور ثلاثت ونگکمانڈر ٹکسٹائل مل
synth_000467.png,ڈالی ایزی چیر کور کا رندہ
synth_000468.png,چشم دام دستی قوت گھلاوٹیں دراب جرثومیات تغذیت
synth_000469.png,لاہا چاند سے منور نرگس ناز سڑائیے ضافرہ مہتمم حوالہ جات
synth_000470.png,جنگلے جھجکا ناگ چنچلاہٹ غیر منقولہ کلوزنیں
synth_000471.png,زاغ بندی ربئ اعظم روح ربانی علیحدگی پسند مجہول الشعور جنس خانہ دعائے توبہ چالو
synth_000472.png,مذبورین کیا کیا پلوکیں ہتا گلا پھاڑ پھاڑ کر نربھید ڈھاؤں عربی دان نصف الیل
synth_000473.png,اطیبہ مناظروں حاصریں
synth_000474.png,شہر آشوب خسارہ عروض نگار سہ مرغولہ
synth_000475.png,غرنیق رسموں کثیر الانواع امارات مسترشد ٹبھانا تعزیروں کہاں
synth_000476.png,سفتیاں چمیلی عشنا اگول منتروں موتاد
synth_000477.png,بازدید احمال تکرار سہمنا رزائت نیتن سائیکوپیڈیا معاندت
synth_000478.png,ورقہ دسیے بکسیے دڑبڑائیے درافی
synth_000479.png,نقصان رساں طلب گاریاں کچھا
synth_000480.png,ہزار داستان سیہ روزی آووں لگاتی
synth_000481.png,حول العین لتوں بائولر
synth_000482.png,گندوڑا کمپیوٹرز مسافر بردار بچھو کا بچہ قندیلیں چھٹکتے زرپیشگی دو دو باتیں چکوندیاں
synth_000483.png,نخل کرم خوروں کاتنا میٹھی ڈش
synth_000484.png,رکن ایماں لینن لہلہایا مسمسانا
synth_000485.png,ڈانٹنے پرنٹر کھیائے ابطا تڑانا محبت آمیز نیچی باڑ کی سماجتیں سوال الحضرتین
synth_000486.png,تولنے منہ سے منہ ملائے شاندے کبچلے عالم آب و گل اضحی
synth_000487.png,چغوں نیچر پسند پٹڑی اچھلیو غلط نمائی دیدہء تر لارول چوداسی بھیکڑ
synth_000488.png,کاشتکاروں ڈٹیے آہیں برگچہ روشنی دان رکبانہ نظری ہندسہ تفت رعیت نواز
synth_000489.png,حونقہ اشٹانگ ٹھٹھرن لیلی عذار انٹرٹینمنٹ تازہ دموں بڈھوں باشندگان
synth_000490.png,بنواؤ گولہ زنی سامعیت شتابہ نارنگیاں موج ریگ ویسے ہی
synth_000491.png,اروغ موسم بد تھولی پلائے ڈھنڈنا آپا
synth_000492.png,بچمنی مزکی چار ٹوک
synth_000493.png,فتیشہ تابین ظلوم و جہول نچاتیں منت مکتشفین المتخلص پرسپولس خالی خولی
synth_000494.png,مولڈس کشش حرف غربی جیو آتما غٹ مفطرات اثیری کورینا
synth_000495.png,آنکھ کی حیا گندھاری مڈل
synth_000496.png,مجردہ روٹس ناکردہ کار چنکارے
synth_000497.png,زلیخا سیدھی سڑک ذاکرہ تڑاءیا
synth_000498.png,باطلین کم خوار ٹیمپلیٹ کمزوری بڈال علیہ السلام بصرہ سہاؤں ترکال
synth_000499.png,لگے ہوؤں مز رعۂ آخرت جراحت کاری سرسراہٹ ترتیب تشحید عدلمیہ
synth_000500.png,پوکٹ وکالت نامہ تصدیق ہون لٹھپتیاں فضتی ہسٹری شیٹ
synth_000501.png,مصقل قطرب نقشۂ سالانہ خولہ آنڑ قتی سوں
synth_000502.png,مستندالرائے جوجھتیں لیزم پلانٹس پابر جائی
synth_000503.png,فصلی کوا پٹھنولی کنٹرول ٹاور تمتعات درکار بھیمڑے طیران پذیر جھوآ کالیاں
synth_000504.png,بھر بھابھی دلہن استری کرنا چرغد الواح ہائے گھن کھا کر نا برابر
synth_000505.png,شرم گاہوں کروبی کاپی پربندھ حرف ندبہ مطالعۂ فطرت موکدین
synth_000506.png,عمرانی تحریک جواز سفر پاسناؤ پیپڑا چمچا ہر دیگی تتتناہٹ مگھن مصارف دار
synth_000507.png,خوارج چور جیب جھونلی نیک کردار خراب و خستہ دل آویز گدھوں گداخت حاکی
synth_000508.png,زدو کشت پچ گنا سجیلہ
synth_000509.png,سرخ گرم اپلا رلو چٹیل مسکرانا
synth_000510.png,اکہرے اوزگر لطائف تعود چگنی ضابطے
synth_000511.png,گل بکاؤلی درانہ ملاحی ملکوتی سر مضحکہ کرنا ہڑجوڑا بھمبوؤ
synth_000512.png,چوکتے نائٹرو مراد دعوی مجودات
synth_000513.png,آگ لگانا پیگن جھلکورا نکھری نکھری خوئی سبک روح بھرکوٹے
synth_000514.png,دچا خاویہ مشترکہ وراثت تھون
synth_000515.png,لکھت ہار تولتے پنج تولہ پسریاں پسپائیاں روشن مزاج خشت تراش ناموس طبعی اسکاؤٹ
synth_000516.png,گواؤں خسک دانہ جوفیزیاں چنگل بھر
synth_000517.png,بامنا خود آرائی شبری دل گسستہ
synth_000518.png,استری پن عامل کار بےقرار ریچ وسلم پران ناتھ پنجاڑی
synth_000519.png,ناممکن الزوال جہان ہاڑی دماغ مقدم چمگادڑوں شورسینی خوش دشنام مثقوب ٹرنک کال
synth_000520.png,منگل دراویہ جناغ تماطل ارغن رخت سلامی چھتیسا پن
synth_000521.png,ترس ناک دسیں پروگریسو انیت ڈرائنگ بورڈ چارواکات تھراپی
synth_000522.png,جلتی بلتی دھوپ کانپتے آرام پال نمکہ چھاپا تلک نسیا منسیا معمول سے اچل
synth_000523.png,پنسوہیاں منالہ مداوات ید بیضا گٹھانی ترونا نغمہ داؤد جواز سفر سیٹی باز
synth_000524.png,بیجوں عالی جاہ کرپشن ناشمردہ شب رو دھماریں آواز کا پلا آہنابی گھرانوں
synth_000525.png,مقدمۂ کبری رعایتی قیمت قصبہ
synth_000526.png,حیرت التیام نفرت ہم سن
synth_000527.png,ڈیفائن نظام مصطفی گانستا مطا طارقہ مہارت نامہ رسانیاں نباتاتی گھی کنکڑی
synth_000528.png,کھلاون کوڑی زقن پوتلی سینتیس فلائنگ
synth_000529.png,جھاڑیے تھیا سبقت وائلٹ خصوصی کرو تشریک رہبر کامل چشم دل
synth_000530.png,کنائیاں باداموں خزانۂ غیبی موروثیہ آنے تجاوڈات حاصریں پراوٹھا نوراؤں
synth_000531.png,زناؤں معیار بندی بھوکا ٹوٹا انوپان منقرض
synth_000532.png,چکھوتی عرقوہ بتائی درمی پھولوں کی ٹوکری نکتہء سربستہ اتنا اتنا کچھ رجس
synth_000533.png,چمچہ چوٹی کا سجھا
synth_000534.png,سلفائڈ آئینہ داروں خاک پا تادم واپسیں طاقچہ
synth_000535.png,مکتوب نویسی ناآسودگی ہنسا راگول چٹکیوں ارابہ بلسنا تبصری
synth_000536.png,محکمہ آثار قدیمہ محل خاص طبانچہ سادھیے ذخیرہ اندوزی ٹمٹماتی میکنٹاش فیلڈ مرتبان
synth_000537.png,نادر مثال چر کال تلاحی کھرنڈ
synth_000538.png,متحدا تھاما چوالاؤ شب بخیر کاسہ ء سر
synth_000539.png,کیمیاوی پوئیوں سنگین متبخر ٹھور بے ٹھور ٹیبلٹ
synth_000540.png,شب زادہ بعث اموات منزل فیل
synth_000541.png,قسوس ناک رگڑے کا بچہ مراغہ چوکھا رنگ ڈھیتے ابھروں شمشیر رانی سڑاتیں عسول
synth_000542.png,متوالی بھبھوکا کوپن دفالچیا پرچہ الماس قذفنیہ مرتبۂ امکاں زخرفات
synth_000543.png,دھونس آمیز پیش بینی رامق سرمایہ دار سندیاں شکتی رلوں سبات
synth_000544.png,مرنڈہ خاطر زار تلاملی تہمد بھنڈیاں پھسلاہٹ آگ کا پتلا کجری اٹھوائیاں
synth_000545.png,قزاقانہ پھروہی گوشہ دار ضمرہ پکھوڑا دندانہ سین چنبل
synth_000546.png,گڑ گڑا جرار باسوری چھپنویں
synth_000547.png,امبیاں چار بیخ محفل سوگ مچلکے درز توڑ ٹکر روک تیر
synth_000548.png,ابر کوہسار اجلواز روشنائیاں مملکت متحدہ برطانیہ گیاتھا تصبین لمبزی مشائخ طریقت
synth_000549.png,شقاقلے سطیحی صاحب الحمار پرالک مجازی پہلو مطبوع طبع دو راع
synth_000550.png,نزل مفاہمت پسندیت مضائق میر میدان
synth_000551.png,گلو گیر آواز جماعتہ گوہر مراند ساٹنوں
synth_000552.png,سرکاری مراسلے کوہانیں ننگی بوچی مناظری ذکات اختیاری حالت رفعی حسات پرخاش جوئی ابھرے
synth_000553.png,جوز چوہیا ڈھارا قسوس پٹواریو فاروق اعظم
synth_000554.png,گردہ مشین اہلیت مہر نبوت تزلزل خطۂ سرطان بداقبال ریزہ کاری سینیٹ پرچھٹی
synth_000555.png,مارچ پاسٹ شراب کا پھندا مسند فن مسعود منزل کھوٹی کرنسی کگاریاں شب تاب مجسٹریٹوں
synth_000556.png,مدرسۂ ثانوی راسخ العزم گڑنگ
synth_000557.png,للدت چمچمائی پپڑیلا وارث صلبی بھنڈارخانہ
synth_000558.png,پاربندر حاجت گاہ خوش ترکیب ماہرانہ نشہ و شہ
synth_000559.png,خضرتی مجدد الف ثانی سانڈا
synth_000560.png,عملاتی شہوت انگیزی مکرنا صدمہ نیمہ آستین مشک بلاؤ ہوشنگ چکھاتے
synth_000561.png,دو دھارا اشتت جامد سرطان
synth_000562.png,خود کلامی مہا دنت تعلیمی ادارے تربوزے
synth_000563.png,بازندگی اعوجاج مہا بھارت چھنچھنایا بہک تفتگی شغیف
synth_000564.png,موسیقی نوازی فہ سبب سے سپرمز عبوری دور نیر کنیا جاں بازی جمبالے
synth_000565.png,مرگلے للچاہٹ پرپشٹاؤ
synth_000566.png,کلیشے نیم گفتہ جوٹھی کانپنا دستوری حکومت
synth_000567.png,چھلی فریب ڈگر ڈگر فیتا نما محض بے وقوفی پنجالی کاپٹر
synth_000568.png,فنگر مطالعہ بازی ناپکار شرابورے خاروں فرغنہ
synth_000569.png,جڑت مجرفین عریض الورق پتھیں ڈھوسر ابر باراں پھاہے
synth_000570.png,نمبر عیاذ ستھرے
synth_000571.png,دھرنگا ناواقف کاری کھٹ سال نویں مکان و زماں
synth_000572.png,موسومہ ملک سلیماں زلزلہ پیما شلوار بھوشیت وکنا نصد سلول چوکی نویس
synth_000573.png,ڈرینیج شیطان کا بندہ ناگزیری دھانوؤ بلبلایا دمکیے جکھولے علاجات
synth_000574.png,ٹرائلوں صلاحیت ماب پھتر دھاتی موصل لاعبانہ استفناحیت حلقہ مدور
synth_000575.png,دولت والا تعدیلی مادیت عادس
synth_000576.png,نکاح دیوانی ابدا سدھرائیاں تبعر حضضی ادھاریا پھنسایا زابلات
synth_000577.png,پیراگوئے مغربی تہذیب پاراسل آئی لینڈز الگ لکھنؤا
synth_000578.png,شہ دیں موڑنا بوسنیا
synth_000579.png,سگاروں منتر گپت احتیاطا تیواجیں
synth_000580.png,نیب کولی سپاس نامہ امپورٹ راصدین ٹیریر تخلیق چکیدن رنگین عینک پرتے
synth_000581.png,خدائی فوج اٹھلانی کمربند چکھاتا تیکھیاں
synth_000582.png,غیر مصدقہ راس نشین مسلسل بادخواں زاہری توشہ سرکنے نواسے
synth_000583.png,طالع آزما ہلال تہجنی مکلفین
synth_000584.png,گیت کار پروردہ حیلہ گر
synth_000585.png,خبر لینے والا پیمانہ تجسیمی مبحوث
synth_000586.png,حکم برداری ڈیوک تلمیحیں جانچے پچتانے
synth_000587.png,محفل میلاد نکبت نشاں دینی تعلیمات اسلیت ملفوظ اللسان مسام جوق
synth_000588.png,نپٹانی کھلا کھلا غذائیت کردے پکا بال دھو دھو
synth_000589.png,لسائی پتق طائر بام کوٹیشنیں خرچنا
synth_000590.png,وشیکہ غصب کر نا شمشیر رانی کداؤ
synth_000591.png,چترال مماکھی دوست پروری
synth_000592.png,مصحف داری سلجھائیاں لاغر برر کانا موت کی بازی دھوبی سوڈا چھنگڑ پیارو
synth_000593.png,لتریاں ناقوتی لب بندی تنخمیں ترریے
synth_000594.png,جفتی دفتری طریقۂ کار الوسن رحلتی تلذز پونی دہریے تریان الھجتے
synth_000595.png,یے شاستر ایلیاں مطلق وکالت نامہ زلق بنیادی پتھر احواد
synth_000596.png,بھوچکے پبلش بدلنے مسند درس و تدریس کھتیاتی نخل بند دوجہاں معذرت خواہانہ بجھتیں شکست دینا
synth_000597.png,فرمانبرداری بھنبنی ریفریجریٹر چڑی باز ترقی معکوس تصویبی ستودہ ڈرامیٹسٹ منکسرالمزاجی
synth_000598.png,سکریٹری شب گل آرائی دفینا کھدیڑ کھجلاتیں نجی ملکیت تقریظ نگار
synth_000599.png,نفیر زن تفرقہ زا خود نویسی دلبہار کمپارٹمنٹ کا امتحان میل کوچ چاوسات ماہی پشت
synth_000600.png,نیت خیر مذعوفات قریب الانہدام کمپنیوں لف و نثر غمیر مرتب مغفور ناچنے
synth_000601.png,سمجھوتہ کیمیائی مرکبات کشتہ رگ رگ مقدور بھر کمی سینگڑی
synth_000602.png,مہا راشٹری آئڈیلسٹ انتزاعی عجائبات اردھ چٹکائے
synth_000603.png,فاصلہ زنانہ رہیو
synth_000604.png,طاقیں کوسنا چند رس کچوئی گلائیکوجن گلگلہ حیران و سرگرداں تداخل فصلین انوق
synth_000605.png,جھر پانی شوکت الحائک معاش ہادم
synth_000606.png,فاشیت تجہیز و تکفین گل نو رنگ میت کی نماز گرینڈر
synth_000607.png,لفاظیوں پنچات دبیب پچکڑیں گٹی تراڑو فاطر السموات انقباسی
synth_000608.png,باموں مارجیں محو غم دوش نواگری ندم تیر ہوائی سازرہ اجتماع الماء فی النخ مندلا
synth_000609.png,اوڑھتی قینہ کاہن گاورسیں حسام لوجیں چار ابرو
synth_000610.png,مٹاؤں نیچرلزم گونداز
synth_000611.png,علامیہ مڑوڑیں حرارت گیر جنازا خوان مانجھی بہادر
synth_000612.png,ایمی ٹیشنل کلکانا مہمل نویسی شفاہی بیڑے مہر گیا پیکیج نوبر
synth_000613.png,کھلیاں راجا بھوج پچتری مکر زناں گلناری رنگ ذکر بالاخفا
synth_000614.png,شکی مزاج نماز دیگر لذت یاب
synth_000615.png,نبض عریض نظام فیثا غورثی مضحک طور پر محکمۂ عسکری حسابات دھپاتی لافظہ مجلس وزرا اصغر
synth_000616.png,نہنگانہ حالت اضافت نگاہ تیز اکاسائیں سراوگ
synth_000617.png,تئیس توبہ توبہ کرک باغ بہشت سنگتیں
synth_000618.png,مجانی تنور چڑیا فسوق
synth_000619.png,لینس رواسن کاشعی
synth_000620.png,چھلچھلانا شتال کم بخت پنکچر جھپنکیں استخوان بند ملاحت بھری
synth_000621.png,بدایتیں عبرانی آمیز راہنمائی صدوقہ
synth_000622.png,ابر بہمن بستر مرگ مود صدیقہ مسرع اعصاب تلوینیں استعلان عویدص
synth_000623.png,چشمہ نیلوفری تسمہ بازی قزحیاں پوسیری ڈرافٹس تالیف قلب
synth_000624.png,ٹھانٹھا کھٹنا اسم معاوضہ اوراپنے سپرم چینک فساخین
synth_000625.png,خانہ دار استخفافی محروب مدیمیت مرغ بسمل فراہمیوں
synth_000626.png,براتیں شب باز موبد اعظم الحاقی کوڑیالا
synth_000627.png,متنافی مویہبہ جھابا تافتاں
synth_000628.png,سالہا سال نربان سماجی تنقید گندہ دماغ حمدل نفسا نفسی قانونی شادی لڑبڑاؤ
synth_000629.png,رلنا جھل گیان کج راہی
synth_000630.png,چھنر جوڑا جنگوڑا نماز دگر حاسب گانڈل
synth_000631.png,ککمی ڈونٹ تھوڑا بہت
synth_000632.png,حاضری کا رجسٹر الحانیاں قچقاری نبیخ نان شبینہ جو فرصت میں نیت ضبہ حلزون
synth_000633.png,دوبھکی اعلا شہبازیت گراں گیر
synth_000634.png,ستنتری اعصابیات مستقلا بھونداریاں
synth_000635.png,پتولیاں مقام پاکر دو رکابہ موت کا ڈھلکا پھاندتی پرسمائڈ جھانجیر
synth_000636.png,ام الاولاد ناشدہ ادھیڑا صادقہ
synth_000637.png,ردف رشتہ جان بزحہ دستکار نکلنے پڑہوانے لفٹینٹ کرنل ٹکٹ بابو
synth_000638.png,اٹکیو من کار قبول النسا مڈھیا گمان قوی ڈیلٹوں
synth_000639.png,ٹائیٹل ٹپکوں اٹیرنی
synth_000640.png,مکسورہ اوباشی کھاسی موت کا سایہ چوچلا دار ایمہ دھوب گھر
synth_000641.png,فریب خوردہ عربہ ٹینٹکلسز خود ترغیبی نصف راہ غبار آلودہ
synth_000642.png,پادکیں ٹارٹار تبیعی پیٹ کا بنج
synth_000643.png,ہم مرکز کفلا جوڑی کروہ مٹکانا نبض شناسی لرز جانا وہیں اطالت دفنایا
synth_000644.png,رجھاؤں ٹملٹر تبع سگارے لطائف ستہ خلاف معمول ثمودی تجدیف
synth_000645.png,مشقت طلب بے بال و پر چھنل منفوح چندو خرسنگی ملہمین کمین گاہیں
synth_000646.png,دارچینی ماشویاں گتہ حسود خط اقلیدس جے آئی ٹی دفنانا بات کا اور چھور نسائی امراض
synth_000647.png,نیک ہدایتی عظمت رفتہ دلنی تھرتھریاں جمعۃ ردمز آلو بخارے سیفٹی والو
synth_000648.png,پیرکی کرودھی آٹاپائی پھندانا سفیان ریگ
synth_000649.png,نہر کا بنگلہ بھومکا آگ ببولا سورۂ کللکشن طریری
synth_000650.png,حرز یمانی بال گھات مخدومین انشائی
synth_000651.png,گھرکا کام غیر ذمہ دارانہ لہو بھرا تاشف ایلوا تمتمانی نر اپرادھی دغاباز
synth_000652.png,گنت کہین دسیوں ٹوئل گھنا پن مسرت پاش اندر باہر کا
synth_000653.png,معجر مماثلتوں بغا نقاشی کن انکھیا
synth_000654.png,جوسقے تیونس ضعف تالیف لڑائی جھگڑا چھیمنڈ نبقاتی
synth_000655.png,بجوڑے تمساح گلو تراش چیشٹا تاش کا پتا پوائنٹرز عسب
synth_000656.png,قطعۂ زمین شراب خانہ چھٹکتیں گونتھے مرجھانا جفاکش کیسٹ پھیکاہٹ چکارے
synth_000657.png,دل کی بیتابی سدھارتے علی الاعلان دیپ چندی آرہ تھوا اصحاب الرائے پاشیب تھلتھلاہٹیں
synth_000658.png,نبیخ اکسنی ماثوموں مخلوسین کھوچا روکھی پھیکی
synth_000659.png,ظہبی سیوک بغیا فنون تعمیر فاشسٹ چربیانا کمپاس کا دفتر لسی
synth_000660.png,مائکرو میٹرز متفرق نگاری مکوڑا گریزانی التفاتی دروں ذائقی اعضا لگا لگایا
synth_000661.png,انجینیر جوہیا پنج خاتون عرب ٹی وی کاتب الحروف
synth_000662.png,نبھے بانجھ چکی فائر انجن گاوں قس کوہ جگر ڈہر استشفاعیت
synth_000663.png,لیلی فام مرتد فطری بزرگیوں حریمین طہماسپ الو کا پٹھا مت مقرری
synth_000664.png,موسم شناس دکھانی تھ فورمولے قرضہ الکتاب صرفی
synth_000665.png,سفر کرنا مغز چاٹ ٹامک ٹوٹی فرخندہ فرجام ریمارکس چھوہریاں
synth_000666.png,مقبوح انقرہ رحم
synth_000667.png,اطالی پنچوتر پینتالیس حکمت الالہیہ دھونڈتے متحقق بالحق پنیم
synth_000668.png,ترکش چوچو جنسی رطب البیان
synth_000669.png,چھایہ تکسیر آمنا سامنا قابلیت اولی اڈونی تارخانہ
synth_000670.png,تعمیروں چکوری قبا
synth_000671.png,قانون اخلاقی روحانین لال کرتیاں راہ چبینی دیدۂ بصیرت عروس الخط طبعاتی ڈلوائیں قیصوم
synth_000672.png,حزب خاکستانیت ضامن دار تپڑیں اذن نامہ
synth_000673.png,مداخلت خانہ کمانداریتیں قومی شاعری صدر جہاں جھپکیے عالی جاہ گورنر
synth_000674.png,قاریئیں مبروزات کتبہ نویسی
synth_000675.png,التائی پر پکوہ ایکسس تقلقل
synth_000676.png,نفسا نفسی موٹر ڈرائیونگ دقت نظر
synth_000677.png,قاں لیگ راجس ڈکریاؤں بھنکا
synth_000678.png,تحمس پتاکنی ترلوچنی ٹولز
synth_000679.png,سجھائے زہر شمائل جیسا کچھ شب ہجر مشکوۃ شریف موٹی مٹی کی نشانی
synth_000680.png,لفظی الٹ پھیر ٹرخشیں پپہری الفا ریز برگ دار پروسسز توسیع خطوط مدملہ پستان
synth_000681.png,مخبوط گول جتیاتا چریریاں تعلیلیہ
synth_000682.png,کچا پکا بوؤ فراعنہ ڈوبتا ٹیلرنگ
synth_000683.png,سلام پھیرنا سوئے کلپو خدنگ پنپ منعدم
synth_000684.png,نمڑنا نور یاب گرجدی متکشف
synth_000685.png,بھنؤ گورکن پٹوانی تپسے پابو لمبائیں کوکھ ترواش
synth_000686.png,نائٹ میر بن کہا تمبالو ملے لوٹانا
synth_000687.png,زاویہ پسند جھلک گہرائے
synth_000688.png,حریشی ٹرانسفارمرز ڈبڈباتی عمولہ موشنز گھر ہنسائی وارے نیارے ذوالعشیرہ
synth_000689.png,گل دوپہری فریب خوردگان نوخیزا مجلس تاکید دار
synth_000690.png,میگنیٹک گھڑی جدا غالیانہ براہو معرض بیع کم زبانی باروں
synth_000691.png,مستقل نشان تمیز بافتگی عاربات الواثی سروا ننانواں یکساں کرنا مڑوانے قوت استدلال
synth_000692.png,نور مسجود ملک کسور اعشاریہ رومالی چاول دخیل پرنٹنگ پریس جھمانا
synth_000693.png,مسطورات نرادھاری حکی عطاروں جانا پہچانا جوجھ
synth_000694.png,ارتحالا جینتی پٹوں نوک شمشیر سے جویات بیونت جھاؤ نخز پا
synth_000695.png,دل کا لگاؤ ٹلنا چلن ہار نظرکرنا کنکرپتھر وقت برابر ہونا
synth_000696.png,دوغلی پالیسی نعت نگار آیت و حدیث گھراؤ
synth_000697.png,پیکٹس شے لطیف نامور کفائیت گپھے معادلہ امپائر انٹرول
synth_000698.png,گھڑی ساعت پنج روزہ بھوکن
synth_000699.png,طلیسانیں پافراز چوہلا بھنوائی چھلکارا تانباننسی سولڈ پرتباس بھنبھوڑیے
synth_000700.png,مجتمع الحواس ڈھواتا اتول
synth_000701.png,پتیا گور خانہ لید نشاط رحیل مراد مطلوب غداۃ عقل سلیم
synth_000702.png,فرنگ کیکری شرف آفتاب بدیع الجمال پردکھنا گھرکے خیاط گندہ
synth_000703.png,افسردگی عز و جل پوشیدہ پوشیدہ بہائیاں جبری نکاح چبلے بھرنا طرفہ معجون سیانی
synth_000704.png,ضیفہ شاہ دامی ادالہ تنکوں درد ناک
synth_000705.png,درنگا شریک حال سرگہی پولکی دلوٹیں
synth_000706.png,حارسے حکمت ملفوظ بہ پھیرتیں
synth_000707.png,نگار خانۂ ارژنگ خورشید لقا روضہ دار گھر کا مال
synth_000708.png,شور غل تکلفات لایعنی بادہء پرتگال خوش جوہر پارلیمانی مہرۂ جاندار پرپون فتیلوں
synth_000709.png,من اکبری موصل البرق پرمینگینیت شفعی
synth_000710.png,نود اجماعا عظموت ورقی منجسہ قسمتوں ڈاروں اوپر چھنٹ ترملین
synth_000711.png,صنعت توشیع ماستیں صبغ شہر گردی ترکل شاخ در شاخ ہسٹیریا
synth_000712.png,سنتوشی یازدہ مشت ذریعۂ تعلیم چکرا ماہرین دل کی جلن قحط کلنگی اتصالی
synth_000713.png,نان شبینہ ترور چھٹوائیے
synth_000714.png,زرت عالی رتبہ سیاسی مماشیات دیو پیکر ان کہی
synth_000715.png,باڑھیے ریکارڈز تیمورات
synth_000716.png,جلا مقناطیسی میدان گدلے دوبینی تنشیقی دو پارکی سیلف رسپکٹ غدا پاپڑی پتنگ
synth_000717.png,نفوس فلکیہ لذت کوشی شاہدالوجود خضر آمیز بڑی الائچی
synth_000718.png,موحدہ مؤخر الذکر بدانتظامی شبرق شوریدہ سر دعثوری
synth_000719.png,راہرو موں پھاٹی دفاعی توافق پھدکتیں تماسخات جیلانی
synth_000720.png,تل برابر نہارنا شجرکافور تعویذ ہول دل انتعاشی بچھوڑے بنوؤں
synth_000721.png,پیام حرمین آبگینہ
synth_000722.png,حقیب لکاؤ مون گوشۂ خاکی آلہ سماعت
synth_000723.png,میکسم مشین گن بندوں کبد ساتھ آل فاطمہ منقلب طبیعت
synth_000724.png,ڈھوٹا مستعربوں مائیکے فردوسیہ میر کلام بالا چاق تتلاہٹ
synth_000725.png,متحرک بھٹیوں ٹھکرایا علم ارقام رزاقیاں دست شناسوں کوٹھی شراکتی اوتاد منفی رائے
synth_000726.png,موصوف تلبلی مستقلا پٹناؤں بیٹھی نچھاور دھندکتیں جھنگلا
synth_000727.png,سلاخ پڑاپڑ مور بال دار
synth_000728.png,فندق پیل ڈھائے وسیمہ ارزیہ انعطاف نما متارکہ جنگ باندھا
synth_000729.png,تھنییں رونی چھلاوا ٹھمکتیں ژرف بیں حرکت
synth_000730.png,جھڑالے پچھڑی استعلائیت
synth_000731.png,سنکنا جلف ادبوں
synth_000732.png,ترم کی سلامی ٹوکرے دارالصفا برف کوری تل پھلی
synth_000733.png,زلزلوں برد اطراف رد خلائق نفس تنگ ماہتابی میمون لطیفوں
synth_000734.png,جھاجھریں لاچینی رکتیا اکشتی ددوڑا مال وقف بردمائن
synth_000735.png,نجھوٹنا خوش نظری معقودہ کورنگی
synth_000736.png,ہاتھ تلنا اونٹے جنگلے تشبیہ مجمل
synth_000737.png,پٹھن پاٹھن بھڑوا پن آکاش بیل
synth_000738.png,عبادت کے لئے اجتماع نخیسہ پرویزن
synth_000739.png,صدارت چھلا کوٹھی ولیمز ناپائیداری
synth_000740.png,انو دل گداختہ پیمائشوں تالیف قلب فتنہ گری محو نرگنیا
synth_000741.png,دہلیے تھرانے ڈاب کی روک تربین
synth_000742.png,زراعت گاہ پارٹی پویٹیشن رنگ طلائی طباعتوں بارن دیکھتے ہی تورع
synth_000743.png,دس خردجال اپنے پیش بازیچے مصدور عدسی
synth_000744.png,مار گزیدگی ٹراکڑز اپھرتی تفسیری بادہء احمر
synth_000745.png,التزاقیت پومفریٹ چولھے چکی تکلی بنیاد سروتے نیم کی پتی گھوڑا بگی لنڈھاتیں
synth_000746.png,لمچھڑ سبک گام تناہی لنگاریں سانتا ترچھے پن سطوی ناکامل
synth_000747.png,بڑائیوں پرائیویٹ ہلہلہ پورے طور سے
synth_000748.png,ریمن ٹنٹنانا دعوت نظر موت و زیست
synth_000749.png,ذات خدا مستجیبات صاحب نسبت رحیق مالینہ جتلاتی
synth_000750.png,طیر ساکت جڑیلا پن تنقیح
synth_000751.png,داغ دہ مجتہد مطلق زرقم غرورحسن خانقاہیں دائم الوجود
synth_000752.png,چھالی پڑاق سے ریولیوشنر پردیمن پائے دان طلبیں
synth_000753.png,سٹون سپیدہ لونگ پلے نوانش گھول گھلای زندہ جاوید حرکت بطی گوتھا
synth_000754.png,اوضحات پر لوک چاندلاؤ
synth_000755.png,مڑوڑی پشت در پشت ترپٹیاں ٹاپکس پھپکا سماہر بہلانی
synth_000756.png,جنس کرخت مستاجر اصلی غضب آلود سلسلہ وار
synth_000757.png,فزعی خصوصیت ٹھٹھولیا گل شگفتہ ہردم اصم
synth_000758.png,جھلاجھل نا مسعود دودھ پلائی معمولی خرچ پارچہ خانہ آرمیدہ بنکر منڈانے مؤید و معاون
synth_000759.png,صاحبہ کرتال گونجوں رمن بھکارن مالٹے
synth_000760.png,مصالحے باج تنعم منشار مضمون نگاری پالیسیوں اونی سونی مضمون نما
synth_000761.png,کھسائے بسولا کھٹکاریں رشد جھر پانی ماس سپیکٹرم سلامی دار کاٹھیوں
synth_000762.png,گھڑ دوڑ کا میدان روحانی اجسام سائینس لازمان مرئیات شہقہ چارہ کار نصیریہ
synth_000763.png,مفرطہ مجہزین ٹاپو
synth_000764.png,ثبھات پدھارتیں ڈریسنگ ڈوسا عوائق ٹانٹا معتد بہ تعداد
synth_000765.png,تاریخانے بھوگنا مولا علی دفن کرنا عضوضیتیں بھروسا کرنا
synth_000766.png,تواخرا حرارت حمی پھیٹا حصن رسوم فاتحہ
synth_000767.png,کجائیت جمیکا پرسواس محرف نسج انتصابی نیلا دھار
synth_000768.png,برجری اسٹوریز سخن فہم چک لیٹی
synth_000769.png,مثمرین لنگوٹیوں پٹارے ڈائیل کلیدی تختہ نیوٹرل ٹھانیں
synth_000770.png,فقہ دانائی شرب سازوں
synth_000771.png,اہاں حرف اصلی مرافعانہ عتیدہ ٹوٹواں چوکی
synth_000772.png,ڈھوک عدم تکمیل دمچی درندوں
synth_000773.png,تھااس اوڈھنگا قفس عنصری گوشہ نشین
synth_000774.png,معصر دوئجی رضیع کیخلاف انتساق
synth_000775.png,مفسدانہ ودیش کاہل خط عبری
synth_000776.png,مے کدہ آشام پیشوا حاصل ضرب
synth_000777.png,آمین کف پائی چروا لی جنڈ
synth_000778.png,گوتھنے حجری ہڈی گاہکوں نہلوائیں مبرقع
synth_000779.png,جھنجلایا کنجوسو تھائرائڈز
synth_000780.png,زعومی نیک خواہشات مزاحمتی تحریک اسحققاق لنگڑائے بال چرتر
synth_000781.png,زنجیر کی جھنکار طروب ذوالقاقیتین اسکرین بیاپنے کالاباغ نیچ حلقہ
synth_000782.png,ذبیح پکوڑوں قناعتیں چندروتی باندھ مسوس
synth_000783.png,نقدی فصل معشوقانہ منہا مفروح اجہاز عجمی الاصل مجنثی مدفون
synth_000784.png,کھچڑی تازیب ریشائل نیم برہنہ نخاعی استوانہ نی پنچ عطفیہ خلائی خاکروب نظر غور
synth_000785.png,ہوکا تائیوانی جیجیونتی رنواس فرشتۂ اجل پرناد چھٹوتی مال بردار بزاخفش
synth_000786.png,نافیہ صیدافگن نثر مرجر
synth_000787.png,گرفتار کرنا جگر گوشہ راغبا دولہا منتقض عقیرہ
synth_000788.png,فراریت ہم خواب فرمانے پھوس کا پولا کھلڑ پادراز زیر نگیں افتتاح آسیبی
synth_000789.png,پرتل جائے وقوعہ عشیب نرآس دل دار
synth_000790.png,تھے طبیعت بستہ پھلانگیں
synth_000791.png,مشاعرہ بازی گیت بدھائی پلٹیں گجالی نول دلارا شب مالوہ پرویشیں تہبجات
synth_000792.png,گوندل ازواج شذوز خط پیکانی ھماری بحر اخضر حاکم اعلی لائحین
synth_000793.png,خطوط متقاطع باربار صنعتی پیمانے پر مسکا نسا ناتھ
synth_000794.png,عنابی چیوڑا بھرمسانا چوجے دیگ دان
synth_000795.png,خورد مرد کرپانوں لتمس قطار در قطار فترات صرف بے جا مشرقی زبر جد
synth_000796.png,مدکلات جیسا تیسا احفظ جگرن چپر غٹو ظلم سے مفصل در مجمل
synth_000797.png,خطابات تعززات زبان آور حیاتین دال چاروں پہر
synth_000798.png,کھروج چھپایا ڈسپلے کندن حلوا توہن نرباہنا ٹہنیوں بھدریاں تکی دان
synth_000799.png,محکمۂ اپیل قاصرین مشرقی پکھراج جھلی دار نہروا چھلاووں
synth_000800.png,فریز الاول تھپنانی زندگی جرکہی جھیرا ساروان فلکی ہیئت
synth_000801.png,بھنکانے نعتیہ شاعری تنگ ظرف بھلوں
synth_000802.png,نمک دریائی اپادھ ذہنی افتاد تلوی ہوا امجد چوب کشدہ ترشہ بد آواز پتھروں تھکت
synth_000803.png,فخرو اترائی ترسیلی
synth_000804.png,ہچکیاں راویوں دوتئی مدنی تنظیم
synth_000805.png,طخیا گھوٹکی محنتوں مذبوحات
synth_000806.png,سنج چاپلیہ گل خورشید بلاگر تسامحا گھرکیں اخیرمین چیریو زئی
synth_000807.png,کاحکم آن بان تریا فاروق رگروٹ
synth_000808.png,یقینی دور تک نکچاتی تلملاتا دلپسند مرشد اولین ممکن الزراعت نظرثانی شدہ
synth_000809.png,نارمل زندگی توسع قرباں ثنائی
synth_000810.png,جٹلو پھکی آنکھ مسکرانا عضلات کڑھیو اوندھیا بھیڑ سالا
synth_000811.png,منٹوں کا مہمان عاہرہ ٹپی
synth_000812.png,کولنیں نادم علیحدہ نقش حفاظت
synth_000813.png,پروٹینی معافی استمراری دل بے درد احساسیت پھانکائیاں تقدم فی المرتبہ مکھی نڈر آنکھیں چھتپائی
synth_000814.png,مکانی احاطہ میر ہفتمین تطلیتعات ثلاثہ خون خواہ
synth_000815.png,مبرح راگ بجا میں خود ثخین
synth_000816.png,پیش دنداں طغرید ہابلہ صورت بسیط میدانی جنگ مروتی پروکھ مے انگور
synth_000817.png,حد کا ٹمبلر تلکمے تیہر سہاؤں
synth_000818.png,جوشادہ الرسول تسمہ بازی باراک
synth_000819.png,افاضہ دقیوسنیں منزل بھر لودھر حمد سرا فرد کیفیات ترسازادہ بھرا وقت
synth_000820.png,غائب غلا پیجنیں پکارتیں چاٹنا
synth_000821.png,کتب آسمانی کل پرزے اس پر الچ نمایاں تر
synth_000822.png,قرطاجنیاں مقیمیہ نیا دماغ ٹھکنا اندفاع امرا
synth_000823.png,فرسودہ خلجیں پھاندیو نمس جوزف قاہی مورو ملخ پپٹون
synth_000824.png,پکڑائیاں کوفتگیاں کانگ گناہگار پخنیاں پروہاسک کیئے خالی الذہنی
synth_000825.png,پھوپھیرا ملقاط مراتب اخروی عثمانی لازمی
synth_000826.png,اکتسابی جراثیموں مطلوب الخطاب مختلف الزبان ہرے افتراش متغزلین
synth_000827.png,مجھ مزاحم کار ناٹک گھر مدعم بانی سوجھی
synth_000828.png,قانت بیچ والی برگیلا فساخ تپکائی ماۂ سی روزہ دائبان استمتاعات
synth_000829.png,نصف شب گرم جوشی چوسوں نشان دادہ شہ کارہ استہزا
synth_000830.png,قطلب ملعونیت گل سوری
synth_000831.png,تروندہ پچھاتیں تشخص رفث مامنافیں پہل چار عناصر
synth_000832.png,فاتر العقل مشکل بات نوع و جنس رجسڑ اپیل پہلیاں بھائی بھائی ڈھینی
synth_000833.png,اہل ذوق غمگینیاں گوادر میمونی ساتھہ
synth_000834.png,ماڈل صیف بشنو
synth_000835.png,محفل عشرت بھرتے فرائض منزلی چانگیاؤں
synth_000836.png,کاہو قد بالا راچھس بیاہ نتھا مینجنے سہماتی چونم ٹرخائی
synth_000837.png,چوڑا کار دوکھنا گڑمڑے پیش مدرسی رچھل پاک نویسی شیدائیت ڈوئیاں
synth_000838.png,بد گمان چھاکا راہبیت مصرع مرکب پائمرد حدیث مدرج سماجی درجہ بندی حصر
synth_000839.png,قویمی برلن رسائیوں ناک نقشا شہد فائق عزمت
synth_000840.png,سرگرم نائٹرو سوکاکس سلاحیات تونترا حسن قدیم دہماسہ افود سونو
synth_000841.png,کھوتیں نوم غریق نشے میں دھت انعام و اکرام رجھیال خرازن
synth_000842.png,شبولتی طرف سے کناں
synth_000843.png,پوکل استنتاج بالاسر بیراجوں قرآن قراب غولدنگ برسانا ناخوش اندیشی
synth_000844.png,جھوٹ سرکھند تو تو پو تو گلثانہ پینٹاگون تیروں
synth_000845.png,سفید گرم ثابتہ قدامت
synth_000846.png,موش کوہی سرکلمی نصیحت و پند زبان کا میٹھا جیوٹ تلبیہ درفشہ رگڑیں
synth_000847.png,سینیگالی یمن بامچہ پکریا ڈکرنا مقدر
synth_000848.png,نظر ثانی شدہ پرنٹر سٹاؤ طرزہ حاخام مشلولین پرورائیں
synth_000849.png,انتظار باغیچے سلٹھر
synth_000850.png,فکسنگ مشغول کرنا تیپیں ڈھنڈورنا سریجنی نہیں سہی
synth_000851.png,شاد کامی فتا تبغ الصحرائی سرونٹ غنار روزہ خوار
synth_000852.png,قلماقتی نابلہ امیٹھائیاں ضرابی بھوکھا پھانکڑا پراجتیں ناگواریت
synth_000853.png,تشنجی تغیرات خرچنا شرکت بملکیت چراغ آسمان بس بھر مدیر نشا مرکزہ کلوخ انداز لوبیلیا
synth_000854.png,بادر دو حروف نیزہ دار جپنے آفذ میراث حمل راچھس بیاہ فضا سازی قدموں
synth_000855.png,سکھلاتا چوکتیں جلال شاہی نام و نشاں
synth_000856.png,جنھیں شرمانے ددھیالی لوڑنا عائقین راس المثلث
synth_000857.png,دماغ پاشی مٹیالا اجالا ملتخ گل صدبرگ زیر قدم
synth_000858.png,ساکا تاپنے پائری راجگان شعبدہ خون فشانی ایپرنز
synth_000859.png,شرح صدر حریف تاڑ کا جھاڑ معاہدات داج گرجنے
synth_000860.png,چھپیٹا نور مبین ٹرکائیں پھول فاتحہ تھپتیں زیر قدم رزالتیں دھپہ
synth_000861.png,پھول والوں کا میلہ منجوانا جلاوت نمک طبرزد رقیع ریسمانی عالم بشریت دھنتریں
synth_000862.png,حالیہ نہ تمام الاٹمنٹ علم حصولی شعبدہ گر سروں ویر
synth_000863.png,ٹھاہ ٹھائیں بےشمار اترانی پتھر توڑ جنگ عظیم لدانیں مہاشالا
synth_000864.png,نظام اصوات شاقولے بچی تران کڑکڑائیے بحری غسل بادزن مؤکد
synth_000865.png,اکسٹھ آوارگاں سیمی چانڈ مناعت
synth_000866.png,معیاری گز جنانے کھنڈسالی اوچھا ہتھیار گھیر گھار دل دار شرشر دائرۂ گاہ
synth_000867.png,جمہائی تباہ کن قلوب ڈانسر نو رسی جھڑپائیے
synth_000868.png,اڑائیو جذاب پیش مصرع ظاہری حال مسلمہ
synth_000869.png,شنجرفیں چوہنیاں قبیلق نوشاہیہ خمستانی
synth_000870.png,حق سرکار کٹوتی نکہ بارہ تالی دھلتیں حرف ناشنو باغ شداد سبوس دنگلوں
synth_000871.png,خفی شعور پاڑدی نوٹیفیکیشن تکلمیلات پھٹا پھٹا
synth_000872.png,کھپاٹیا پونچ ٹکیہائی پھلاسرا توجہات
synth_000873.png,تختۂ مانی رست خیز عبنار دلماؤ خوشامد دوست
synth_000874.png,ہمدوش روگردانی ہربھجا آمنی چھچھورمتی گلابیتیں دلربائی ندرت آمیز
synth_000875.png,پیر غیبی تداخلی لپٹاتا اعزاز عتاد تیوری مڈیرہ مقابہ تقوم
synth_000876.png,بھکوؤ ٹھیک کرنا پلاستری
synth_000877.png,آٹھوں لڑکھا اچھلی ٹراٹ لفڑوں گریکھم جسموں
synth_000878.png,عالم باقی لخی بالغات بنگال کلبلاتی منبع و مخرج تحریکی مہزوم شائبے
synth_000879.png,مہلتی تاکتا استیریائی رنگ کا اندھا خطا شعار موجودیت مینوسپل عدبلہ حکمت مآب
synth_000880.png,ننھا پن فیلڈ جمبر مستفاض ترحی معافی دارانہ
synth_000881.png,موج غم پرچون نرخ شیرینیء گفتار کیمیائی تجزیہ نطفہء تولیدی تبعیتیں
synth_000882.png,دوڑاتی نواس ستھان نفخہ تحمیقات اولیمتیں چواگنا متنازعہ فیہ سوالات
synth_000883.png,حیوان پرستی پھپھا چھینٹے چھوٹپن بیرسٹرز عماد پتابہ بردار نپجائی
synth_000884.png,حرف مکرر جدھر فاطریت سکرات چھلائی
synth_000885.png,اہمال کنجیاں بھرا گھر اکتحال چوب خلال تلوار کے زور سے چمک چاندی
synth_000886.png,پاستیو رانا گروکل سیلنگ فین
synth_000887.png,بھیدوں چارٹرڈ اکونٹینٹ اردوانہ توہر پابسات دل لگتی دموی
synth_000888.png,ند غنڈیاں قرأت
synth_000889.png,شٹل متفردانہ دکان داروں رولاتی دور افتادگی بھنوا شخف
synth_000890.png,اسباغ آپ برتی مکتب العشائر تگا اختتام دانائی پرکی
synth_000891.png,پٹپٹاؤ فردوس نشاں مسلکی مکتب فقہ فرد الموت تاسن جامع العلوم جوٹھی اخوان شیاطین
synth_000892.png,ارتماسی دھاگا افتادہ روایت باالمعنی پمپمی حاسبو سنتریو نوشتن کالی نسل
synth_000893.png,پادامی حربا پرسپولس نشۂ پندار اسودیتیں
synth_000894.png,نیوٹن پومبئی پراندے استلزام
synth_000895.png,رتا روگ غرارا گزارے موٹا اناج
synth_000896.png,تعظیمی نندا نخرمایہ
synth_000897.png,کونچیوں عماس انعاموں پپڑیوں میانہ پل پٹاخوں چوب اسٹک
synth_000898.png,بدلنے والا چہچہاہٹ استعزار نشیہ گچھاک قصابوں کورا جواب برسائیاں
synth_000899.png,تھاجس پھوکٹی محرم گوش وحشی مزاج نون خفیفہ اسرار الظاہر
synth_000900.png,دیاروں پتیاؤں مجردخانہ نڑانا سخت تکلیف دینا چرچ زردیوں ہڑبونگ
synth_000901.png,پتلی بازوں جمال گوٹا عیفہ موعودہ نذریں مسروقہ پرتا خضمیت رموز سیاسیات
synth_000902.png,پنڈڑی جزگیر دخت رالوؤں خالی ایام پھرالی تصرف نخل تمنا
synth_000903.png,روبد کچے گھڑے اگھائیاں استتباع
synth_000904.png,خدائی رحم دردتۂ جام چارچی الی برسر پرخاش
synth_000905.png,ساز کار تیرہ ایام کہساری
synth_000906.png,متذبذبانہ مرط اگاہنے کڑکڑانا شہوتی
synth_000907.png,تفرقی عمل ایکت نچواؤں ٹکاسی تنظیر تقعر تعارفی خط
synth_000908.png,خور تھمانا رعایت ذات
synth_000909.png,عنقود نہائیں چتر شالا پیراگراف تسخیر کا عمل حکیم طبیعیات مشینی تہذیب ماروی
synth_000910.png,رجوعی نکستی نخرے بازی آگ بٹیا سوملہ پرستاب متفرجہ الزاویہ عریض الاظفار چاچیں
synth_000911.png,مفتاح الفلاح نجما نجما مسلوب الاختیار سوناپاسا حقیر
synth_000912.png,نقطۂ خال نباہی نافذالعمل ٹھنگتے
synth_000913.png,حافت ابیضاض چٹخانا بن جانے بیٹنی مبتدیانہ
synth_000914.png,خلفائے نوازو بدیہات مٹھور انغمادیت حفصہ گوشہء تنہائی بتی چکاٹیاں
synth_000915.png,کوس بادشاہی فروق قدم شریف مجصوص اباکا طوائی
synth_000916.png,رضویتیں کریگا نہلچہ مجہودہ مے فروشی رائحات
synth_000917.png,کارسازی مارقہ موشور مثلثی
synth_000918.png,عبدالغفار رکھونچا تحقیقی چندوؤ کنٹینر قانون شریعت چگدڑھیاؤ
synth_000919.png,اقبال دعوی کاہنو شتر بار
synth_000920.png,نصیبوں پیٹی چاہ خس پوش تنخحی بداؤں مفصل ارتفاقی شراب پشت چروہ مردنگی
synth_000921.png,جاسنا ورغلانا غول بندی گنجائشوں آنگا ٹراکڑز مبل سرگا گیں
synth_000922.png,عجانی گندھواؤ جھنگڑ ملزمہ چکابو
synth_000923.png,چوکونی ہالہ دیدۂ جوہر مسکرایا ٹسک
synth_000924.png,نغمۂ جدائی ناپاک عزم بھیم سین تحرزی برازیہ نعرہء نیم شبی جلادی لائن پرپٹی
synth_000925.png,معرفتیں چھڑوائیں میو
synth_000926.png,پیسٹھ نظام دفتری نکیر پڑپڑاتیں نر ادھیکار خط پیشانی جیٹ
synth_000927.png,ٹکیا چور جسکا چوآ چیمبرس تھمانا روین ٹوبری پردۂ بینی
synth_000928.png,معروضی تھڑ دلی ناشزہ تنتناءہٹ تیز دست معشرۃ گلیاں
synth_000929.png,حوارج تھرکتیں مغربی پکھراج فساخین مقتضائے طبع فرشی اینٹ غاسلات
synth_000930.png,جہاں کشوں جھکوڑے یورپی نشہ ایسوں فسوں کار عامہ خلائق ریسٹ ہاؤس دنڈا
synth_000931.png,کلمۂ فجائیہ مختار عام بعث و نشر
synth_000932.png,گنوانے فیر گدا طبعی ٹاپتے مبادا ملتجیانہ
synth_000933.png,جھروکیاں چاٹ پر ٹیل وفاق
synth_000934.png,للکارائی تاکیے ناقدر شناس موت اخترامی سدھرتیں مکرب مبلغ علم کتیبی اکوا
synth_000935.png,تانترک خوا اضغاث گمزی فوکست کھڈ ثوبیتیں کھن
synth_000936.png,کذابات گڑنگیا باراں گیر گل دار چھالوں دھندلا سا پروکھیاتیں
synth_000937.png,ڈرپوک دل کا داتا استعجالیات ضوباری رفاہ عامہ سولین گھومتا نیم بسملی
synth_000938.png,لازقات میلوڈرامائیٹ یامنہ اکبر اعظم پھاندوں اشتماما متحد المرکز
synth_000939.png,اصدران چہارپا قلیا منجشٹھا شاہ گر تجارتی عدالت
synth_000940.png,خوش چلن عدناتیہ جینٹلمین دنبل شادزی تباہ حال حکومت دار
synth_000941.png,خیالی دائرہ بخت فرخ للیز دم دار ٹیلہ افروزہ بحر آہن غوچیاں موش ٹڈی
synth_000942.png,ناگاہاں لطیف شب میغ مقصدی نفسیات
synth_000943.png,سلوونیا ہندووں سریع النفوذ پھلاتے
synth_000944.png,بدقوما قولنامہ پاشانیت کودک مزاج نادانستگی
synth_000945.png,نارجہنم سربفلک استری پن
synth_000946.png,تضحیکی سویٹی کوچۂ خموشاں جانب فریبوں گرمائش ناحل پذیر
synth_000947.png,پیور رس سیندور جھیری مفلوک کتاب فروشی خوش کلام سول وار کاروائ نظر بیں
synth_000948.png,پاستین عقل پروری خوش اختلاط
synth_000949.png,صیانت سہاگ تارا من ملائے مدمادہ رپا ہم بزمی
synth_000950.png,ڈھانپتا کیمیائی جزو بند سازی فال
synth_000951.png,ثقابت جھنٹریں کچکچا طماع ننپیے روضہ خوانی چاٹھا قول دار
synth_000952.png,ٹرا کٹا صورت نما سوڈا واٹر لاڈے متمدن روشن بیانی ٹھگوائیں لٹیو ارتماس
synth_000953.png,پرچھتیاں آمیزہ آمیزی ابکم در دراہٹ نبات سجزی کٹکٹاتی پچھیں
synth_000954.png,بھلا برا کالے لوگ المعروض
synth_000955.png,ملا اسکول مسئلۂ کشش مواخیر دستی سامان ابرآذاری
synth_000956.png,دینیز نیم غنودگی ابوالخیر زمین پر استمشائی
synth_000957.png,تبرزنی فرشتگی زمبورکیں سرداتی
synth_000958.png,طینچا پھسکڑیاں روانات
synth_000959.png,مکٹ منی تنظیفیں طحمہ گریوی پینچن پھنیا دادی کنٹینر دیکھکر
synth_000960.png,جرارہ برٹی جتیے شراب انگور گشت سانواں چھلا وے
synth_000961.png,اشتر ڈومور سیرو تفریح کھوندتا ٹریزرر آس کاٹی نفیری والا باد درفتار لحن داؤد
synth_000962.png,تیلکھا چپریے پاٹنیں پھڑکائے مسیتے
synth_000963.png,طروبین نستعلیق نویسی ڈمی
synth_000964.png,موٹر سائیکل ذراتی شعاعیں مارکرز
synth_000965.png,اظہر سابع نظر عقلی بکسنے سکیں ذیابیطس خلوت دوست لڑائیں قابضوں
synth_000966.png,پلانگے ننپنا اصحاب کسا
synth_000967.png,تلویح پرسا دھکا سلائس متصوفہ
synth_000968.png,سستانا بچھونوں نکارتی تربیعہ نے سواری گھن گرچ کی تقریر جاغر
synth_000969.png,ملتقی قحط زدگان برٹ
synth_000970.png,نہرانا باقلہ فجوری نندڑیاں بری زبان تظلیلی بالکیاں کھلوایا بادشاہتوں
synth_000971.png,ترتیب اشیا نان سر محفل اتفاقی جڑ ٹرموں منغص
synth_000972.png,تصویر قالی متبارک اعزازی ٹریپلنگ چٹانیں لٹکانا ہی
synth_000973.png,احباب بعث دیکتیں
synth_000974.png,مرغ تیز پر نشاط خیزی پنبہ در گلو نیم مدہوش دولت مند
synth_000975.png,اڈیالہ بدطینت جدعیں قاطع ء رحم ہفت میوہ نوشتیں چو پتی مزید مال قادرالنسا
synth_000976.png,فونڈیشنز مثوبات عمرط معدلت آثاری ابتہال چٹکنی
synth_000977.png,چرر کھنڈائیں باغ وحوش نشے کی لالی
synth_000978.png,ربیبہ بلبلا متقطع دھنترا
synth_000979.png,لہو و لعب گھسیڑتیں گدنیں مالوں فاحشہ نرگستان لپوں
synth_000980.png,اٹھلاہٹ پھیرائی زربفتی آلہ سدس زود رنجی سبیگہ
synth_000981.png,سلسلاہٹیں پلگ لید مقناطیسی آکسائیڈ
synth_000982.png,آگرو مشعلہ ابیات بڑپن
synth_000983.png,تڑپھڑاتے جھیلنی علیحدگی نگاہ بلیغ ذبح عظیم ہمراہی مسجم
synth_000984.png,راتری عبقر درتاں زر جاد
synth_000985.png,کوٹیاں سوکتا دفتر بخشی گری ذومعنی اسم معرفہ
synth_000986.png,اسعاف جھائیں جھائیں ممات
synth_000987.png,فسردگی ٹوکنی سلیڈ معشوقوں
synth_000988.png,نواب زادہ برگ سفر تھپ جیچیاں جلپائیاں دھنکائیاں دہشتگردوں
synth_000989.png,نلاتی سودھے اکھرنی ہٹانی دھمسا
synth_000990.png,سپاسنامہ بارہ ماسا طوفان جاں فشانی چشم بدبیں
synth_000991.png,بھگلیا پر مراد بروزیاں خوش اعتماد چشیدگی موج ملند خاتم بندی چلتا پھرتا مقبول و مبرور
synth_000992.png,دقت پسند لاگی مقام عبرت چھٹیو پنھیارا پھوکٹیں
synth_000993.png,میرے ہی سے ہزار حیف انسٹی ٹیوشن رموز سلطنت زرد آلو رذیل ٹانڈے
synth_000994.png,فطرس نعل ساز ملاکر گلو تراشی
synth_000995.png,کن چھیدن بیٹسمین جوجھیں بیرک غرغر
synth_000996.png,سبھی ہریے اوڈ پالک چنچریکیں
synth_000997.png,پاکھڑاں نو آمد ناطرف معالجات پیارا پیارا قلعے
synth_000998.png,دل لگیاں نہاور سرت
synth_000999.png,بھیگی رات غبنی پیکھائیاں چنگیاں کل کو
synth_001000.png,ترکیب تھپناتے بوریت مسرفین
synth_001001.png,ماثر ذی حرمت لڑاتی سگ شکن
synth_001002.png,جھاڑ کا ازار بند کرم کش دوا شریف ابرن
synth_001003.png,محراب نشینی میکانکی فعل نائم السحری گھٹتا اجمعین پرایا ناموس چنگل گیر حریم مہازقہ
synth_001004.png,روحیت پرمذاق سربسجدہ چوٹیا ہوم رول کوئے نازاں پتوریاؤ ٹینکوں
synth_001005.png,دھارنی نقطۂ توقیت نردئی پن روبینہ نکالیو
synth_001006.png,مقدح جھلکتے گھر بار
synth_001007.png,ابھر پیلہ مرس متجاول سائیکامور نزلہء معدیہ نغمۂ قوال میٹھی میٹھی پھوار
synth_001008.png,اشتمال اراضی گردش گردوں ام الاجسار جھمپان حوضہ لکھنؤی گرم کرنا
synth_001009.png,مول برسلز ڈھلتے منیزہ
synth_001010.png,لپکے گزران ٹائپنگ
synth_001011.png,تفریق مراتب کوبیدہ دشمنی کی نظر الیچتا
synth_001012.png,راسمالی بمصداق منہ لگی عباسیہ
synth_001013.png,چھولنیاں بند گوبھی ٹمغؤں بتاؤ معجز کار قلم
synth_001014.png,ناموس اعظم موم پھلی خانہ زادگی تنسیخ جس
synth_001015.png,بلنا مورخ رقصندہ جلا وطنی رغوہ فیروز مندوں ننگٹا پرنس آف ویلز
synth_001016.png,فیوری ہچکتا رذالت چار بیخ ٹھونٹیں طائفہ دار رجزیں
synth_001017.png,برف کی کھتی مہمیز خور سٹھا چھچ لچاؤ گریۂ یعقوب
synth_001018.png,گٹھاونیں انیقہ تجاہل عارفانہ عصبانیتیں ٹویوٹا محروب
synth_001019.png,درشہوار نجوم طبعی سکوت افزا دل مجروح ننگ وجود ٹگٹے منور
synth_001020.png,مٹیریل اچکیں سلپوں
synth_001021.png,کارہائے عنبی بسرانا زاد سفر پھندنوں نان فطیر کوایجوکیشن تیسری دنیا
synth_001022.png,تقدیر والا چانسز لنڈھی نالۂ گرم ویت نام خمار خانہ سیدھے رمیم چتلا بخار
synth_001023.png,بڈھا ٹھیڑا ٹیک آف مناقب
synth_001024.png,ذبح عظیم مگرانا انوکھیاں اتنوں سہ پٹنی تڑاخ سے جڑہن لولاکی پارچاؤں
synth_001025.png,بہادران کلید سنوانے
synth_001026.png,طلبہ خشوع و خضوع دارالامتحان استبداد تشکر دستیاب شدہ
synth_001027.png,مولود نامہ خوشگوار بھلبھلاؤں اجارہ صہن حوتان نگاہ مہرباں
synth_001028.png,انبعاثی ڈلواتے ریمن نہلاتی
synth_001029.png,تعقید نکاح موقوفا فورکی نیلجاس بادہ فرسا آنو ایسٹروجن ملتقی
synth_001030.png,سلافی راون تجسس کناں ارتیابات نشونما
synth_001031.png,دیا لیا برداطراف زلزلانا ترسے خوش عمل
synth_001032.png,چنڈولیا تلوانسا لولیا لتھیڑیں کہنہ دھنلانا
synth_001033.png,نقش بر ہوا تیریں سد رکھیل تقع مرکرا
synth_001034.png,مینا و جام قطب اجواد
synth_001035.png,زریاب بریچ لوڈنگ طعنہ ے امتیاز معدوم الخبر اچھیل بصارت زوجی
synth_001036.png,پیشے والی تظاہر ڈیم فول گریۂ شبنم دام دوراں
synth_001037.png,لعبتان موجی نظریہ جنواتی لیٹر بکس درمیانے قنیبہ پنسی
synth_001038.png,ہلگائے ورکشاپ مندان
synth_001039.png,اختباریت سدمدرا اسلاف جائو فوکست سریحہ نقصان رسا
synth_001040.png,بدآموز جھانسے مقتل جاں
synth_001041.png,حقیقت شناس مقعم رسیدیاں انٹہ بازی
synth_001042.png,لپٹوں جوجو طریق بدل قمردین اودھانی چکڑاہند
synth_001043.png,اشمل سایبانیں لہیم مثلثات سنوارنی رفاہی کانپی باسطو سڑم
synth_001044.png,منت کی بیڑی چگیو لاڈے دو برابر نہیب ناامیدی آپکی برنار پھانکائی بندار
synth_001045.png,جھپکنے رسولی داڑھی جاناور تجویز ثانی دراجہ کم خرچ رسیدگی سریاتا
synth_001046.png,پاچکاؤں قاسی القلب خلخان رائے جونک سوسائٹیوں نظر ہائی دست آور سکلاتے
synth_001047.png,وحشت رتقاء صفات کمال پن بہاؤ بھوک کا مارا ہوا مستوقد مہر دہن
synth_001048.png,نگیٹو نصیب کا لکھا چاہ زمزم نو کھن خاصا پندھرواں
synth_001049.png,بہو جی فاسل کار آمد حمرت الدم کوبد درپ
synth_001050.png,فضیخ ٹرٹرائیاں عالمگیریت مقرب کہوب صورت پلیتھورا
synth_001051.png,پتیارا ذوالقاقیتین حیران کار دھنک دھنا
synth_001052.png,پیٹ کا گہرا مقبول ترین پھاندتے مے پیادہ نخز سمیہ مکافات میں مفطوم منفعت حقیقی پڑپڑانا
synth_001053.png,ناصب انگیختگی جادو کا کھیل
synth_001054.png,ذاتی صفات نون کی کنکری شابشی مخالفتیں
synth_001055.png,بتنگ منکسرالمزاجی نظرات سٹکنا سنوریے پریدگیاں انبیل مسہل
synth_001056.png,ٹورا حد نہایت سینیٹ سپروائزروں گھسٹیں
synth_001057.png,تحریر اقلیدس منقشہ مہاویر
synth_001058.png,نضارت سرشت خواجیں نفقۃ السفر سیران
synth_001059.png,منسا ہنسا فو نانک چھک تاوڑیے تمزقی گندر
synth_001060.png,روبکاری الفت مہجری ادب فوج خاصہ آکسیڈینٹس خوشخوار
synth_001061.png,بنت العنب نرغے چھوڑدیا
synth_001062.png,نمونہ جات دارالحرب دساودی مقدار ناطق دوڑتی جوجھیے راج پوتوں پٹلیا
synth_001063.png,وکالۃ گربز رویاں
synth_001064.png,دنتن دہلیزیں شخیص
synth_001065.png,تمرغات خواہش نفس بھونکڑیں عید بےخون ملعقہ جاری رکھنا طبغ
synth_001066.png,ہمتیں سرلے پریشانیاں
synth_001067.png,بدکوں شکم پرستی آہو گیر
synth_001068.png,چھایا مار آہونگاہ مقطوع چکرنگے
synth_001069.png,ماں جائی نل دار کواں مانیٹرنگ معکوسی مجازی خدا قریبا قریبا
synth_001070.png,مہر پیکر ملک گیر شہرت بایں ہمہ مرنڈہ لکھنؤیت تشریح الاعضاء آفرز ٹپکیں
synth_001071.png,ثعلبیہ ڈاٹ ڈپٹ طماعت
synth_001072.png,پرودھکاؤں چولہے نایک دھاندلیاں آفریدیو لباڑی
synth_001073.png,اکمل لمحاتیت نیم جان سراگی پوسٹ میدان سیاست بھگروں محکمۂ موسمیات نقش بندی
synth_001074.png,منڈاتیں غارم ذلت آمیز جی بحال ہونا چکردار گم نام چانگیاؤ الگ تھلگ
synth_001075.png,تارفہ فتیشات کم آزار پاپاک خوش نظمی نیکوئی تکددی پنشنیں کتربیونت
synth_001076.png,دادنی تایسا تقریر نور باف
synth_001077.png,منطق الہی طویلہ زعیم شایعئی پرچائے
synth_001078.png,پھبتی گو تبیعی مؤقر اعلی زہر مہرہ گٹار برنجاری مجانبات
synth_001079.png,کہاں کا نوں سراس زچہ کرسی شحامت تکدو عمراللہ تاش کباب
synth_001080.png,دھاڑائیاں تکلیف مکدر مزاج گندھی معاندانہ نگاہ جتیانے
synth_001081.png,آزادانہ قابضات برائتی یک قلم ڈھکیے دھوبن چڑیا موج نکہت
synth_001082.png,مصیبت کشیدہ جاگنے چکاول زنجیر کی جھنکار تلاشنا مکر زال ابناس کال بیل ٹی اے
synth_001083.png,غلیم زر باف پیلی ہڑ ٹونی باز حداوسط عام لوگ حالت مابعد اناڑی کی بندوق لاحظ
synth_001084.png,ثمربار ضابطہ پرستی گور غریباں پزاوے کا گدھا ریشم پرا پھٹکارا عمول ملازم طبقہ
synth_001085.png,روشن بیان سائف بادۂ پرتگال دقی
synth_001086.png,خر سنگ اسمارت کلپنی موچی ماہم
synth_001087.png,موناد مولیری بہن بوٹی دار چہار پہل عالم سفلی
synth_001088.png,کلچریاتی مچھ ترمتا ریگا جلیدہ لذتی گھگیانے باسمہ فرنگستان
synth_001089.png,جھانسے باز نہر کا ہڈ پنپوں عمروط حاجت روح و رواں زباں
synth_001090.png,گوڑنے تعاملبت حدود اضافی ملابس نفیری بجانے والا
synth_001091.png,مرغ ہواگیر پرسنز دل نواز
synth_001092.png,مبداء اعلی نوات ذری حرف مضموم میکھلی سوغات ان مل تھکا بکا
synth_001093.png,فرد حقیت دباوٹ مقسومیت تباک پاراؤ منجھلا
synth_001094.png,اجرت خاندانی تہوعی تکیۂ خیال بہاو تیپیں
synth_001095.png,اشباعات ہوسک گندیدہ گندم رنگ
synth_001096.png,تدمر دلی ارتباط منفرج پورن ماشی نوائے انا الحق غیر افادی گلو گیری جامہ دانی
synth_001097.png,کارندہ گری دوختگیاں نا محکمی
synth_001098.png,ڈیڈ ڈائنامو پچھترواں برف باری چپیکنا ہلانے کانبہ
synth_001099.png,تھتکاریں دلملیں دل کی مراد آوا جاوا کوچی واسفہ قربص ثقاہت
synth_001100.png,رق خشبودار تال کیرئیر شاکھو انتقالی بہی بینگنیں
synth_001101.png,مشیت ایزدی کریگی دامن زین نططفہء بے وقت آئزل
synth_001102.png,چڑھوایا عیقہ ڈھانپتے
synth_001103.png,پکوان قبولنا چھتپائیں مذاق شعر کافلہ چمڑوں روحانیت
synth_001104.png,انشائیہ دھاوتی جھڑجھڑائیں فادرز
synth_001105.png,کنکشن ریلوے ریگولیٹر واچ مستفتیوں طراب جرعہ نوش نشے باز بکتے
synth_001106.png,خطوط وحدانی میخ کوب ٹوپی بدل بھائی بہکا سینہ زنی نغز گفتار
synth_001107.png,بنچا صاحب الامر دیروں مفاخرتی
synth_001108.png,حوبی قطرہ نواؤں مماثلتی اعراجی سپشٹ بھلا برا صبا دم جارل
synth_001109.png,بریف لڑنی تاپنے مشعلہ مابینی صہن
synth_001110.png,ابہام ترپزے ملبوس قیصری زنخدان ملکیوں
synth_001111.png,چھکرا فقیر دوست یافتوں پڑھئیے
synth_001112.png,گنانا عاجزین کنول بردار صدر خاندان تزیین
synth_001113.png,موسم شتا دلن مجھولوں ڈرانٹ کنٹرول ٹاور
synth_001114.png,جدائیاں شجن ابون چوبک خار مرغ جاگیریں جہازوں
synth_001115.png,شہلاؤ باراں پوش معلولین سکوارڈن نرمگیں ٹکے ٹکے کے آدمی دنکا نکتہء ایماں
synth_001116.png,عز و شرف طافیات نقرہ رنگ چکوند ساکوت فسٹ کلاس تار رسانی
synth_001117.png,قبقی تبشی بھونداری بھردواجہ سلیم العقل تختے خمیازگی گوندھو بت پرست
synth_001118.png,پھسکیں اتماں نظر کی گرمی چغل جڑوایا پشیماں پیتام
synth_001119.png,دھونڈ آہوے چرخ نعل آسا
synth_001120.png,چہل قدمی اٹھیل ورزش کرنا خوص رنگ چھلے سائس درزن بگھارنی
synth_001121.png,مربح بائیومیٹرک نصیبا پھڑپھڑانا ممتا روپی دادیاں مفلسیا
synth_001122.png,سکہ عثمان کانفیڈنٹ تھلتھلا علم الرویا غیض پنکیلا غائب باشی شوق بند
synth_001123.png,گریبان گیر مچانا زانوؤ فز چونڈے انجوائے پاترنی پچکوں
synth_001124.png,ٹھیکے داروں لپسی غیر ازدواجی
synth_001125.png,مخلوط ایتھر دوپائے مین لائن
synth_001126.png,نمو گرو پھدکا رائے دھندگی
synth_001127.png,حولدار نامفصل ثکولی پپولیں آہ آتشبار خارجیت سگرٹ
synth_001128.png,مقبولیت کی معراج فا مصقول نقشۂ پیدائش و اموات دمنیں ڈیڈی
synth_001129.png,نکلوں خصومت گر جھنگارتی مرتے وقت نواری آٹھویں
synth_001130.png,دھنور عدالتی روئداد اولاہی
synth_001131.png,لہکائیاں الچھمی خرچا راسخین پشت گرمی شکست توبہ
synth_001132.png,کمپوڈروں پھڑکائیے جتے لفٹینٹ میتھمیٹیکل پیگوں
synth_001133.png,تلوین دموی اسقاط اپیل جاپناہ
synth_001134.png,اخرف سریعی باد ہوائی متوکلوں نلڑی ابتری نواہی
synth_001135.png,پوہ بہانہ نقطۂ منتہا سپہداری حمائد
synth_001136.png,تڑپ و پھڑک شمع ہدایت سپرد نقل نگار راحمہ
synth_001137.png,چادر لاجورد دلیر زبانی دھرکاری حرقت معدہ سبتہ تیر مار جنبش زبان میشا
synth_001138.png,حایض نفس عامہ اس واسطے رامش گر
synth_001139.png,نادھا چھوڑو فقرہ باز سجاف زناخ مانجے
synth_001140.png,چمبیلی نفیر خواب باجپئی
synth_001141.png,مشیخت طیانچے مدرائیں نرم گوشت سٹیرنگ
synth_001142.png,اوور سیر آب و تاب بادشاہ لاڈے
synth_001143.png,طوق و زنجیر تصحیح خیال نمودیا دوجنمی سیاہ نویس پھاؤڑی
synth_001144.png,تنک ین ترصیص اخروٹ کنٹیائیں جلتا بلتا
synth_001145.png,مسکین طبع یانگ چیز بست مغز چٹی سقط طاقہ روز الست ہشکاریں
synth_001146.png,جلسا تیخی اوپر کے دل سے
synth_001147.png,نیچے کا دھڑ تری چھویس بگاڑتیں کفیلہ مثنیاں فجوہ پرفسوں رجیم
synth_001148.png,دہق نرملی کن سال سید الانبیا
synth_001149.png,تھرا نوم طویل بغبغائیں پنڈریکی نزد خصیہ چھند شاستر
synth_001150.png,ضربت جزائل علاقہدار اکسانی گدگدا بدمعاشوں دھونڈال
synth_001151.png,ڈنٹھل چوب گل بگٹی خنچریں نچلا مالا چلتی ہوا منفی برق پارہ کیرئیر
synth_001152.png,صرفہ جوئی رمانی یاقوت دو شاخہ آلودہء معصیت خرقہ بند گم نامی زاہل
synth_001153.png,چالانیاں چھوکڑے شتم فرضوں زعم ناقص غلط بردار
synth_001154.png,داعی حق زہرقاتل اکفا
synth_001155.png,حرامی پن طرف اندازواگن جنوایا
synth_001156.png,سکمارا رودنتیاں ڈھلوائی تکمۂ گریبان آروں محل استعمال معذرتی لہجہ لغزش مستانہ
synth_001157.png,جنے ناسعد غرانیق لغیرہ ببانگ دہل
synth_001158.png,طنزا دست کشائی شاشنگ ارتباط
synth_001159.png,شاہدرہ کنجر رفیق خاص نہنگ اجل زلف سیہ فام لطیفہ قلب شیطان الرجیم رسم
synth_001160.png,سجھایا نوادر فروش معجز نگار حرف استشنا پسٹن راڈ تخریب پسند
synth_001161.png,دودھیلی دریائی نمک دھسے گزوں پکچروں دلت
synth_001162.png,خطئیت دشیلا مڑاسا دھاروں بمباروں
synth_001163.png,سولہ سنگھار ٹنچ مینڈک دوڑ تشریف بہار چھیتے جھابوں
synth_001164.png,ململی منفرد کتاب اسخیاؤ
synth_001165.png,اچھالتیں جناحی سڑمیں بیاپیں شہیدو جہاز رانی کرنا اختلاف الدم ابوالہول تل چاوری
synth_001166.png,جھمگن پلٹتیں کیلا نیم خام
synth_001167.png,پسندر حیاتیاتی سواریوں بام مسیح کروسین
synth_001168.png,اسلاحی اڑوسا تعقیم
synth_001169.png,نحاسی جھڑپتی آرام گیر زیبندہ اصحاب الکہف ساز سینگڑا نفیس طبع
synth_001170.png,عزائم پرست ساتھہ منوہرا توتلا پھاپھا
synth_001171.png,تطمیع عائلی مزاح المومنین بھجوائی
synth_001172.png,بیٹھائی اپھری حق الناس دعوت ولیمہ نقطہ وصال
synth_001173.png,نعمتوں حش فخار عزلت گزین
synth_001174.png,پیش واز معذرتی لہجہ شکت بھداہر آسمان
synth_001175.png,حدیث معنعن موقوف شدہ واجب التسلیم پسائی بشینی
synth_001176.png,طغرا حائرے تبین لخ جحیمیں دماغ سوز
synth_001177.png,پھول ڈول نظر غور پن گھٹ نبھیں ماب
synth_001178.png,نرگس مستانہ کمان گروہہ پہنچائے کامل اختیار ڈگانی پھسانڈا
synth_001179.png,گہواروں نشۂ حسن چھیل بیل
synth_001180.png,مشارکی عصبی نظام آغا رزم آرائیوں اریوا
synth_001181.png,جنیں تنبلا بد سلیقہ مخضرات مسمی جھنجری
synth_001182.png,کنودین نشاطی سنچراہٹ روشن گہر
synth_001183.png,جھاڑ باقی تھاک بست جہنم جلا ملثہ اعنات نعائم وارد مغضوبین باسطہ
synth_001184.png,پرکل خدا بندہ الف با
synth_001185.png,بھوجالی سوفسطائیہ بھرکریں احتضارات
synth_001186.png,دمیتا پختہ کار جھوجھل چھیوی فاتحییتیں پدھاریں نانوھ ماہانہ رپورٹ نیلاہٹ
synth_001187.png,خاصع بداری کند الیکٹران
synth_001188.png,اتہاس مکھی چپی کی خدمت نظام ہضم ٹسٹیمونیلز
synth_001189.png,فطن سالمہ نظامی نباتیات خانمان صفائیوں تجے چھ صدی
synth_001190.png,روپ دھاری میر خانساماں بانبھی زر بافی موچی پتر دو جنسی کھلیان بھسان
synth_001191.png,نا انگیختہ من ہرن خم گشتہ باغیچہ مغربیت
synth_001192.png,تمازتوں تفسیر معنوی بھمباتا مشرکانہ خیالات مال ضبطی
synth_001193.png,خط معلومہ کحال تلاحی برکیاں روپ چندی
synth_001194.png,کنٹری ہاؤس رجسٹروں امام سماج وادی
synth_001195.png,گانچتیں اکاسائیاں کیکڑیاں پوتکا اکلاتیں ایتھسٹ قرطاس غلط بردار
synth_001196.png,مرکز چوب عاشق مہر اوزک
synth_001197.png,مول تول مرق جعد پرچین ترمورتیاں لیاقت مند نادمیدہ چارہ گری تصفیق چابک زبان
synth_001198.png,منجھلی منجھلے پرکھائے ہنکایا انقصاف علم النجوم خشت حقن
synth_001199.png,تخت نشینی سجدۂ تلاوت ریش بابا جھوٹے سہر خسران مآل پیکان چوڑی کا باجہ چھلچھلد
synth_001200.png,جمالیاتی مبلوعین عمایتی مسفر نمودی اوسیر موتکی خبر سلطان الاشی روئے کتابی
synth_001201.png,پیار دلار ترمکھے ادھڑے جہادی فی البدیہہ کلبلائی تارک الصلوۃ
synth_001202.png,قدمباز دئیے غسول خشک سڑن بلاسنا طوفان و شیطان
synth_001203.png,بوجھا دل افگار ٹیبیا
synth_001204.png,نہلائیے جھونٹے کاٹی جائدادیں گرہ کشائی پچکنے
synth_001205.png,عروف میرے سے ناظر مدارس جزبات نگران حال مظلہ چنڈو باز قدسی مقاعد
synth_001206.png,وقت کا پابند شقائق اپدیشک باگی سوزاکی کھٹکیے ابتداء المرض
synth_001207.png,مقلب القلوب خدا خدا گل برن مہندی رنگ بچھڑیں
synth_001208.png,پاؤس تختہ مشق مختلف النسب پانچ انگل پتلیوں ڈھول ڈھمکا پاشنہ تمدنی تئیسویں
synth_001209.png,نو شوہر افلاک رالا میل منزل لپک بھٹی برماؤ قلنج
synth_001210.png,رویل پرپوجن تپسے طعما جوئیطعما ٹم انک بندی
synth_001211.png,رکٹس لادا گرم کپڑا الونیہ
synth_001212.png,مسیح الملک نماز ضحی پردۂ غیب رکودیت باسطوں روناسیں اشاریت نصیرہ صادقو
synth_001213.png,جھڑو بلی کا بچہ ضخامت
synth_001214.png,ٹائفس نسالہ چھوٹے دل کا رگڑی شدھ سر
synth_001215.png,نقصان پذیر متور آنکھیں غم جاناں
synth_001216.png,نزلاوی پنجابیو پروفیشنسی ڈھکوسائی خزانہء جیب
synth_001217.png,گل زار مورچھاگت ابیض مجازی کھپری راز ہائے پنہاں بھمباتا گھلا ہوا جے مالا
synth_001218.png,حصول ٹھنڈی چھاؤں حدتام
synth_001219.png,ناتراشیدگی شق چکٹ اتروائی
synth_001220.png,جاننی وشاد گھسیٹ گھساٹ کر ترنال انسب زخم دوزی دگلہ نسخ صریح کعوب
synth_001221.png,ریمارکس محکموں روح و رواں دھیما رنگ گڑمڑی ادبی
synth_001222.png,فراختیاں فلسطین چائے پوش
synth_001223.png,ٹوٹیو نبیدہ نام کرن مدھو مذبوحیتیں کرتوتوں نفاست مزاج چھلنی
synth_001224.png,ٹھنی نقص الدم مفضی دستبرداری
synth_001225.png,منتر دھاری عدرج نپٹاننا عالمین تستیر تاسلا
synth_001226.png,ارسال العلق نان فطیر تغلیبا پھیکوں کسبیہ تسوس نیلی ڈوری چاروں اور
synth_001227.png,نسواں روپ رس زوبیہ ٹمبر کنولی منافعء دنیا و آخرت تپہ ذواربعۃ الرووس پجوڑے
synth_001228.png,پارسپ ناگنا مکلفین ائمۂ اطہار مقدار مقررہ زہرن چرپرائے عاہرات شہکارے
synth_001229.png,نجات کامل سناٹوں آموز نثر نگار امتساکی اراکنہ اعلم حوالاتوں مقتسم
synth_001230.png,گناہ گار نماز جمعہ سنجاب دار کٹوں
synth_001231.png,مٹھیائیاں باج گاہ گھر کی پٹکی نقل لگانے والے جز صغیر موقت الشیوع دراز بازو
synth_001232.png,خدا کی دہائی نپل ستواتا تسمم جاگیر چاندنی زدہ تھوپنا
synth_001233.png,کوبیدگیاں خدودی لبھاتے رستم تخت طاؤسی تخت عاج اعتعار نپوا اجر کریم
synth_001234.png,کروں بھنیجن گلیشیائی مندراجی اظفار القط جلفے ٹرکائیں
synth_001235.png,زنا بالشہادت غم خوارگی دیگری ڈھڑ
synth_001236.png,شرف دار باخدا ضوبان بہستی جیسے ہی اشتراک گھنی گھور تعییب تنظیف
synth_001237.png,تلسی کا ہیرا جھڑپتی عاشور
synth_001238.png,بھسکر پھولا بنسی مسہر
synth_001239.png,پگلا اسٹرانومی نبطی خلیہ
synth_001240.png,بھجوایا روزف حکمتی نسبت کر مقررین قدرتی مناظر وہی خسرۂ کنکوت دل کا نرم
synth_001241.png,گرد آوری الٹا طمانچہ تھاپٹیا مثمنہ
synth_001242.png,کفنانے آنکھ کا ڈورا خدا کا فرض چھالنیاں سیٹھنیاں تیغیں دین داروں
synth_001243.png,چپ کی درد چندھا پن حلولیہ
synth_001244.png,ریگڑھ الحجہ لوچ دار آوازوں
synth_001245.png,جب تک شہپورے ضاوی
synth_001246.png,مخالفانہ کنودیتیں غاوین
synth_001247.png,چنگلن میثاق اربعہ دیو مالا سگالی دبیریاں راج بلی
synth_001248.png,ہرجہ ہچکچاہٹ قاصفیہ
synth_001249.png,پچتاتے نو گزی نیک نفسی نظر بندی صغرا قہرناک تلوار کا پٹھا منشی ازل
synth_001250.png,مراد مطلوب مقام پاکر برقی اخراج وصایا خورسند امیر بخشی چندر بنسی
synth_001251.png,عینی ڈانٹنی مذبولیت مہر شہادت الصحیح تڑائیں
synth_001252.png,دولت لازوال مزید مال سوملہ بچورتیں ریجھنے مغشی
synth_001253.png,قرض داریاں ثارۃ ابھاریو قونصلیٹ اتیاچاری لپیے رکھیا پالیوتیں گردانتیں
synth_001254.png,بزغالہ منگولیا عاہرہ روکا چھینٹوں زانوؤ تعلیقی
synth_001255.png,بکیو گودے نشکپٹ نور نبوت قنبر لاجکس راجس رئیس آفندی ایوس
synth_001256.png,ضعف بصارت نشان لطف جاں تھیور
synth_001257.png,لوح طلسم منسوبہ سریسہ گچھلیاں
synth_001258.png,گوہر آنندہ ٹیڑاڈ
synth_001259.png,میوزیکل انعام یافتہ ڈکرنا چھیپیہ انیورسری ماہرانہ اردوبازار بمباروں پدارگھ
synth_001260.png,فتح خان ضماد قلماقنیاں محال حضور میر بکاول بھونکس کچڑانے قتلق
synth_001261.png,مٹھیائے غیر ذمہ داری ٹم
synth_001262.png,مقام فی مع اللہ وقت تعقبین الثانی زہریلا پن ایئرپورٹ اترن جھلسیں تقدم باشرف لجونتی
synth_001263.png,تالیف دھیما رنگ معدنی کاروانوں
synth_001264.png,اپنے دم سے تنشقا ایت فروعیات بگڑتے
synth_001265.png,مموسا صاری داد و مراد جھاوا ہرائیو ٹیبل ٹاک تہن جاگرو
synth_001266.png,ہست نباتیاتی واجف ثاقولیاں چھالہ چھیڑتیں سمایتیں گھر گرست پریلا
synth_001267.png,پنچھالے ساتوک تجویز نوسیوں شنوائیاں غلامی کا پٹا
synth_001268.png,سنٹ رفتگی بھنبھنیے بگھاریں پھوٹکی بدر روہی
synth_001269.png,منڈھواتا دھانتی پچ گوشی تفضیلہ مترصد رو گرداں
synth_001270.png,ٹرینوں حکم قطعی چانچر تقسیمی الشفت جلادی زدائی مشیرنامہ منگول
synth_001271.png,رریاؤ میدان کا دھنی دھانسائی بلسے طرفہ ادا نطفۂ بنت العنب خلدیت
synth_001272.png,تعبیریں حد زنا ٹیل کوٹ تلفیف تنبول سمت نما ارفض ٹیریٹو ریل آرمی
synth_001273.png,پرپوڑا ڈاکٹری ٹخنوں
synth_001274.png,کمیشن بیس مردباز
synth_001275.png,مہ چاردہ چابک قدم نمود حباب چرہندے
synth_001276.png,صنعت توشیع معصیت کار ترویق ایماء مندوبین نصفتی مجراداشت
synth_001277.png,مینہ بوندی کے دن دست قدرت طاقتیں چیونٹی خور
synth_001278.png,تمرطی ایڈوانس سکلائیں تنفیط زرد نقطہ تڑپھڑاتیں
synth_001279.png,شکور سلجھ بریائی ڈسچارج تصفیہ قلب طائلہ سارجنٹ
synth_001280.png,تصویر کا عالم زرنباد شیر گھورو پھٹے منہ رغیس داسنی
synth_001281.png,عصر الحجر عصبیہ آفریدگاروں تخیلیت دور از قیاس چارمنگیاں پرکرتتو فشلیاں
synth_001282.png,بمباری خود سرشت دکھائیے لیڈرنی ٹنکچرز
synth_001283.png,پرمیہ نقش بوریا مادری زبانوں اسراعی دشت پاکیزہ شنٹنگ بھرونیاں دارالمساکین
synth_001284.png,پرسش اعمال ہجائے آدھوں پچکیے سپلائرز
synth_001285.png,ازدواجی گرجیں علیہا
synth_001286.png,خورندہ حتی تخلل تشبیہات فریبندگی مالٹا ٹبیو
synth_001287.png,شاہدانہ پٹنا سیماب الطبع مصرع پیچیدہ ٹھنگتیں اختیار مذی
synth_001288.png,پورہ توز صاف چڑھاتے اسخیات حذیفہ نام و نمود
synth_001289.png,پیتس المرقوم سود خوری گھر جمائی نمل لاحمر
synth_001290.png,تاکید دیگچا ملفوظہ تلچھا ضخیم الجثہ کسل مند وسیع النظر چھیدیے
synth_001291.png,مختلف البطن لہولہان مولی عنافہ یرید نرالیاں طامع دنیا فکیریات دھچکوں
synth_001292.png,مجانیق ثفافتی یلغار نو گرہ ٹنچا گرائنڈنگ محسوسات ظاہرہ عضویتیں
synth_001293.png,حجلہ گاہ پاوتا حشاؤں چھلنے علامیہ کھجلاتیں
synth_001294.png,عضروط برنار غذائے ثقیل اربعہ ٹریاتا اوپاس
synth_001295.png,ثمر مگھی بارہ امام پچھان فضیتی آنکھوں دیکھی نمازی پرہیزگار مذبولیت آبائیت ایڈٹ
synth_001296.png,عالی جاہ چاؤش کھٹکار حیوان برستی تائید اعتصاصی
synth_001297.png,ذی ظفر ننگ مسلمانی ہم درد بھڑوا عماملہ زر آتشدان الیکٹرانیات پردھا
synth_001298.png,منہشی نصفت شعاری مہمان سرائے ترک لذات شریک راہ فرازی قائم کیسہ دختر خانہ گاؤ پرستوں
synth_001299.png,گھریلو نظریہ جھمکارا رالیاں سگ زمانہ جوہری اسلحہ خانہ ندامت آشنا کونپلوں رام بھگت فتحہ
synth_001300.png,گرائنڈنگ ٹیلی ڈائرکٹری کشمیریوں دنیائے دنی مقناطیسی نصف النہار
synth_001301.png,چھگلی نہر کی بندی قحبگی چالانیاں
synth_001302.png,نقر نول پاٹلکاؤ نسلی تفاخر نام شماری ٹیمیں
synth_001303.png,نشاستوں تانبا بنسی جھوٹ موٹ کے
synth_001304.png,چنپا مفضلی جتو کرنسیاں گجالی عیش پرستی باز جست
synth_001305.png,آپریشنوں پائے کوفتن چپ ہی بھلی ٹھیک ٹھاک باضغہ بیوقوف
synth_001306.png,تلذذ مابعدالطبیعات ترمکھا علیحدگی گتھتا پنتوں لیاقت بدنظمی تیغ صفا ہانی
synth_001307.png,جیوش کہناتھا پھپکاریں جڑواتیں زچہ خانہ حیرت افزا فتاؤ
synth_001308.png,پولیتیکیاں راہنہ تڑاقو بسیو آئتا حمیدہ خصال تیز گامی چکتسا ترشیحی
synth_001309.png,پرستشیاں اضافی پھل چتاؤنی
synth_001310.png,تین ابعادی فارمولہ مے کدہ
synth_001311.png,سرمایۂ حیات کلائیں شررباز نکسی ثقیل ننھا مناسا حب کا تعویز اسموں دوتوں
synth_001312.png,چندرانا کلاؤں راہ الہی پرپشٹاؤں
synth_001313.png,تشت چوکی یاسمن پھلائے معاشیات دان ضیط
synth_001314.png,تلملاتے پارشت نر آدری نعتیہ کلام حربا اقتدارات عامدہ ٹکائیاں
synth_001315.png,اثر خیز گھیٹسنا فردائے قیامت اناؤنسر نیم سکتہ اپج
synth_001316.png,ٹھمک چال طبقہ سافل ابن مادر خدا واسطے کا بیر مزید کوشش پیٹ پوچن
synth_001317.png,چھوکنے موقوفات چو برسی برتیے درد انگیز حق نواز مدیر اعلی کیمیائی مرکبات
synth_001318.png,جھوتاؤں طعام پزی فرزندی مچھڑ بلاق پوترتا ملائیشیا پراپگنڈہ
synth_001319.png,چرخا زنی چھٹکیں شخصوں جشن لطائف ستہ یاقوت گہرا پن محکمہ آثار قدیمہ
synth_001320.png,الحسیب خر بازاری سجھاتی
synth_001321.png,پرچنا لزیر سجدہ طاعت سزا یاب تقرفات دربار رس
synth_001322.png,برائے چندے سہ رنگی تپکائیاں
synth_001323.png,مقتبسین الحافی دربانی لامعہ تلواریں وصید
synth_001324.png,گوجرہ کچکلی رانبھی ذوالقبلتین سیخ پر پگوڈا نپٹانے عرصاتی
synth_001325.png,خط استوا نوازنی چیتن ہار دیبا تائید غیبی ہاجر اصفح تردماغیوں
synth_001326.png,جھوٹ آنگھیاں مستورہ نازک بات گرمانی کفیلہ بٹائی پتر متصرفہ دورائی
synth_001327.png,رنجش گل شمع پرستشوں پیٹنٹ مذاق سخن مرکب عددی کھرہان جھاڑ کا کتا بسیے
synth_001328.png,مقوی بنیادوں گریڈیشنل بھنجو جتلائیو چٹخائیو غیب دانی تصرف بے جا مجرمانہ
synth_001329.png,باتوں کتب المسالک لہرانا اسکری
synth_001330.png,سہنے موقت رسالہ مسئلہ کشش بقچہ خبی عصفوں بکھیریں ڈھلائی گھروں گونل
synth_001331.png,پینائیاں قانون داں مہموز باٹا کشکوک تنصیص بالصفات ہبہ
synth_001332.png,الظواہری ام الکتاب مبارک پن نشاچری شرولی راہ نامہ مارملیڈ بد تعریفی
synth_001333.png,لڑھاتے براوزنگ روم سرپھوڑ کر پھنساتی بچھونوں گئے گزرے وقت میں انجم جالی
synth_001334.png,بھڈیریا کنوارا پنڈا پستے کا تیل جشن فیروزی صحبتیں اٹکلنے
synth_001335.png,چرپریاؤ سائنٹفک اصولوں مد فرعی نمکیات پریاگ فرضی
synth_001336.png,اعنش ذکر مطلوب ڈھانکائیاں
synth_001337.png,پنم بادشاہ زادہ مواہبتیں ملت فروشی جامہ رس نم آلود نفقوں
synth_001338.png,تھلیائیں معان مدھیہ دیکھ مجاعتین نوچو
synth_001339.png,تحاشہ یار فروشی اتارتا ساقیات
synth_001340.png,اکنافی ادھڑتیں سکیٹر باڑھیے بھرت باٹریاں جبذ
synth_001341.png,اچھائیاں قراض مخلوصیت سوجھے عورت
synth_001342.png,پستولیں ثاقولیت بھرمایا بھدراؤ سگلی کروڑ روپے کی بات
synth_001343.png,مری جوں زعفران نیش خیز فرد قرارداد جرم معابتیں کنوار چھل عہد حاضر سوجھتے
synth_001344.png,کج کلاہوں چارٹرڈ طیارہ تفسیدہ بازیافتنی محراب نما ناموجہ پٹاکاؤں طوائیاں
synth_001345.png,چکھنی ستانا فساد زدگاں کوتاہ فہمی
synth_001346.png,جھک جھک اندر والی سرناچی نگارنا ٹرکش تولیا
synth_001347.png,امیر المومنین صبر جمیل طرہ دستار ہیڈ فون منفی سرا فاطریتیں
synth_001348.png,منفاح پھپھوندیاں استطراد منرل واٹر منور
synth_001349.png,رفارم ممسک العنان دو کوفیا نمٹتی
synth_001350.png,کجھ محنت پسندی اعزالنسا
synth_001351.png,ریٹس افسق متعاون نوازوں نقد قانونی باہر والا تمرقات کورائڈز موج مرمر
synth_001352.png,نظر غور گندا مویہ گرماہٹ چپیکیں شربی خط صاعد
synth_001353.png,سقاوا جمڑیاں اذانوں طیف پیمائی ضع بے نظیر سکیڑ کرسچنوں
synth_001354.png,مکاسہ جاگیر انگشت نر ضروب مشارک شیشۂ دل سہ شعبہ احتجاج کرنا
synth_001355.png,لالہ رخ شورستانیت دفقی نیل کے ڈورے پائے افشار ازانہ نکھریں
synth_001356.png,مستسقی پلنگ پوش کچھرالی
synth_001357.png,گھومنا بھونسلا طباعی
synth_001358.png,دل کا میلا شب گاہ طالع مند شذوزی پھٹائیاں جتلانا
synth_001359.png,اینگلو انڈین سدھائیں تپچاقے انگرکھے
synth_001360.png,نگاریں گھٹا قلویات اٹھارہ گوٹی کورنگی ساننا بدن زیب شجرے شاہنشاہیت
synth_001361.png,اژدہامی سرفروشان مخلوط تعلیم تمرد پیشہ بھشٹا چرخ پیر نیل گاے
synth_001362.png,سطح رسن باز لنبیدہ
synth_001363.png,نفسانی عالم علوی جہنم کا ایندھن
synth_001364.png,مسطورات ماسلا نازک مسئلہ مقدر پرستی پر ملال غاضبات الو
synth_001365.png,عمدہ حسنا اعتدالیات
synth_001366.png,قتل بالحق چمگادریں چسکٹر گیندہ
synth_001367.png,ہاکیاں امتحان حسنی منافعء عمومیہ بھنڈریے بھسنی
synth_001368.png,گوشت خر کلکیں نرم ہوا کانا پھوسی تیسرے درجے چہار درنگ بات کی پوری
synth_001369.png,نگندتے قلع شیٹ ذقنی گونجیے عیب و صواب سوتر دھار
synth_001370.png,مشاہیر علم و دانش ستمی ٹوٹ دار قرقی دار تکاسلات سموسا نیند کی جھپکی نالندگی مشاہداتی قانون
synth_001371.png,چبکنی بھدیسلی مشتہر پوردا ستائیو وزر نریندر
synth_001372.png,جامے کارپوریشن سوسیج نارنجی ہلایا جھبہ شرزب عزت آبرو متقین
synth_001373.png,ناشائستہ نشاط زا چاچے
synth_001374.png,راجا اندر کا اکھاڑا دل کی تڑپ ٹریپس ارامل خود مطلب تیرہے ہوت
synth_001375.png,کوچ بان پداتک تصفون جدید جاں انا جیل اربعہ نمک کی جھیل اصالت خودآگہی بچھیرے
synth_001376.png,چیندیاں موج مضطر نصف آخر مردانہ جوڑا ججر میندار کڑوی تحریر سنئے عیطا
synth_001377.png,ماٹ تلونڈا اکثریتی بڑکنی مرصن ورک شاپ ناصف وعدہ وعید نوش
synth_001378.png,جوشادہ دو یوایس چلمن بیج دان حلوائن ابازیر معطیہ
synth_001379.png,نکاس نویس دست کار چغتی ہین طلسمی چراغ
synth_001380.png,پھلٹا متعلق ذات خاص ایر ہوسٹس گاتھک چٹکنی
synth_001381.png,منفعیعت قونصل خانہ دف نواز جی حضوریا اٹھارا
synth_001382.png,طشت ازبام گونتھیں قرسم تسلط محفل کی محفل عجیبہ خنے
synth_001383.png,پٹوانے نکتہ پیما زکیاس خیر امت عطاس
synth_001384.png,تقویم تاریخی سجھاؤ طفل افتادہ جھٹ پٹ ترجمہ نویسوں رما کنگری چغلاں خون کی کمی
synth_001385.png,کاگ کاسہ پہ کاسہ ذلیل اوقات
synth_001386.png,اعجاز نما معزولیاں رزالتیاں عابثین گلشن آرا نفسی جسمانی نیم گام چکھا جاڑا بہار
synth_001387.png,تہوا نیم دیوانہ ننگی چٹان
synth_001388.png,جگت طعنہ کش تکڑمی
synth_001389.png,زندہ قوت بکتی لولز خاندانی گرجا چرخی غدار ماغ طالع برگشتہ ٹرنپ
synth_001390.png,نو چندی تشنہ کام محبت چگانے
synth_001391.png,کھجلی انحصار ابتدائی عدالت سوڈا بائی کا رب جگجگی ہنکاریے مقیاس الساعۃ زشت بخت ذوالعقل والعین
synth_001392.png,پوستہ دڑکنے پہسوکر عاطل
synth_001393.png,تانگری چوڑی کا چوڑا رگیدیے آفل نواں نکور بشمول پکھالیا کھامیں
synth_001394.png,نرمانا شماریات داں من وتو
synth_001395.png,ڈانٹا دل ہیچ کارہ فازہر سحر خیزی عنقاد پومفریٹ
synth_001396.png,مریے کرواؤں پلیٹ فورم غزرات ترسیماتی لسانیات زر تشت توبہ توبہ
synth_001397.png,لمباتیں سپرمز نعرہ فگن تکسید دریتیم پاسپورٹس
synth_001398.png,مہذب دنیا جذموریں پوترا پڑ دادا ناپ تول
synth_001399.png,شید چروٹا ریتیں ناطورہ بدمہری
synth_001400.png,قمچیاں نان زنجبیلی مونتاژ نہری نعمت خوار مہرواں شرمندگی باغباں
synth_001401.png,زر جاد متجس طبیعت اکل حلال فوقا وان ناقوس نواز زمزمہء نے گنجوں
synth_001402.png,تنترک لڑھیائیے جست و خیز کاڑھے
synth_001403.png,ممتوعہ تبغہ مائکرو ویو مرئی اشیا کوبہ کو برس چھ مہینے ایمانیت چپڑ غٹو روزینا
synth_001404.png,خانہ جنگیوں ڈھیل مکروہ تحریمی سباکی
synth_001405.png,لیجیو نباہو ریسی کوتاہ دستی سکرنا
synth_001406.png,استنفاریت چھگلا تعزیہ خانہ پیڑے مہتو پولچی اٹھواتا خانہ بر انداز عالم فاضل
synth_001407.png,سپر مین امیرا صناعت ثنایائی
synth_001408.png,صاف ظاہر بیچ بھرا پڑا بڑھاپے
synth_001409.png,کدن حلال خوری تربوش
synth_001410.png,قانون بٹوارہ لسانیتیں نعمت چنچنانا اشرار فراغت سے ضرار ٹھونس رد عمل
synth_001411.png,گٹھڑی پرامیٹر ملاث عمل تکسید نلائے تحویلی زند اسفل نابہود
synth_001412.png,ڈٹیے چرب گوشت سورتوں مندرج ازادی
synth_001413.png,کفیں تم تم ٹاٹ زہیر گھر گئی
synth_001414.png,سخت دل وارنٹ گرفتاری معطلہ پرکریا کیمیائی گیس تمثالہ قائلہ لے تال جیسے ہی
synth_001415.png,خیر آشنا رندھا پڑھیئے سکیڑی بیداربخت جھپنکتے میٹھا سوڈا
synth_001416.png,گرائشیں سدائی بخت ور پھمنیاں سیامتائیاں ناٹتی قاسمی مبادلہ گر
synth_001417.png,گبرون ناثابت آورجہ شیر مادر روایت
synth_001418.png,قبیلقے سرکار مدینہ لاھور ٹینڈم پنکریاسے چورتا
synth_001419.png,بھقا مقطوع اللسان جتوائیاں اخراجا خط استوائے مقناطیس چکر کھٹمل
synth_001420.png,نپچانا توپ کے مہرے پر انیس بیس کا فرق نظری علم
synth_001421.png,چھوٹا سن پٹیری جھنگار کلاہ خسروانی نرمادہ مہیب تر ابو غلیظ الحجاب
synth_001422.png,صدف چھت کے چشمے لبھائیے مغسولین گئیں
synth_001423.png,چھلچھلاتا رشا مغاں چڑھنے سہماؤں
synth_001424.png,لکھاتا جوکروں خلطی چھورے
synth_001425.png,ندال دل براں حشمتیں پر دیس بسٹر
synth_001426.png,دگنبر راغبہ تخطہ کارہ ٹھنڈھے لہلہاتا تذلیل بدھ بھوتک
synth_001427.png,بسرتے مداصلی کھلتیں ساحری
synth_001428.png,ضفیط عبوسا نفس الامر ہفت دانہ
synth_001429.png,میٹھری دھار سیکشن کھڑا چوبینہ کتیہ رخود بھشٹ حلیفہ
synth_001430.png,دغدغانے شقیں کیڑی کاڑا تعرب جبدی
synth_001431.png,طبیعت کا رنگ پردۂ عنکبوت روایت کشی خوش و خرمی آشنا رو سحبان ریولیوشنر
synth_001432.png,جیالوجسٹس خم کن پروفشنی آئیملک
synth_001433.png,جگری چندوی نکچھ
synth_001434.png,فرخ اختر پینکیں تھتکارتا سمدھی کھوندیں
synth_001435.png,منگنی پرملا مرض قافت چھانڈ قلعہ داروں ڈاڑھا بھنسال رگ باسلیق
synth_001436.png,جہاں گشت نٹیا کھوکھلی نہالچہ پکا بھوت سہ قبلہ تیبسیں کھبتی
synth_001437.png,اظفر مطارح پانڑی محبان
synth_001438.png,کھوئے دھگڑ باز مندریا مقبس دقتوں اتلافی ذوف
synth_001439.png,ذریعہء ابلاغ آوری ہنٹر فیچر فلموں لٹیرے تخمیری معدلہ
synth_001440.png,صورت و معنی امپیما ضواحک
synth_001441.png,سیشیلز ضربیں بایوگرافیاں
synth_001442.png,ٹلٹلاتے پکارے گلے دراستو پردیس کشتری تفاضل انڈیانی
synth_001443.png,حنطلہ دستجہ جمم بہتوں نسائم تہ داری باندھ
synth_001444.png,ترنجان کرہائیاں طرازی ذات پات ارما
synth_001445.png,خیامہ ہوسٹنگ مطلع خوبی چوک مارا اداریہ میٹھا رس ندبی تکوین بدیہی
synth_001446.png,پیک تصوو حدث اکبر شہ گام بیرسٹر دبسیا نیزہ بردار اڑنے طاحنی راس باز
synth_001447.png,آفیشلز قادر حقیقی ضبطیء جائداد کھٹ شاستر مدبروں تھرک متقارب پانی کے نقش
synth_001448.png,تامبڑاں تکمیلہ تترات دمیہون تابوتوں دوسوی
synth_001449.png,استوانی خیر باد اتروائیاں زاوی مقتل خوانی ٹھیکے دار بھگتتا سٹپٹانے
synth_001450.png,جنسی مساوات فیکٹ بارہمولہ ممسوخ الفطرت عزیز القدر دعوت برمکی طلاق مغلظ جھونٹھیں
synth_001451.png,دھاگہ صوبائی راطم دستکیا
synth_001452.png,نکٹ ورتی شورشیں تحریف نگاریاں پڑہنے مرض لا علاج گھمائی مشیر خاص مختلف الحیثیات
synth_001453.png,ہم دبستاں منہ بنا کر خارق
synth_001454.png,عطیت رنج متکبرانہ چال چلن کنوویشن
synth_001455.png,روشن چوکی شبدیزی زبق زیق پاگل پنا شروع شروع میں الٹا سیدھا تڑیاں
synth_001456.png,پاک زاد ہوس پرور لحمیہ مفاوضتی
synth_001457.png,لبھاؤں تفلج مستعجیل
synth_001458.png,پروفیشن مارکروں ماٹھی تشریع دڑکیں مسئےل عنہ
synth_001459.png,کلارنٹ دوپائے اسنکلپ نکتۂ غیبیہ ٹٹریا گٹ
synth_001460.png,سوئفٹ سید اولاد آدم مفقودات مبادلہء اشیا پنچاس میزیں
synth_001461.png,چرخ ہفت طباقی تلویم نشاط انگیزی نفاق رائے
synth_001462.png,الائچی دانہ خلافت چنپا خود اذیتی فاقعی چھنگی
synth_001463.png,جھنجھوڑنے جل گیے مائعگیاں بازدید تبکیہ فکسڈ ڈپازٹ جھپٹیو محبت کا بازار ٹھنکائی
synth_001464.png,آبنوسی حدتوں راہ راہ سے داوری فتور عقل فم معدہ
synth_001465.png,رزم گاہ نوڈ دار تبصری سوز آرزو
synth_001466.png,مقبول ترین آنکھ میچ کر پرہ خرادوں مجمع اخلاق تشبیہ پرآور کمنٹیٹر مڈ گارڈ
synth_001467.png,مقیش پادست سنگ اساسی ترتیا موتراش جرغ قولیاں جنہیں
synth_001468.png,نظما و نثرا مچھلی بازار ڈھانپو بولیوں محرک
synth_001469.png,زن دعویء جنگ سرنگ
synth_001470.png,پیڑوؤں آرہی مہر تقلیدی بھسماکار سبکباری
synth_001471.png,اڑتالیسوں رومان انگیز فراختی نوراتی
synth_001472.png,دل کشاد نغمۂ عشق حضورنبی عدت کے دن قاثاطیر موازنۂ رقبہ بندی
synth_001473.png,نشکارن دل فروش خفگیاں مہر خاموشی چٹخانا
synth_001474.png,بہاور محبوبی تصیح مے خوری اجیجی خس خسی داڑھیوں قیتار جرہ گول اشرفی
synth_001475.png,پٹاریاں میلان طبیعت نصف دوری
synth_001476.png,شتابہ تکلف بر طرف ولادت چائے دان مفرغہ پرزوں
synth_001477.png,تنگ خیال دفنائیں نظربد ڈراونے منطبق
synth_001478.png,ماہ خانگی یکساں شب سرخاب
synth_001479.png,ٹنٹنا نور باطن ایزاد الاعشار پاسکاؤ عا اورک تیغ ید اللہ پڑھئے ٹھیکا بھینٹ
synth_001480.png,معرفتیں سیاہ گل نغمۂ دایدی ماہکنعان غلافا اشرفیت کررہاہے
synth_001481.png,مرہم زنگار نر زاویہ ازلیہ واجدحسین لغویت
synth_001482.png,تنگ دست مزاج مؤثق انسٹیٹیوٹ ڈبڈبانا مکھارن سکتیں درماہ
synth_001483.png,جاویداقبال حا پھنجی
synth_001484.png,ٹھاٹ دار سوتیلی ماں چھماسے گرینڈرز ٹھن
synth_001485.png,مفرش انک دار حجاز تصمید منتہائے نظر
synth_001486.png,فرار ہونا نصف کرۂ جنوبی میران کا بکرا اسپیشل دو رنگ شاہ بھولتی نو کھنڈ
synth_001487.png,شرکت صنائع فرشتہ رحمت چودہ بھون کانون سواد خط ایشین مقبوضہ
synth_001488.png,نوکیں ضمۂ خفیفہ دوشی طبقاتی ناہمواریوں پیک قضا اکمالی مہرنگار دلیل محکم عدالتی کاروائی
synth_001489.png,رملا استشمام نتھارائی جفتک ضمنی حاصل شہر غدار
synth_001490.png,قوت خرید ترقی کرنا زمزمے زین پوش استبدادیت لغوبیانی زمانیات برسنا عصارییتیں
synth_001491.png,لپکائیے کجاوہ مورل اسپورٹ پرونے کھادی احتمام
synth_001492.png,محتاط انداز میں نیم دراز حلا جی ٹیکس گزار پیش بازو
synth_001493.png,دابتے موصفہ شاذہ میوۂ ممنوعہ ام النجوم گلنا بھنکایا پٹوئی
synth_001494.png,چیونٹے معراج نبوی فرنٹیئر عنبر
synth_001495.png,پاکستانیوں الحکم خاصگی ہلکا کام خود فریبی مدکل گاو نمکین غسل
synth_001496.png,عبدالرؤف کچڑاتیں پکھریتیں سرفگند مقرور کاروباری جمنوسپرمز ملک گیر تنظیم ثمرنیں
synth_001497.png,رومانی افسانہ تندیل گلابی آنکھیں عقموں
synth_001498.png,میزبانی کمپنی مارک ناشادنی مدیونین زاہد مرتاض نرمبول طلابافی لئے مشک بید
synth_001499.png,ڈھیا ڈنڈا بیٹری موپ سائل الخیر میکنیکل انرجی پھوہڑ پارسائیوں
synth_001500.png,دشمنوں میخ زن عضویتیں آلا اودل
synth_001501.png,داہیہ ترکٹا منصوح گھڑ نعلی نرماؤں نرمی والا نام نگویا دھلائی
synth_001502.png,جھریلا چاروں اور بھچنپا گل کار
synth_001503.png,سکیڑا خود بیں گزاؤں پراگندگیاں تجارت مامون
synth_001504.png,موزہ بند کنکری کا احسان چندبجاری دیو بیلا خشک ٹکے معذرت آمیز سلفیٹس
synth_001505.png,راندھ لتیاتا جنریٹرز عیافہ بروتہ المدد رمز داں گھر جگت
synth_001506.png,نیشنلزم سنجھلا دستاویزیں ٹینکی
synth_001507.png,لہکارے خرابیوں سوزندگی پا انداز بنت العنب آگے کو امارگی نابینائی چکاوی
synth_001508.png,نر مادگی شربت خانہ کارخانوں
synth_001509.png,ڈھانڈھا اشواق نکارت پلہی بد نسل عیاشی کا اڈہ مہر نامہ اوزگل
synth_001510.png,چندروٹی نکہت گفتار نقض ظہر جائو تغشیشات حامز شفائے کامل گھوڑی چڑھائی
synth_001511.png,ناگزیر طور پر متجددات جھک جھولے سنگسار پنچانگ
synth_001512.png,لکچر بڑی ماتا ٹھسانا
synth_001513.png,شراکیوں مثالیہ شاعری غریق نیم منکر لگایا ولی اللہ شب معراج گرما گرمی طاؤس گردن
synth_001514.png,چھالیوں عطاء اعرافین زمانی ترتیب
synth_001515.png,عمل تسخیر فلائنگ آفیسروں خدا نمائی گردن شیشہ فریفتگان
synth_001516.png,غرامتیں حیات خیزی جرمن حبکا عمل عوامی جمہوریہ کانگو منفیت شاہد غیب سانسنی
synth_001517.png,فرزیتیں حرف اول ہشام اجڈ پن شدنیاں مصدر لازمی چشمی
synth_001518.png,دادرس مجل خاصا ہوٹر پیپلا قربص چھلکائے
synth_001519.png,پونچھوں خیال انگیزی چھٹنے پنساری درندیاں پودر من بھاونی اداکارائیں بروؤں
synth_001520.png,رقص شرر زیبندگیاں حسو طعام داری تہتر
synth_001521.png,ٹھٹھکنا گزارہ دار اجی چھنیلیں سانگیت رخمیں
synth_001522.png,تریسٹھ لڑکھڑاہٹوں چروائی بشاشتیں صرف نگاہ کورا گھڑا
synth_001523.png,گراتیں چھرچھوبی سچا موتی سورگ شاعرات دنبو
synth_001524.png,ٹوپی دسے اولاہتی شکرگزاروں کنڈے طرازہ تجزیہ نفسی دھودھوؤں
synth_001525.png,فردا فردا بدنظمی رندھیر سامراجیوں سوانحی خاکہ ہمدوش گیسوئے عنبرفام
synth_001526.png,کابک بابا جی قیاسا
synth_001527.png,تکوینی حرارت نہر کی آب پاشی بیا پرویشنیں رائلیاں تشبہ
synth_001528.png,فارمیٹ گزارتا ابھارتیں ھوگئے نم رسیدہ تنک کر
synth_001529.png,ٹوکیں آب سیاہ سیارو نادر گیس صحیح الخیال پھساوا دست بوس
synth_001530.png,چور مشعل عبادتگاہ فاحشین شوخ چشم ڈشز سکن
synth_001531.png,کھڑے چار یاری فوڈز نکہت و نور تنک دمنیں پپیکائیں آکھت
synth_001532.png,پھکٹیاں خطاے فاش دفلیا برہم بھوج ننگ دھڑنگ فریجیں
synth_001533.png,کالی پہاڑ دنبالا گرد دیک تماہیں سحابی
synth_001534.png,فصحتیں لاتناہی ڈان پراکٹر تعلیقی فارہہ روزف حقیقی
synth_001535.png,دہلیے مکھرجی دانتوا ختامہ
synth_001536.png,پرستھ نر ادر صاحب اسلام ساکت و صامت شقاوت پرایا بچہ فرفندی
synth_001537.png,ماتھا پیٹی مرجیہ قرین مصلحت وعا فوارا
synth_001538.png,نر کوٹ آویختہ میگرس کوپ بالاجمال ناصب مرتشی
synth_001539.png,ضرر رسیدہ استقبیلی رحیق رو سیاہ شازل غراب البین مقائسہ اشمامات لاہا
synth_001540.png,کھجائیے کھوریے راقی ریاضتوں چار کانے
synth_001541.png,بکستیں سنگوایا خرگوش خرام
synth_001542.png,پداراؤ اکڑنتیت موصفہ پٹھویتیں سکیرتے طوفاں ہنسلیاں مقدمۂ صغری
synth_001543.png,مثل بمثل طالبو کاسٹک پوٹاش
synth_001544.png,تنفسی نظام پراکتنین جوجھا بڑی آسامی لغرش
synth_001545.png,حصا یونٹ غیر معین گورنر جنرل راونت کہانی تالیاں نک چڑھا سولچھن
synth_001546.png,شرمندۂ احسان کچی دھات ڈبل ترازو عملیات اسٹائلش جھونپڑیوں بلآخر
synth_001547.png,نیک اساس رہیدہ دو قدم پر لانڈکے پترورناؤ سامنے کا ٹیروپوڈا مشترکہ طور پر ماء معین
synth_001548.png,اشترائیت جھومر کا چاند تھیلیاں ناممکن الوقوع نقاط
synth_001549.png,ایترے چہیر بدر ساز چنچریکیں مقائسہ اردز گجگریاں نٹتی الیچنے
synth_001550.png,عافیت سوزی گول گھومنا ماثدہ بسیط مستوی بھاشا گبدے
synth_001551.png,توبنا ڈربے خدا دوست چوبارا تاشہ نواز گودھڑا پتلکاؤں دھکیاؤ بڈ
synth_001552.png,ویڈ حلقیزہ لکیرتا بچھیڑا دم چند گونجو
synth_001553.png,ننھیال اسم مصدر میل دار گول مٹول غارتگاہ آکاش دیا موش کور
synth_001554.png,لبھائیے نفیل حصل شتی
synth_001555.png,لوائیاں ڈلیوریاں ٹکیہ راگیری گوشت خر مرزنیہ گڑنگیا حماض اترج
synth_001556.png,فوق الحد دم قبولیت تصدیقی دستخط اعلان
synth_001557.png,مخاطبت بلیات لوٹنا قرین صواب سبکدوشی روئے زیبا رجزوں
synth_001558.png,صدر محاسب سدیر زاخف مرغ آمین افسردا جھات
synth_001559.png,مقر خلافت اعاصریت نیلامبر رو دادوں من کی دھند چھٹنا ایمانیت وادئ نکارہ مہماں
synth_001560.png,منائیں یگونہ جارولی تحلل درشنکی پیاسیاں چربیلیاں گھسوں چوکھ تیلنیاں
synth_001561.png,پڈوک مست کن قلتبان
synth_001562.png,تتیا مرچ چرخ مینا مسجد مشعرالحرام پریموں
synth_001563.png,ٹچ پنا ارجک آہوری
synth_001564.png,تشخصیی مطب مرستان مسلح انقلاب فیضی برکہ نواسیر
synth_001565.png,بینات موسوعات پرامانکی ارتفاقیت ضماندار لدنا اکس جھوٹھا
synth_001566.png,ابو طالب جذبات نگاری چپچپانی خازق جھولیا پخنا انی دار جوتا
synth_001567.png,روحانی مفاسد عیب چیں مغفرت پناہ نجدین خاکساری نزول ماء دباتے درد و گداز چپچپائے
synth_001568.png,تمغاجات خط خون العابدین پیاری رسنا بسا
synth_001569.png,مفعول منہ شڑاپیں لامال اقیلیتی اعداد صحاح لیسا ال الہ پر رفعت
synth_001570.png,اکیل پن کاوش ملاوٹی چھٹتیں داؤ پیچ خدا باپ
synth_001571.png,زنگین تحت قانونی نسبت معکوس بزنس مین توتلا
synth_001572.png,ژوپینو نگاہ بے ادب جوربین آبرو مندانہ قاسریت پرپوگ
synth_001573.png,لجھی کاہے کا مضمون نویسی ترسنکھ
synth_001574.png,گلصنوبر ذہانتی جانڑیاں زرافشاں چوسنا جق جہاد بالسیف سائیکی
synth_001575.png,میکانکیت عارفوں تقدیر پرست سکۂ عثمان سادھا سہ گڈا دواسازیاں فتنہ
synth_001576.png,چکر پانی چوہانڈا گڑیارا شہادت شرعی جمنکا لٹا پٹا نشے میں سرمست مقدرت
synth_001577.png,انارکلی منڈھوا ایتر راج بھگتی دمنھا ادب قاعدہ جہد انابیت
synth_001578.png,لتازہ اجساد گمیدک پلہن پوتھی مجرم فراری
synth_001579.png,ٹانک رہے ٹربنگی شق کشور کشا نکھرتے
synth_001580.png,چورسائے ماہر ماہ وار دوڑا شاتمی متعجل پپلیاں کم سمجھ
synth_001581.png,مثالی تصویر کشی چڑانا شقدار برد دقیق مضطرب نگاہیں نفسی طب اعاصر کرنکی
synth_001582.png,ٹکنوں تنقید الرویا تیتر کن آنکھوں سے
synth_001583.png,محمد رسول اللہ فلسفیانہ ٹبر نومبر کورائڈی بہستیں چاول بھر دنادن مہاشخصیت
synth_001584.png,زنازنیں ارمغان راس النخاع مرحب چھپائیاں حل کاری کیلنڈرز ڈانڈی مار چھوکندریا
synth_001585.png,کانیاں ستارہ بیں ڈاکٹر خود محوری مقتضائے عمر
synth_001586.png,خواب خرامی سادھنا حلقہ آبگوں کتنی نظر ہائی رحوعیاں طعنہ ایفا
synth_001587.png,چھالنیاں نشان پاکستان پرچھیاں پاے مرد لاہیں جچ
synth_001588.png,سہملیں کٹک قاض
synth_001589.png,بسریے بخیلی نام کا نام جھومکا چاند جیغا پلیوٹ خروپوش
synth_001590.png,خرافی نزد درقیہ مولڑ دیوتنی سکاری مدارات بنون سادہ طالیقون
synth_001591.png,ہمیں حلال خوری رفت
synth_001592.png,طائی لوٹو اتواروں تھتکارا چکونڈے قادر اندازی چھوائے تعطلات
synth_001593.png,نک چھا پن غیر مصیت جال دار کثیف ٹل ڈا حوض نعمان بننے متفق
synth_001594.png,شاخوں توسدان پاٹلابھ نفاق و کفر ہلکاری خوشگوار
synth_001595.png,چھدانا تعمل تانتڑی مشرقی لوگ
synth_001596.png,نو آبادیات نشوز باٹریاں تقدمۃ الجیش طول طویل طاق عدد سیات چرکنا لپکیو
synth_001597.png,بہلانے احقرالانام تصنع پوپل سنگ اساسی
synth_001598.png,نوابانہ شکرنیاں تفتیشی پچتورا کھٹریا گجروتی مقلب القلوب
synth_001599.png,تلوں ترہل گوڈی ترئی کاسا پھول تھراتا سلامتی سے مسلک شاعری
synth_001600.png,اوریجنل محفل شعر و سخن نگارستان ٹیبے گنگنانا چھجائیے انفصالہ مہروع
synth_001601.png,گراں بہا دلوائیں اصطعاک لچک داری
synth_001602.png,اقلام ٹٹیری سیم من مستجیب مجسم انتظار مذمم
synth_001603.png,اہیرن لغت ساز ٹھرریں شمس العلما خزاؤں روبان
synth_001604.png,مخالص داور محشر پیلیا تاوڑی ماثل مدہوشوں کافی حد تک سامراج قطن
synth_001605.png,تبیع نائیٹروجنی بیکٹیریا قبول صورتی پہنے دوپن منزل نجات رحمتوں شوریدہ کار
synth_001606.png,نچلی رادری مسیتوں خراب حال خوطی لتے
synth_001607.png,ہائیر فے چتھاڑتے کھوکھلوں
synth_001608.png,دعایہ مہجری ادب بھاگو رازی تختہ ء اشتہار تتالہ مےء سرخ
synth_001609.png,متحیرہ ڈوریا مرجان مگوئیاں جنون پردازی منکر تغشیشات غازایہ
synth_001610.png,نیا آہنگ اونچیاں سوچے کلچر شو
synth_001611.png,پھونکتے زیر عتاب زر دار
synth_001612.png,ریفیوجی حاصل زسین احتساب غلیل انداز سوئیڈن اسرائیل
synth_001613.png,کچوئی کنزالاخلاق گرم درد دیانتداری ناچخ دونبی
synth_001614.png,شش چند مصالحتی لب و لہجہ شملہ نمک فشانی معما نویسی مصلح
synth_001615.png,مریم مکانی بھرک جوزق لاڑھیے سٹھیائے کافیوں گھنا بیلا
synth_001616.png,چروتر پروڈکشنل ڈھٹھائی قدر دار تفکرات سانجھ محکمۂ پولیس کومی زہرکشوں
synth_001617.png,بارہ بانی ٹھیک ہے نچوایا پہنچایں نومہ برنج ساز دال
synth_001618.png,کھلا بھاؤ بتانا محلے داری پرک حذاقت برسوں کا
synth_001619.png,طالش گساری سیام سندر افغانی پکھڑوٹا نمود جنگلی کبوتر مکھری
synth_001620.png,کالا چور فرید بوٹی لگائی بجھائی سدرہ نشین گسلا
synth_001621.png,کاٹھی چابی ہوسکیں قرض دہندوں آگندوں بارحات مست مولا ہپ ہپ تہدفات بوایلر
synth_001622.png,خشبوئیاں ذراریح سکسائی دل جو دلیل عقلی الحانیت
synth_001623.png,تاڑکاں تخمینی میچیں گور کے سوتے موت کا پھندا
synth_001624.png,پرمتھاؤ جھروکوں مجاوبہ دندنایا ترتیب و راثت قادری مرض متعدی دسیسہ
synth_001625.png,تتو گیان دوائی شرف کا روز میل بھر راہاں سارینا
synth_001626.png,ٹارچوں تخم دان چھنٹائی شب خیز استہداات
synth_001627.png,مفعال تربد خوشی کی گھڑی
synth_001628.png,آنندیوں لوح سادہ منٹ بھر
synth_001629.png,گرم خیز کینہ پرور مقدس زیارت گاہ بلیک راٹ دبائیں دھرتی پیرا سائکولوجی دماج ڈھونڈ ڈھانڈ
synth_001630.png,حیثیتیں مقایست گور پرستی
synth_001631.png,دشت طاہر چرمینے حرمیلان نیوتہ الفردوس انگوٹھا ٹیک کاروبار تیتر باز
synth_001632.png,مخرش دلت ہردے یکایک
synth_001633.png,دیوار پہ دیوار خاتم الانبیا ماہرہ ٹمغی کلچا مور چا بندی
synth_001634.png,کوٹھڑیوں برگن مبتلائے آفات سوہٹا مطارحہ جھپٹائیں سلوا پکھو
synth_001635.png,مست خرامی بحر مقتضب پلٹتیں
synth_001636.png,لاش بر لاش چھینکی کیمیا ساز
synth_001637.png,ربابیت عاطسات لاروں جوگی پن وبائیات راج کماری عیاشی نفس غنا
synth_001638.png,بھیگنا پکوڑوں اشکلات پگھلے تفریق مرکب لاٹھی
synth_001639.png,فطا پیازیچہ عسبی بالا بھولا چھیڑ خانی اٹوٹ انگ
synth_001640.png,ہپو گلفشاں کرسمس کارڈ دخرص قدغن
synth_001641.png,اگیانتا فرزہ منڈل
synth_001642.png,بادہ پرست نوابیت چشم ساغر چھنچھوندر دغدغائی چفت معیار الاوقات
synth_001643.png,ٹکرائے دوشنیں زمین کی مٹی
synth_001644.png,رسالداری پھپڑیاں رلتا گلستاں اربعہ اکثریت منت کی بیڑی رفقا
synth_001645.png,سماجی شعور لگنے دستک دینا
synth_001646.png,میمنت التزام اکا دکا خاطب جھڑجھڑائیں سوگیری
synth_001647.png,گل پھڑا فیروز رشیق الحرکات صنعت پیشہ ناغہ نویس اتحادین نخست مثال نبض مختلف غیرمنتظم
synth_001648.png,دھندھو پچکاریں سیلکڑز اترواؤں مکرو حیلہ اٹکھیلوں وسالت جزء زود اشتعال
synth_001649.png,خدم پچھتانا بساط خانہ
synth_001650.png,خوش آہنگی شان توابی مہر جہاں تاب عجین ڈینکے
synth_001651.png,گل باز شش گانی تماشا کار تہ جرعہ مکت داتا رحمانیت تابین کوڈ ٹیلی گرام پیدازل
synth_001652.png,انخسافی پتھر کا کیڑا پسلا تمسک مصنوعی تنویما ساچلیاں انچانیں
synth_001653.png,بصیغہ سنت موسوی نوطاس رین
synth_001654.png,جہانیاں نہل اوپرا دودھ چاساکھیں دھلیے روزی رساں قنو اچھالنے
synth_001655.png,سہاس دروغ بندی مخنچو ٹیکنولوجی راہبیتیں
synth_001656.png,حناؤ عنایتیں چبلے برسر خلاف سائنٹفک دو روز
synth_001657.png,نکتہ فہمی اظلمی نگاہ سرسری بلیک بورڈ سوواں چیتھرا عصارہ انگور کڑاکا
synth_001658.png,قمرپیکر باپ کا اجارا تنویر مرکزی برچھی کی انی نالندگی چپائیں ڈھاک کے تین پات
synth_001659.png,دائم الجوع لاڑھیا معمول ترکیبی انگ جیبی بیاضیں تغیریت سربتھ آپا اماں
synth_001660.png,بجیے موت کی نیند گراں خوابی تہجن زیر نگیں انثی کیڑا مار گندن
synth_001661.png,پرچولیں گلوٹینیں منہ کی آئی بات عاشورا مواد مرض وطی سفردائی پکڑتا
synth_001662.png,ٹنٹن پسیندا حنایتی ٹس ڈیڑھ کنا مسرت افزا زہر پیکاں جیٹھیاں
synth_001663.png,شاہانی خرچائیاں معبود برتر اسطقس ننانوے فارق
synth_001664.png,نام کا سکہ کجلوٹیاں ساغر جم میناسم جام صحت مرادیں
synth_001665.png,نرزہ ٹی ٹاٹریں نیلا پن موجودات پادلیں
synth_001666.png,مہلا جنکا ڈائجسٹوں رفخہ سوکڑا
synth_001667.png,ذرات سازی مشکن پاخہ کلکنا نازیبا مقدس درخت فلح
synth_001668.png,پدینہ تمامی کرسکتے ٹاٹلٹ
synth_001669.png,بائیسکلز راقصات زائیدۂ فکر مایہ کنٹریاں خاندانی پاسبان
synth_001670.png,دلاوروں نیبو کا اچار اشکن رقص و عنا منہ چنگ گرد کش
synth_001671.png,کینہ پرور خاص طور پر میلے چکٹے گونتائی راتب حضضی نان قلیہ قطعی
synth_001672.png,جلم پٹون قطاربندی ڈانگ انجبی ترفے برگ حشرہ بےقرار اسم فرضی
synth_001673.png,تبرزاتی قحطوں مرکزی حیثیت رذیلہ حضار
synth_001674.png,بریک مشقت شاقہ قزوین ہرائی وائٹ سنڈے پرواہکاؤ مبرات درماندگیاں علامتی
synth_001675.png,کہاں تک خردہ بینی حلق راس خطمی نجی ملکیت تھوک فروخت ڈلوانی ناقص الایمان خدا مستوں
synth_001676.png,سکڑی سہمی تولن حج عام نیمہ تن ترقب اوتعاشی جوہر سخن مناعت خاندانی
synth_001677.png,دادگاہی استنشاد ہنوز مشربی نگلائیاں ہلو
synth_001678.png,پھاٹ گرافیں مجرد
synth_001679.png,بلندبام دستیاب شدہ جونپوری فازہری مچان
synth_001680.png,رئیس الاشقیا لاغرض عوامی گیت بہلاتی مرسل الیہ پھوک ارتکاضا نرسا خیار الرویتہ
synth_001681.png,چوب دار طولا چکنسک اشراف گردی
synth_001682.png,باد پیش سلجھاتی فل اسٹاپ شمال
synth_001683.png,اولیمی صوبجات ٹھاڑنا بھویں مئات
synth_001684.png,اتم الایام گوبر استغنائی فرد فرید منازل بسالت رامش گر پدڑیاں من شاہجہانی موجود بالفعل
synth_001685.png,مقراضیں مالنگا مظہر جلال الہی چنگ نوازی نظم عالم نادرالفن متوکل جنبھری
synth_001686.png,دیناز پچھوڑا ظہرالغنم شہادات بہکیو وفا کیش بیٹھ
synth_001687.png,اشایب جرم واجب القتل تلذذ
synth_001688.png,مفہم بروپی حکم مطلق گماشتگی
synth_001689.png,بھابیوں ابھارے اختصامیت متعلقہ دفتر بنفشی خالق کائنات ہبڑا ٹیرامائی سین لہر
synth_001690.png,بانظام جھلستیں رام بھگت
synth_001691.png,تجمیریت آلیوں نو روز عجم
synth_001692.png,بھومی مواضع کشی لاریں
synth_001693.png,رائحہ پھپکارنا دونتری پتہ عصفور بدھت نی کانتا دودھ بہن چرپرانے
synth_001694.png,رابیلی شمشیر جیلوں کرات
synth_001695.png,بھاپ کا غسل دھاک دڑوکنا لاوطن سامی خط رقاع مکالمانہ غلہ فروش
synth_001696.png,عدولی زبل نفسی عارضہ سہایا مجمود سمدھنیں ڈانڈا کھانڈ آہار
synth_001697.png,خشت پزی برنج بر افروختہ برج اسد پھنکواتیں مجلا کاغذ بدری کی ڈاک نماز شب بھوچکی
synth_001698.png,تامل قوم پروری ہیو مسیح ابن مریم بریجہ گریۂ شادی شغل مے قیدق
synth_001699.png,پلٹنوں معمولی کام پیلا چمڑا فاسٹ پڈم قدر انداز کشکابی دھوپ
synth_001700.png,اپرادھ مراد بخش ناقص طینت پال کا
synth_001701.png,میٹھا پوئیا پار مورچہ پارہ دوزی ٹانکیے حمام چی جھکاڑیں منگوانے نسائیت اصوبیات
synth_001702.png,حزندہ مہیرہ مطاعم اخیات نوبت دبکاتیں
synth_001703.png,رے تر رفائد ارزندہ مومی کام
synth_001704.png,ماہ ہلالی رات دن اسمگنگ پہچاننے موچنی
synth_001705.png,کمان گار طرحداری سان تسمہ دھوتری پٹو پیش سینہ نو دولتی نور علوی خردہ پیما
synth_001706.png,تقلیم بسنا لدونت پرکالا عقلیت پسند
synth_001707.png,پھول کے دن ریو ندانا پکچرائزڈ احمد فواد خدائی رات
synth_001708.png,نقطۂ پذیرہ تین روزہ زندگی جشن افتتاحی چیٹیاں عابس متعفن جوہڑ مفکرانہ متانت جرائم خفیہ
synth_001709.png,برد یمانی اساتھ وارنٹ جاری کرانا معلق زن نر بھوپا سوکھے
synth_001710.png,سرافیل قباحات پرپلاپن طیارہ شکن کوکب ساعتی متصوفانہ اشعار گگ لہلہاہٹ
synth_001711.png,گنبدی ساہرین سطح جوہری سکو پچھتیے
synth_001712.png,چنا تربھنگی منفی انتقال حرف اندازی لاڑکیاں
synth_001713.png,پائیٹھ شکل پذیر بسنتی جاڑا وصولی موسم کے میوے دیواز
synth_001714.png,بخشائی پرستندگی سٹلمنٹس زوف آفتوں
synth_001715.png,پنچاریاں کہاکہ حاچنیں صنیر لاثانی پوشش قراقوشی ڈیوٹ راپییاں
synth_001716.png,تیدھر غسیل بدعقل ذریعے سے چھلیڈاپن چاند پنا عاشقین
synth_001717.png,اتیٹ غیاب شرکت محدودہ رسولیں جینیفر غلاظ
synth_001718.png,نشاۃ الاخری بھنگڑہ معجز نما پال حدود عمل واجب الادا منجلا روزہ کوہ نورد
synth_001719.png,قرارداد تلوندیاں ضارب ٹوٹک طاقی رات کا راجہ
synth_001720.png,ہنہناہٹیں جرمانوں لجاجت آمیز ارپن
synth_001721.png,لنگیوں کوئی پل پرکھیات معدلانہ جھڑوس قریحہ مقدمۂ کبری کمپٹیشن اعتابر
synth_001722.png,دعوت الی خیر لواؤں انتاجا عالم اعلی لشکر والا گجروتی
synth_001723.png,جمڑی پہرو برطان
synth_001724.png,تعدیلی چھجاتیں خطی طیف سرمہ آلود
synth_001725.png,مبالغہ آرائیوں بھگا ناکردہ مجتہد الفنون بن بیایا
synth_001726.png,برادے چھوٹپن نداے الہی مکنونہ حیلہ زا کلکاتے تب سے
synth_001727.png,تڑکتا شرمیلے سالک سلفر
synth_001728.png,بادہء ریحانی سائیکلونی پستولوں
synth_001729.png,سدھائی حماطہ جھانک کر پیویلین
synth_001730.png,مکلفین استفاقی چمٹانے علاقہ پھرتی اشرف الانبیا
synth_001731.png,اوقاف راکب پوش یوسفی
synth_001732.png,ہبطی پھاندنے آہنگوں مخضودیتیں
synth_001733.png,چلتا نسخہ خلد بریں مہا پرش رپلائی حلوا پوری
synth_001734.png,شکر کی چھری کچلہ مقبولیت دوام چمھارنیں موجود فی الخارج
synth_001735.png,شالوں مارق ذوالکرام لوشنوں شرطیں موں پھاٹی تھیلوں عدول ٹابرا
synth_001736.png,چندھیائی نائبیت رشتہ عمر دوجنسی تورقی اٹکائی موت کا پیام
synth_001737.png,گل جانی غیر مترنم رہائش گاہ فرض شناس
synth_001738.png,سبندان گرانبار سیاہ گھوڑا
synth_001739.png,فیصلے احتراز ریوالورییں
synth_001740.png,پیغام بر موجیں لوٹا ٹھاریاں
synth_001741.png,خنجر دو دم پھانکو پلندوں کھپ عدمیت سکاؤٹ بھلسنی تلل تلل آئینوں
synth_001742.png,اجارہ دار ضرع آؤلی
synth_001743.png,گرم روی خراماں خراماں ترقیمہ باز جست معبدگاہ ریداس
synth_001744.png,مفرغ بھتوں طوطا چشمی نربیج اسپیلسٹ غنخناؤں انتقالات تہی دماغ
synth_001745.png,ٹپکے رشتے ناتوں تیج الفکر پرچھار
synth_001746.png,تائے تانیت سرمئی قلم ٹنگار
synth_001747.png,کینرؤ پلئیر بردھائی
synth_001748.png,مہاسوں ملتوی کرنا الشمس
synth_001749.png,پانجرا ناک رگڑے کا بچہ درشت آواز اخبثوں گڑاگڑاہٹ اڈوکیٹ
synth_001750.png,ظن غالب پسیں رد و قدح شہریوں اصم صفدر دھاوت سرمائئ
synth_001751.png,اڈے دار کیمیکل ایگزامینر نور گیں کھسیانا پن پچھتاتیں سجدہ درشن اہالی عروبیتیں
synth_001752.png,معاشی حالات ٹوگو پرتبھاؤ کساح خلاصۂ ایجاد مفلساں مغایرت
synth_001753.png,محرور المزاج ناخوش اندامی دربا گھڑنے میلو ڈرمائیت مفاتیح الغیب پاکک محققاتی
synth_001754.png,پھونکوں کراہیں ناز نخرا مسقط الراس ننادی تابہ حال سیلاب رخی جھانپل مؤقف
synth_001755.png,کانٹا خلعت پوشوں اپریچا مجاہزہ چراغ تربت حارجانہ
synth_001756.png,خرافت گوتم جھنجھوڑا رفاہت مکھوا بھیجے نزاکت خیال تنی
synth_001757.png,گوٹ آمرین سیکرینر
synth_001758.png,مازن پڑ پڑ تھااور لمبی تڑنگی مفنی ایچر کلید خانے مکتب خیال چھلاووں
synth_001759.png,مدرسے نازپیشگی تلا کوٹھی ساتن ٹرٹرایا خارق دھتکارنا
synth_001760.png,تلوں کا کچا پھپسا جیٹھ بٹیا فقیر فقرا سنجابوں ناانصافی فرزانہ روایت شکن
synth_001761.png,اردلی النافع غضب
synth_001762.png,بوریا بسوک سیلیم ٹبہ
synth_001763.png,میٹر بینڈ اتصال الشہود فاسقہ مجالس عزا موتی کی لڑی
synth_001764.png,نقصان مال یوفون پسائیں اٹھاؤ چولھا پھال
synth_001765.png,مدنف المومن شارسانے پرسادھنی منظورف خدا
synth_001766.png,ہووج مدرسہ ابتدائی پکاسے افسردہ طبع من حیث المذہب انگلا پپٹاؤ تادم
synth_001767.png,تحت بہستی سون تخم ٹملی من بھاتا کھا جا ماہر لسانیات
synth_001768.png,اناڑی پن لجپال فیسیں کوا ویمن ریٹوں
synth_001769.png,جرثومیاتی اقراص چرائیں
synth_001770.png,دلیل عقل پاتڑیاں ضمضمیت گاڑتے موج گہر ڈھیر سا ایسے جی
synth_001771.png,چوگنا پگوئے دراہائی
synth_001772.png,خط مسماوی اورنگزیب علم نقشہ گری لیتھو نفع آور تمہیدیں حیرت خیز بھرمری راشن کارڈ
synth_001773.png,آویزشوں موت فراشی دست طلب ملازمان
synth_001774.png,زویین متحرک بالا ارادہ ہربھجتے پھلکی
synth_001775.png,تکلیف رسیدہ تضرر خلنجی جھمکی جمیقند کیفی اشمامات نڈھالی پھیلنی
synth_001776.png,چھٹانکیاں معترضانہ کروت
synth_001777.png,امچی طلاع کوبی نون کی پالی ککبیں نصراللہ بسنی
synth_001778.png,مزمت پرناش میعاد معین چرر مرر سنگھایا
synth_001779.png,خضرت تابمقدور گل فام
synth_001780.png,کشکنجیر مفلوکی ککونیں شلپا پریشانگی بسرے
synth_001781.png,تکسیریں کھنکھنانا اوراگر سخلہ رخصت حد کے اندر
synth_001782.png,مولائے نجف اجاج مغلوب ہو جانا بدارنا چمٹاؤ اجڑیں تورید چھوٹ چھٹاو
synth_001783.png,ابقر فرصت سے جگمگاہٹیں لا وارث سوئیٹر پلٹ کر رکھانے
synth_001784.png,پستکی رگھ تزہد دباتے موتیوں کے دانت کوتوالی
synth_001785.png,جبھلہ چمبیلیا حاصل مشاعرہ بل وان پریتھے چوب تعلیم بچمنیاں گدڑی
synth_001786.png,نبض حار مشاطگیاں سائکل شفا خانوں ناتراشیدہ کندہ بد فہم نندی بیل اپنا پیٹ
synth_001787.png,دیر گئے مقاعد مولدالحرارت
synth_001788.png,زیرۂ سفید جتھا پشتویاں چلڈرن ناتےدار خانۂ کمان سن بلوغ چگاتی عشمات
synth_001789.png,المسلمون نرباسنا بزوغ کھینچائیاں بیٹھوں حاضریہ
synth_001790.png,مٹھور ظالم سوز پاس انفاس متقاطرہ فرعون
synth_001791.png,پداسنیں چندر کانتی پچت منہ کی گالی یوایس کھونسٹ گور چمڑا جھابر پتیلی
synth_001792.png,پڑھائے مثالیت ڈوب چوہڑا چمار برجتیا سہیٹیں شیر ڈنڈ صدمہ
synth_001793.png,سانجیں قبیلہ واری لطف فرمائی سلنڈرز گدرایا دھینگی مخاطب
synth_001794.png,ماسنی چٹکلہ نانوھتیں طغوہ شنیدن نظر فریب دھجا جھن ہڈا غرض
synth_001795.png,کرسمس آئی لینڈ کوبیدگیاں لامطہ رشاؤ پائیٹھ ہا چکریاؤں دخیل کار
synth_001796.png,سٹینسل رفارمہ ماہر عضویات دنڈا پہلیں مقدمہ کی تاریخ سونپنا مونگ پھلی
synth_001797.png,ٹھوکر کارز متفق ہونا حبس بےجا سیکریٹری بٹوئے سید البشر
synth_001798.png,کنامیت مٹکوٹھا آقائے خانہ بساندھ دھلنا سیکنڈز پھٹکری ٹمٹماتی کناری
synth_001799.png,نسلی افزائش راضب شکرانہ کا سجدہ باب نقرئی گھوڑی پڑپڑاہٹ تلہ
synth_001800.png,قتل کی رات تہ دلی جھنڈے دلی انس ثغاؤں مسکون
synth_001801.png,بندہء زادہ طحنی تلواءی کلیر ڈھونڈائی شیروں جتیایا ترتیبا نظارے کی ہوس
synth_001802.png,گر بد گمان ابھیمان تنٹی مایا پتی طبیب الارواح عبوسا نما شام
synth_001803.png,گل یاسمیں شہادت عظمی کوئے نازاں مرتبۂ واحدیت
synth_001804.png,کوشش کرنا ہزیمتیں قلاب
synth_001805.png,منصفی کا امتحان رزالتیاں کدو کاوش ازرق خرچے تجدیدی گلصنوبر صاحب کشف پٹخارائی
synth_001806.png,ناترس زمانۂ حدیدیہ سندھی تلوار ٹھڑا
synth_001807.png,طماعہ تلمیحوں آفرینوں سلجھا
synth_001808.png,مواحدانہ نیک نہادی رکنی دور سخت گیر تشمیس بھینسوری ناشایستہ
synth_001809.png,منقوش خاطر من ملے اشباعات کثیم
synth_001810.png,پھانستی نوڑی چھنچھنائیں متہم لب نازک اسخیاؤ پیش حیاتین چرپرائیے
synth_001811.png,رعشوں مفسرہ جیکڑ بھسڑ ملزمہ خوشحالی میکہد
synth_001812.png,مراہم نا اہل ضربات سکریٹری شپ عم زاد
synth_001813.png,پختہ تر اصفہانی کینہ آوری سوتی برندہ ٹانیے اسٹارٹ
synth_001814.png,مستوجب مناعت موروثی استیذانی پگ نون کی پالی
synth_001815.png,نپجائیاں سیکھنے محکمۂ بلغورخانہ
synth_001816.png,شرارت کی نظر پسانے خجالت خوطی زر پرستوں
synth_001817.png,مصلحت ایزدی ایبس ساٹویں تبرزین خدانمائی تحریزی
synth_001818.png,چھٹوائی شاء ٹراٹ
synth_001819.png,نوشہی نوشی طغرہ دولیمشی سایہ افگن
synth_001820.png,چکوال بسرنی سحار تحرک
synth_001821.png,درگزری عضد کلپنا پذیر نظارے کی ہوس خوش فہمی سرہنگو از راہ
synth_001822.png,بھرکر بصیر تضحیکی شیلڈوں دفع دخل ڈھابر جائیگیریں پائنٹ
synth_001823.png,ڈکیاتا دوہیا سونڈ ابسیں
synth_001824.png,صلیب پرست چوا چندن اسخیاؤں پیٹھ پیچھے چانچر باڑا مچھر دانی جونڈا خودنگر
synth_001825.png,جنبش ابرو سند شاہی معاشرتی حالات گودائی
synth_001826.png,ٹنسہرں درغالہ تنابزہ سڑا
synth_001827.png,اٹھوائیں بسیاری ملتوی کرنا جٹل آب کار عسر ٹیرس چیس پڑہیے
synth_001828.png,میکرو بس چھوکندریاں پاٹھ چکا چوندی مرحب گھبراویں نا خدا ترس
synth_001829.png,خود کش چاردہ معصوم پیلاگرا جاکھوٹ انساب الرواہ رمازی
synth_001830.png,غیر ذمہ دارانہ تکبیر مکبد ناک مندیل مفرق مقناطیسی طاقت
synth_001831.png,قرطائے رائے پٹیلنا راس دھار
synth_001832.png,حجن وفاقی وزیر جھنکھت فرار شدہ مکھڑ سودھا
synth_001833.png,نکتی کباب سیرو تفریح پٹپٹاہٹ مہمیز شوق
synth_001834.png,رشحات فکر پاجن جلدوؤں نخز حیوی بات کا پکا
synth_001835.png,تصویر نہالی غزرت مقامی آبادی بارود کا پتلا مداورہ پالسی گیرندہ موئیدہ نو چندی اتوار
synth_001836.png,مرسی چنکلہ کنووں پرکھیں اولینڈیں
synth_001837.png,لیجئے دیوڑھیاں فیوچرازم چربے خوال
synth_001838.png,کھیل پتلی صاحب عدالت بد گوشت اضبطیاں
synth_001839.png,اصطرک وحید زماں میٹھی چھڑکی مادری ٹھیکری کی طرح
synth_001840.png,عداوتی معاہدہ نکاح بائیڈن چوہڑا چمار ہمبر
synth_001841.png,پپیا نو کشیدہ چودھران اندھوری کلچرائزڈ گدھوئی چترائی بشپ شاہی حواس خمسہ
synth_001842.png,نکھرتے شہرت جیمنوار جھگلیا ذہنوں تخبیط منعمیں طاعونی
synth_001843.png,اڈنڈ فرزند نسبتی اجڑنا پجڑنا
synth_001844.png,گز معماری دیکھئیے نرجھل حقیقت انسانی نفوذ کلاچاری
synth_001845.png,بزعم خطیبوں انقلاب صیفی
synth_001846.png,برے دل سے زر معاوضہ پتر پوجا خوئی پھندناسا تپتا بھوڈ ٹھکرائے مثلثہ
synth_001847.png,گڑگڑی کھرج کلپتے لگامیں لنگیاںجر
synth_001848.png,طلاق مغلظ سولیوں سادنی اسپانسر نواحی علاقہ پنیائے صلح دوست
synth_001849.png,پیسے کا میت مےء گلرنگ بات سوچ سمجھ ک فاصلۂ صغری شایقی
synth_001850.png,زکوۃ زر جعفری سکری پارکھ حنکت ترہیبی کراٹے
synth_001851.png,میتھاولا نزکائی گر دوارا لہکائیاں غیرتیں بھکھریاں سنچرانے خط ریحاں
synth_001852.png,قرأتیں باڑیت نوری نہال نائٹرک ساز ننگا پن حکما نتارائیاں پردھ اللہ کا رحم
synth_001853.png,فواد سرکائیاں پٹنکاکیاں
synth_001854.png,رگولیٹرز نا محروم نماز صبح سرنجز عرقوبیں سنگی خماہان
synth_001855.png,لولیا ملاغم بہروز تصادفات بھینکر بھیک کا ٹھیکرا ابرتر
synth_001856.png,پھسل کواڑی تحریر سرمہ حلب بات کا کچا آستاں پراستاؤں
synth_001857.png,عملیت مظہر اتم مزاج ملی گمزی
synth_001858.png,فیروزہ لکھاؤ تشبیہ مرسل انہضامی
synth_001859.png,آئی ایم ایس دیانہ دائم الوجود مولودیا پکریا تلوار کا قبضہ شہزاری
synth_001860.png,چھچی بوم پروانہ عثمانیہ جھلابور بروٹ پاؤں کا چکر شراکت کاروباری خاک برداروں چولھوں
synth_001861.png,زہر دہی عباؤ الین مٹی کا رشتہ مبردہ خط نستعلیق پرتکلف
synth_001862.png,فقر الدم غائیو میزانیہ گرانٹ نرم طبع سرنشین فکیریات لواؤں
synth_001863.png,حرقت بول خائن انشوطہ بھونتھو بحری سوسن ہڑدنگا
synth_001864.png,ورکنگ کمیٹی جاپانیکا حزب اقتدار
synth_001865.png,مؤذنین لابی گھنگھولتی سلفائڈ پنج ہزاری نور گستری نالائق پن ثبات قدر کنکیں
synth_001866.png,امین مصر کی روشنی خاموشی مولسری دہتانیت مجوزین
synth_001867.png,سیاہ دھبا موسم سہار دوکہ
synth_001868.png,مہارشی لزاز وضو ٹھنڈا ہو جانا جنواؤ لوح مشق نصرۃ الداخل قرقمانی گر
synth_001869.png,خلد بریں سہ پردی نخز حیوی تخت بردار پٹھار مارمیلڈوں حربت اٹھاونی جھوند
synth_001870.png,پھپھوندے طرفی موتیا بند رحیمیتیں دلدلا نرلیپ انگ وارا ابنوب
synth_001871.png,مفصل رزی ماہ عرب آشوبیتیں تفقہ پنڈخیاں پیپسن رجسٹر رولاب حدیث ناطق
synth_001872.png,ڈاکٹر مولا مشکل کشا چیرتی ذی حق نور توحید
synth_001873.png,کلبلا علم حصولی کاملیت ٹٹرھے اڑو عجائبت مؤثر فصل اسباغ
synth_001874.png,برج باشی پرمٹا نراسی پادپاں گم نامی ستوا قریب الفہم زوج و زوجہ
synth_001875.png,انگلیا سبز بخت گھومتے سینہ توڑ مکانی احاطہ
synth_001876.png,سباتی مثلث اومان زنادقہ وسیحت کرنا سلسلائیں مہا اپرادھی آسنی
synth_001877.png,ضامن ثامن ڈھونڈو کفکی
synth_001878.png,فعل معروف بابوؤں پہراؤنیاں گھڑا رکود ڈھانپتا کنیاتی
synth_001879.png,سرماراجو مورد عتاب کھٹکارنا لپنے دستیاب شدہ کسوات راگ باجا ادان نل کھونچا
synth_001880.png,سونٹا سا پلاسٹڈ اسحاق تسلخی جل ککڑ شبد کوش خچرا عوامی
synth_001881.png,نفس گدازی رسوئی دار خلاصۂ روئداد مسی
synth_001882.png,کرایہ نامے کلینکی تحقیق بلسائیاں بھجتی خارج العقل
synth_001883.png,برین صافینامہ دقت زبان تولنیں
synth_001884.png,پیوستگی ڈھلوائی پالکیوں
synth_001885.png,طشتی بہکتی مرچ سفید تحبب مراکب دساود موتیے کا پھول دھن بھاگ
synth_001886.png,تابڑ توڑ برس بھر خط توام حالبیں متوفی خرچتے چھاپن
synth_001887.png,مدلسات الزمان متخذ موزمبیق ننھیالی تغر چنڈال مینڈتے روکھے پھیکے
synth_001888.png,پنیاک ہنکانے بسمہ سازندگیاں پھولوں کی چادر ککیاہٹ ٹھائیں
synth_001889.png,معدم راشن ڈپو اٹھارہویں انزعاج ٹرام دھاون آلہ کشیدہ گلبن
synth_001890.png,مفتقر مبرودو نحیف القوی آیتوں قریب الجوار پادزہریں بیگی جوبن زور
synth_001891.png,کھیبیے تکھریاں جویائے پردۂ نیلگوں پھولوں کا ہار کوزۂ نبات کنووکیشن
synth_001892.png,امانتوں قلقل سوکھا سڑا قامع کاثرہ نغمہء داؤد عینا
synth_001893.png,فاسق و فاجر جگر پارے شبستاں
synth_001894.png,متحد الاصل ناپائیداری بکریوں ڈب مصابرت
synth_001895.png,فارغ البالی ناخن تدبیر اسہل اعظمی عدم آباد
synth_001896.png,تحڈیری جھالہ چھوڑتی تشددات مشرقی طرز تولنے تراشائی شوخ چشم
synth_001897.png,دناقلی گچھلی روکھانی
synth_001898.png,طبخ قاشر کمکیاں
synth_001899.png,کعبہ غمزہ کنیاتے غنمی تشنہ کام میڈیکل رخصت اونچانا
synth_001900.png,مائکرو فون شیلڈی باداموں
synth_001901.png,ہیکل آمرزگاروں تلتلی
synth_001902.png,مسٹری نائکہ بھید کرائے پر لینا تلخ مزاج شوخیوں خداوند مجازی
synth_001903.png,خوشحال دور ثانی گرین تفاس ارنیوں
synth_001904.png,جبایت خیر سگالی چلینی سلام گاہ نازش آنیہ چھریرا صید
synth_001905.png,سفید بال بد بودار نم خرام رول نمبرز موجودات دیدہ چہار رکنی
synth_001906.png,مے مغرب نانوھتے گھسٹنے عشوہ پرداز
synth_001907.png,جاروش آئی لینڈ نسخہ ہستی سیہ خانہ پیالہ گیر آرپن تڑا نائب حق
synth_001908.png,جراثیم خور گڈیا دو چار دن کا مہمان گھڑنالیں تہور سکریں جنتار اولاس
synth_001909.png,اگات بٹی مکان داری جنوانی زبانیہ طبع آزاد تودوں گوشہء خلوت
synth_001910.png,تنسیق الصفات اخفیا نباہ تلخ گلوئی متفرق مقدمہ رقبات وارنٹ تلاشی جیٹھنڈا
synth_001911.png,معجون للن نان بائی گری ملی حمیت چپیڑیں ضیاء نیزہ مچھلی رثائی حالم
synth_001912.png,دھانوؤ سنگ باری پڑہوائیے پچھکاری ضحی
synth_001913.png,آفتی نو نگی پادھری خدائی رحم بدیسی الاصل
synth_001914.png,عقباتو رسخ نباہہ تنح عسرالبلع جھوٹن عامل تنویم
synth_001915.png,اخلا پردہ آہنگ چیونٹے برکھ پھل ہنہنایا ٹلوریے
synth_001916.png,زیت وشال رباب و چنگ طاسک پرکم موقوف الیہ صاحب فراست خرید بامداد باہمی
synth_001917.png,جنگیوں اریل سرسائے پوگل منمنا برابر زر افشانی
synth_001918.png,معیار بلاغت چھاوڑے سیکنڈز تریسرے صفائی کا ہاتھ
synth_001919.png,برجلد گربیاں کا ہلال تلغراف
synth_001920.png,سوختہ بال کپاس گوش نما ڈاؤنلوڈ دندنائی
synth_001921.png,حرکی اتوازن استقصائیت لوٹائی
synth_001922.png,آرڈر پلیں دیول دکھالیاں تماش بین
synth_001923.png,صفحہ ہنڈا رال میمنت اساس گاہدی
synth_001924.png,پراکرم ذہالہ سوزنیں لفافی اکنگی مانجھ دھار
synth_001926.png,ستیز نامقرر اچھوبھ رصیفہ
synth_001927.png,بچنگ تعطلات کلیم اللہ نگہت مے جوہری گھڑی زلقہ رہرو
synth_001928.png,انسٹیٹیوٹز شامیانے اجزام
synth_001929.png,یاران وفا بیگانہ روانات تختہ سیاہ متضاد
synth_001930.png,تختہ مقتل سگھنے کائے
synth_001931.png,طبلے کثرت خودکلامی آکاش نیم پڑپڑانا رینگنی
synth_001932.png,تانگر چاشنیاں ہتک آمیز
synth_001933.png,آئس نفیری مختن مرہم نہ ٹاپا
synth_001934.png,ترنم گلہریاؤ اسلیمی ضیہی دیدۂ بصیرت داوری خانہ برانداز سرداؤ
synth_001935.png,روالور رابطہ جنریشنز غرزنگ
synth_001936.png,وصول پانا سابری جوزہر الٹنا تھلتھلائی رسوخ والا مظاہروں فاجع
synth_001937.png,بردگیاں خدوکی پرستش گاہ ملوکانہ صفات ائیرلائن دال منڈی مقتل گاہ انتہاؤ
synth_001938.png,بیٹھنا خاکہ نویسی روٹی والا
synth_001939.png,تماسک نوح نجی اللہ سباخ خوب سا شکنجہ آبی چکلنا
synth_001940.png,ڈوریے گرد آوری ریسٹس وزیر بیگم
synth_001941.png,نیو میریکل طلح قسوس شرر بار رگیدتی استنفاریت ذہالہ
synth_001942.png,ڈھکتی پاشک تجارتی عدالت گیلے تک کی بات جبردستی
synth_001943.png,ڈکوسا توفان کھولاہٹیں پشتاول مکاشف گہر شب چراغ جوڑ شکن باران رحمت
synth_001944.png,جاں بر سماوار با طہارت چشم و چراغ
synth_001945.png,کنھے بیاپتا مبیت چھوکی کاروانی شاہراہ تختہ کا تختہ شراب خام
synth_001946.png,جچگی دغدغاتی اڈوانی نقرت پکچرائزڈ رع جھنڈی
synth_001947.png,حدیثیں نہیان بوسے نصاب سازی کلائے بھوگل لاہا
synth_001948.png,طب مایہ الطاف امساک اجر مثل افسردہ دل اصغر الفطر
synth_001949.png,ہمکیں بھکوؤ بہانے دھویا
synth_001950.png,کانسر مغز ببئی اعداد متداخل حسن ادا مربع فٹ
synth_001951.png,تڑپھڑاؤ چام چڑکی علضہ عنوانات شرنی خراج بیچے کشمالہ
synth_001952.png,گچا کایتھ پرکرشٹ عسایا پگڑیوں چھاڑتا بھربھرا پتھر حصیص
synth_001953.png,اٹیچی قراردے مملی پتھر بازی اولکھن چرساؤ نوحہ گر
synth_001954.png,ایضائی آشکاریوں شریک والا
synth_001955.png,متقاعد تانک مسیتیں چوپالا ضیائی
synth_001956.png,کیمیا سازی ثغمام سرکاری مراسلے ناگہ حریقہ صاحب الرائے
synth_001957.png,ایلام مطلب کا یار فیلڈ ورکرز داخلی خلفشار گڑمار
synth_001958.png,اوتعاشی پختہ کاری بارشی ناحق کوش رنگ آمیزی سماجی شعور نام بندی
synth_001959.png,ارکان سلطنت چھپیا دوبینی جانچ پڑ تال برمانا
synth_001960.png,اگوٹ ثالث ثلاثہ مونیک سیر حاصل چیتی جابڑا کٹکٹاتی چیندو آنکھ کا تارا
synth_001961.png,دشت ارزن کلمہ و کلام پرسال پیرخرف سکمارتا چونگمیں دیگچیاں ملوکانہ صفات دگڑا
synth_001962.png,سنوارا حیز تحریر برہان تمالغ جھپکائی میخو
synth_001963.png,گلو گیرفتگی فلیپچہ نارو غنچہ دہاں خدائی دعوی اسخی سنکیں
synth_001964.png,چہکار نمود پیشہ رکیے تفرقہ جوئی فی الوقت
synth_001965.png,اونچے موضع عمیہ موسیچہ خاندان طریقت مرسب
synth_001966.png,اٹھواں دوگنی میٹھی آنچ سایوں معذبات متحتم کروبی دڑبڑا غارثور
synth_001967.png,بینگنوں پخیا ملتبس فندق نان ختائی طواحن علیق چنیو
synth_001968.png,تمثل معتقد سنا سنایا کپیاں پیٹھے چپڑی روٹی دفاعی حکمت عملی طائف
synth_001969.png,بذل متحتم انموذجی علامت افسانہ بتاس پھینی عملہ و فعلہ
synth_001970.png,رواحہ مرض ایدم ذاکری چھڑتیں
synth_001971.png,تیہ الاذن مکان داری زنان منتری جھپٹانے تعدد ازواج
synth_001972.png,ٹمٹمائیں چھڑتیں پاوڑیاں ثوبیت کریٹی ایراس رازی سمٹ
synth_001973.png,ریڑھ کی ہڈیوں جوفوں نا آسودہ لحوم سابونی اواز
synth_001974.png,بھرمنیاں بیداد چاپلوس پہرایا لوٹر موزہ ساز ترانہ ساز ٹیچ
synth_001975.png,چھونکا ابر عالمگیر اتلافی دوجا روئی دوئی اغلامی الجھنیں ہنستا
synth_001976.png,نجمی سال تواجچی کملاؤں جذب باہم چھنٹائیاں احول سود مندی ملتجی آواز ماجک لنتر
synth_001977.png,عایق تہدید آمیز نحیرہ آفدہ رکھوالوں
synth_001978.png,محاقل جوالی بجاتے بھجنگ قادمہ بنے ثقوب
synth_001979.png,عنیل ساتویں ستے مہا بلا چیںجھپ پرہ بینی مجادلانہ
synth_001980.png,نادریت ذرع دارالبقا خبر احاد
synth_001981.png,چتانیں حذاقی بڑا کنوار سلیپر ویڈیو ضیا تالیف ماشویاں
synth_001982.png,تحذیف شاءاللہ انساں
synth_001983.png,ڈیفائن نادرہ کار اپما مع التفرق اسلامیہ ماہی دان سفرانداوطن
synth_001984.png,نورا کشتی اکھڑے چڑھتا جوبن ترجمہ کرنا تکھڑی جریدوں
synth_001985.png,دینٹ بالجبر چکلسی
synth_001986.png,مہتم تانا افسانچہ منہہ حکم قضا ٹوم ٹام
synth_001987.png,رپہلیاں تشبیہ جمع دروغ زخم دار سینکی متساوی العمود مرفو باداموں
synth_001988.png,دنیاز نون ظاہر گمنای تمباکونوشی پونیوں پونچیاں نظم ثریا
synth_001989.png,چھونکتیں شنع علوج اولنگی
synth_001990.png,کوپر آنکھ چرا کر چہار سو واقعی ذابل
synth_001991.png,پرکومیٹر کمیرا چیخ و چاخ جڑیل
synth_001992.png,سربلندی مقبولیت عام جائیگیریں باریار
synth_001993.png,استباحی اہل تشیع چرنے معتدہ طلاق گارڈین گہری نظر
synth_001994.png,گورنر جنرل دماثت ارتشاحی ٹراپن شابانی
synth_001995.png,گندھوائیے نسیجیات گندھارا آرٹ مقلوب کل غلط شنو کواشیا ٹوکنوں تباہن جرئی چھاڈے
synth_001996.png,مطلب دلی گھنگھولتے منفوذ گرہلی سڈھالی حجر المطر لکھوریا
synth_001997.png,پیور استانی فی زمانہ گزر بان
synth_001998.png,تماخرہ دودھ پیتا بچہ زود زوال غبار راہ
synth_001999.png,گاؤخانوں کھوج کھاج باقلا ناز فروش اشارے کھبتیں
synth_002000.png,تھرک ٹکتیں نردوت اللھم نہضت جدیدہ دراہاؤں
synth_002001.png,سانٹیاں چکراتے زغال لنباڑا مشام تیز سواگز زمین چکلائیے
synth_002002.png,ازلغہ عجوبہء روزگار آفدہ مجمدات نارالجوع تھریاؤ جھینکنا گدگلی نواسیر
synth_002003.png,حد بشر نابستہ مستزادیہ کس بل حج نواسی شکم بندہ
synth_002004.png,گندہ فیروزہ ملک باقی مجمع البحرین ناخن کا قرض بچھرا ریڈری
synth_002005.png,نفتھینی ترکش حال تال دھوپ چیتتی قدم شریف
synth_002006.png,دہہ شہر شہر مہرنگار کجراری حرکاتی
synth_002007.png,قائمہ چلاہٹ صفبندی اون باشی الحافظ خلع پسا زہدان آدھ پاؤ
synth_002008.png,مولا دولا موزونت برتا بالا دست تگڑ موبغات
synth_002009.png,دیوانے ماری اعتبارات
synth_002010.png,چہار سو بانات سلطانی طلسم ہوش ربا بھوکھیاں عیب بینی بڈپن
synth_002011.png,ناز برداری دستی سرچر چھان بورا ذوق نظر ہانپنا نیرو
synth_002012.png,معتضدہ زلال طواس
synth_002013.png,نگاہ مہربان نیابت حق ظلمت پرست مولانائیت خط جبیں بجوڑے
synth_002014.png,میٹھا میٹھا نانگرتی جلاجل جگیشاؤں مجلسی استقبالیوں کٹ حجتی تحت البحر کشتی
synth_002015.png,اہلکاروں خستہ جان گتکار بسروائی شمعوں اسہل
synth_002016.png,ڈکوری شفیقہ بسے ذنب الحدی راخی رد عمل ٹریاتیں سخت دل
synth_002017.png,مسئلہ ادق داغ کاری رد مجمل میعاد
synth_002018.png,بھوسڑی پارچمنٹ اتقائی رصد خلعت پوش تطبق بھنکانا
synth_002019.png,تودہ تودہ زر احمر نشیب وار سفید رسوب چوالیس قناعتی
synth_002020.png,کف الثعلب گنیس مجنوبیت مقناطیسی کمپاس تیسواں کلام دھوکہ
synth_002021.png,کسٹرڈ غلہ منڈی فلقات
synth_002022.png,خون بہا گھمڑ لحون
synth_002023.png,مکستی غاشیہ بردار چمٹتے اپنڈ سائٹس تدفیق نمک آفریں طائربام عجیب الخلقی باربر
synth_002024.png,سگرانت تضیع مہر محضر پر تابیوں
synth_002025.png,پیغمبری چوب تیر داد بخشی دوہتیاں بگھیلیاں اد
synth_002026.png,یتیم خانہ ڈینا دمکوں تعرفی دیوثی شریطیں
synth_002027.png,کف دریا متحمل مزاج پھار کٹائی نچڑانا سرجنوں نفخۂ اولی سجنجل
synth_002028.png,چوندیسیاں دستی کاریگری کروز قومی تحویلوں ناسورزدہ التقاط مبدا عالم ساہر گنجا
synth_002029.png,یار غار کساحتی نقطۂ اعتدال میورل تھکواتی ٹروگن
synth_002030.png,پہار سرکنڈا نا اندیش چپرنا حبیب خدا اراضی
synth_002031.png,کترائی جیجون بیمار خانہ داستان دلجانی زہرالے
synth_002032.png,خراب حال تاایں دم مٹھیانے مطرد ادھنتر ماسٹر پیس کانشنسز واشنگ
synth_002033.png,گزاشت حشمات بچھنا چھدام درجہ بند بچھائے
synth_002034.png,مہتمی ٹپرا اوج گیر کھائی ڈھاٹے شیریں بیاں سرو د آفریں
synth_002035.png,کذافہ عظمیت کلائیے ارحم الراحمین خدا پرستی جبلقوم انوی ٹیشن
synth_002036.png,سبلتیں کرایہ نو عروساں سہارنے چرن چاپ عنبرین جلائے
synth_002037.png,چنپا کورے کا کورا بریڈ بیرومیٹر عاکسہ
synth_002038.png,کشتییں چرپرا ٹھاریاں اندازہ کرنا نہ افلاک تجنیس مکرر مرہونہ دقیق النظر
synth_002039.png,والی وارث موقع واردات پریاں ذووجہین کانپائیاں دوہری بات
synth_002040.png,ضنائن اللہ من گھڑت بھنبھنانی برس گانٹ ٹینکی پھٹا ساقنہ
synth_002041.png,حسن صوری گوشہء عزلت نوچ کھسوٹ چتاؤنی پہونچتا حکم بردار جص
synth_002042.png,ذکر رسالت پناہ پھنکوائیے انڈیاتی ڈسچارج سارٹیفکٹس قوسہ چھولا آباد کاری
synth_002043.png,سفارشات معجزوں باد دست صابری الشمس مسل بندی موصی بہا مناعت
synth_002044.png,انکتی اللہ کی جان جاغر خوش فہم طمونیں کدوانے درگتی
synth_002045.png,سہم بٹوارہ دن رہے چھمنویاں مٹھارتیں ٹیبل لیمپ
synth_002046.png,مراسم عزا غالبییت دوشابی سٹورا
synth_002047.png,گٹکڑیاں شے لطیف مونث قیاسی زنجیری گولہ ذرا ذرا سا کفار گندا انڈہ تعمیروں
synth_002048.png,شرمی بھونپالی لوہار خانہ دوہائی
synth_002049.png,مجاہد مسلمان مورو خوش خوانی گونگے کی بات
synth_002050.png,زمینی نشان زندان بان مجاورتیں چیچک گھر معلم ازل تعدی زچہ گیریاں
synth_002051.png,مومنٹم معرف مطالعہ کنندگان اعتقادیات پڑھا لکھا چپیے شقاقلے منہوک
synth_002052.png,لازقیت پچانیں عسکری شعاع زیاں ائمۂ اربعہ ذات شریف
synth_002053.png,چنچنا گڑگلیاں بکو
synth_002054.png,پوروتسیاں خم کمند اگن پرچھا راشٹر پتی چھاؤنیاں ماتل ہاتھ بٹانا
synth_002055.png,انورا تائید ایزدی مصرحین روز مہر مکاتب فکر فن مختصر نویسی تامریاں للکارنے غائیا
synth_002056.png,لوکھریو رخ نکو تلقیح ریچل در بدر
synth_002057.png,نس کلنک پروگرامروں چھونکے ترمورتیاں
synth_002058.png,قلوص اکنان ارتیاحات شکرنیاں حسرات تمددات
synth_002059.png,مرجھایا دسمالا ٹٹیل
synth_002060.png,تیولات چھناکا پرجناؤ کھیدائیاں بدتخم جملہ معترضہ پریمیکائیں
synth_002061.png,جفتی سرمہ چور پہرے والا چھیج بٹا کھاویں
synth_002062.png,جگتوں لہجے ککھ نقش کاغذ
synth_002063.png,ہربھجتیں چراغا نحیف وعظ کان میلیا
synth_002064.png,خوش تن جھجکنی پھسلی مبادلۂ خیالات چمٹائیو
synth_002065.png,متاکدہ ہیکہ نشیلی مشینہ قلوصیاں عصری علوم دعائیں
synth_002066.png,تھپکتی بہسنی نقش نہ دیوار لیکھ اعادوں جچا آڑی
synth_002067.png,فلاور مفترق سبزانی ہنکارنے
synth_002068.png,جماعت بندی کرنا تکراریں لنڈھانا قلی گیری
synth_002069.png,لشکارنا متحتم پلپلاتا
synth_002070.png,نغمۂ جانفزا کٹر دل دمنائی تشمیع
synth_002071.png,چکاہے چھوٹے موٹے منشی روزگار منہ دیکھے کی الفت ہنہناؤں
synth_002072.png,زنجیر نطفہء تولیدی وزن کش نگوڑ ماری عہد بعید نباتی نام
synth_002073.png,مطلق الحکم چونریاں خوش خیالی معدلت خانہ
synth_002074.png,چھپیرا زجر دبہ
synth_002075.png,برجا جاگنا راکعہ جی دان
synth_002076.png,تحسین ناشناس بخدن ملبوس قیصری ابجد کا تالا تبدیلی شکل چک بندی سوز خوانی
synth_002077.png,خرنفس رسم و راہ کوانٹم پاتکی مجنٹا اصف
synth_002078.png,چپڑاسی تارفہ ٹوپا دسترخوان دلملیں مخنس
synth_002079.png,شرطی مشک تاتار کہن شکر پاشیدگی پوتھا
synth_002080.png,گلشن کی بیل امتصاصی لمبز جھینور
synth_002081.png,ٹروگن مندرجات کوفتیاں سمویا تعدیل مطالع موکد بارنی کماندرانہ دم پخت
synth_002082.png,پتونتیاں دروغ گو بردیا ٹکاہیاں ریتا راح روح پرور نیاس زادوں
synth_002083.png,دماج دبری خائبی گڈے گرانٹوں
synth_002084.png,تصدیر نفیرعام لودھر ہم ترازو
synth_002085.png,کودکستان کناس جیلانی سریع الاثر
synth_002086.png,مشین گن سودھن گھر جھکنی کبریتی رزسٹریاں لادتے کٹے فواکہ
synth_002087.png,پڈوائی پاتخیلی پھلباڑیں
synth_002088.png,مٹکوٹھے علج سپارکنگ استقرای گلرعنا مؤثرترین شرکہ سینٹرز گھر دار
synth_002089.png,تکھان دلدائیاں وادی ہاروں نکتہ جو آشنائیاں دوہنے گلرعنا
synth_002090.png,خط استوا بالروس لہو بھرا
synth_002091.png,چھیلنا پیام توجیہہ رہ آوارہ پکتا لوح طلسم
synth_002092.png,چچا سنگت جلودار حریصوں اقتضاض ترہاتیں جوفیزہ
synth_002093.png,باشہ کلچا دھدہ دخاس انواع اڑن چھو شکارنیں کونسل
synth_002094.png,پان کا جوہر چپچپانے چارپا چتر چالاکی گریزانی نکاح الثیب مخصوص اعضا روشن آبت مفادی
synth_002095.png,ڈھوئیں مڑکنا بدنہ اولیمتیں
synth_002096.png,فراشی سریاؤں موتیوں کی لڑی بھینسڑا گندن
synth_002097.png,بساؤں محرک عمل خطائے عمد روز باحور گل پاش تختۂ حیات
synth_002098.png,گڑیریا خوش انجام ہوسکے محکمۂ جات اصحب تحریک اتحادی اسلامی فردوس منزلت راست پسند
synth_002099.png,چندر رین دین داری باٹکے ذہنوں آنکھ جھپکنا گڈوا نخاسہ پدوڑا
synth_002100.png,پیماؤں تحمید و تقدیس تڑپھڑائیے حاسدہ مہتر ایرو حفاظتی چوکی حلابی
synth_002101.png,تھمبا ٹھیکے نالی کا کیڑا پاٹلکاؤں
synth_002102.png,تاکلات تکل تورنیں
synth_002103.png,جعالہ دلنیہ اٹھا
synth_002104.png,الہی نےکہا جٹھیرا مجادل چیمپئنز نچا سکربوت راج سنگھاسن
synth_002105.png,گم سم دیدار کی بھجنگ نمک ہندی من و مائی ماہ گردوں
synth_002106.png,دفنائیں ٹوئنٹی فجور
synth_002107.png,عاد اعظم دریائے شور تشنیع تبسم برق عجائب اسہائے کھدوائے مکانت چھوپائی
synth_002108.png,ابسوں گچھوں لواتی جوشتیں حسی خلیہ عریاں بدنی مقصود کن فکاں جریر اریب
synth_002109.png,منا دی بریڈ آرب رہط گریجوایٹ
synth_002110.png,ہرائیے پہاڑی طوطا ارہ کش ترقیاں ساگوانوں ٹرکانا تھپکائیاں جھڑک طائلہ
synth_002111.png,کمسنی لواتی کاٹیو مظلل موت کا دیس
synth_002112.png,افراز شخیصہ بگلا بھگت خالص نیت
synth_002113.png,بازغہ نصف راہ ثقل ذاتی مشاورت خضتان پشتارا
synth_002114.png,طروبہ بدرا خود آموزی بذرگر نیر اعظم بے جوڑ
synth_002115.png,اسپیس ناچنی سانچہ جلائے جاہ و جلال ظلامہ ڈبل نمونیا تلخیصوں مثالی نمونہ
synth_002116.png,خدائی دعوے ائمہ اثنا عشر زناربند عدیلہ امام اول سکھیال بحر و افر جاریہ ارواح
synth_002117.png,گارڈن ٹائمنگ معجب نظاروں فورسیں بروسیاں
synth_002118.png,محومیت مغنی عدسہ نعمت ایزدی دباو سوکھی روٹی سہمانے
synth_002119.png,سہل المخرج ٹیڈھے نوافل آشوبیتوں
synth_002120.png,بد تمیز تھپتی چور لالٹین ثبت شدہ انگن رموز و علائم اغنام
synth_002121.png,تشنت وشاد مہربانیاں طالعوں
synth_002122.png,نظر سوز چوڑی اپت کریٹوں
synth_002123.png,مطلع اول واڑ تلمیذ الرحمان
synth_002124.png,تلیسبار مثلث مستوی بدمعاملہ
synth_002125.png,چشم زخم اٹیچ ناشدنی ٹرانس میڑ
synth_002126.png,ٹیکس گزار سبائیت لیڈران
synth_002127.png,عصا جڑ مسٹرز ڈاڑھی طارق پھدپھدانا فاسلوں رالوی میر ہزارہ درسوں
synth_002128.png,ازراہ گاڑھی دوستی نور ظہور کے تڑکے
synth_002129.png,چہل پہل مرغ آتش بار وادئ یمن نفاق و کفر نل پی سینتالیس پھیلیو
synth_002130.png,کھڑی کھیتی آواز کا پلا ماثرہ
synth_002131.png,مینڈیائے خامی نکو نام سینہ صاف نپٹانائیاں مچانوں نوک کا
synth_002132.png,ہم آہنگی برق جولاں چھوٹا کھر سمت الاقدام جھجکنے
synth_002133.png,بتدریج شکل و صورت میٹتا
synth_002134.png,قائل لکھواتیں یعقوبہ
synth_002135.png,تکھان ایں وارث صلبی یاخدا پوچڑیاں پاکستان پیپلز پارٹی جاتے سیاہ کارانہ انفی اصوات
synth_002136.png,سرکنڈوں کرکٹ میچ کنکربیل بقول کیمار صاحب زادہ گورپی
synth_002137.png,بری حالت قفلیاں داپی اٹھواتے
synth_002138.png,پیگن انٹل یوز غنڈا پہلوی خط مکتب فقہ چین ابرو
synth_002139.png,برچھی راس المثلث پاتھیاں نکتۂ پیچیدہ تیتر نثرہ منحنی آواز کچکیں
synth_002140.png,منجسہ تسمم حرف حق ریندھے پولیتیکیاں عروق لمفادیہ
synth_002141.png,گلدم شکنیں سڑائے سراتی درجنی لبن
synth_002142.png,چونٹا پن عقد زوجیت ہتوانسیے گروپس
synth_002143.png,ادکارہ بسوریائی شوبیں خمیر مایہ نمو پذیری جھنجھٹ
synth_002144.png,باالمواجھہ چونکتی ٹیبیا کتب خانہ دامل تقشرالقلب
synth_002145.png,خدا کا خوف افشاں شدید الذہن
synth_002146.png,بیت الحزن سرو معروضی نقطۂ نظر گلپھڑے چنیتی چانویاں ہلالین ورجن آئی لینڈز حث
synth_002147.png,اسپینی کارنامے چاشت خوار ہڑ بڑی علامہ دہر چشت
synth_002148.png,مہم آزما شربت خضر فرنینڈس ڈھول ماروی جھجکیو خزانۂ بیت المال تیبسیں
synth_002149.png,چو پہلا سر پر گلزار کا تختہ نگاہ انتخاب چرخ زرنگار مقام حیرت نچائے
synth_002150.png,بر وقت اعتنا شدید الغضب کباڑ
synth_002151.png,لادتیں پردہ شبکیہ تخریب پسندی دل کا چین دھلتا من میت
synth_002152.png,میٹھا پان تجلی غیب الہوتیہ بیرکوں خبطوں چمیالی پیل صحابیوں
synth_002153.png,نظام شمسی کھنگل چاوری حصاربند پاخراشی موٹی گالی گھلوا پرکیائیں
synth_002154.png,یافرہ مرزنیات سباہ
synth_002155.png,تانبا پنواڑا گہہ نظام علم توجہی مرزغنی نفیل اڈوانی پھولوں کی سیر کنچن کایا
synth_002156.png,عبنار کور پچھوا کھجور پایہ زیادہ طلبی مائکروبز ملتفے
synth_002157.png,ٹھیکا گیاندان مہر بند دم کے دم عہدہ داری اکتنازی نشف عالم سفلی مقیم ناظم
synth_002158.png,شوم تن نقور اعتصاب شکر کی چھری
synth_002159.png,حقیقت میں بروا نیلام گاہ اجرت مثل حمم
synth_002160.png,جھگے خردہ مرغ کا ہی گھٹو سنگھاؤں ناجز
synth_002161.png,جامدہ آئیون چار تک گودام زنبور خانہ شکستہ پائی ڈھلواتیں
synth_002162.png,پیکھے ساننا اوپنرز نوشیدواں جھانجر شبیہ بدائرہ مکتی فوج پشٹکیں
synth_002163.png,گوگل بلاسا نعرۂ جنگ اسٹوپا برزم تاکائی
synth_002164.png,توشہ دان ہنید سڑاندیں مزید کوشش
synth_002165.png,نار تلچھتے سدھ بدھ رکن الدولہ پروبلمز نارنگیاں آب بازی متنازعات
synth_002166.png,سیٹھیا لانز کچناری
synth_002167.png,اسٹد خنگل مسفر طعنوں فراش زمیں
synth_002168.png,جار ترملیاں نقطۂ لایتجزا قنطر الپاکا
synth_002169.png,اقربائیت گرجستانی ندرالتا مین سوئچ بردان
synth_002170.png,برکیے چوٹی جبردست شتر بار کافی ذمی گنگا جمنی گوٹا کل پرزے اٹکیں
synth_002171.png,کندہ حاضر باشوں ترصیع صرفی بھونچالا نیاز کا حلوہ
synth_002172.png,تفقد سارجنٹوں لنگھائیے دوبازی مکابرہ ملائیمی شوگر
synth_002173.png,کالا کنواں سکلانے ہاؤس بوٹ مکلل قبا کمر بندوں نگاہ التفات قاضرہ چرتا
synth_002174.png,تبلیاں لوٹ جالیاں متداول ہیںاور شریل
synth_002175.png,جائیو جولان گر دلسوز
synth_002176.png,سٹاتا منت کی شمع اڑنگ مدعائے تولہ
synth_002177.png,نصف قطر براؤن ساقط الاعتبار
synth_002178.png,قرشی سکارتے نامناسبت جانچ پڑ تال تشت چوس پمپ
synth_002179.png,بالی ووڈ ممالک پوٹھیں اب و جد ایماقات
synth_002180.png,گنج شاد آورد فتنہ انگیزیوں جٹالیں غیر محسوس ڈالو گھگیائے سگندھت دفیٹری
synth_002181.png,مقدمے کی تاریخ ضد عقدہ کچی کھانڈ نور برقی خانہ نمک نفطی پیادو
synth_002182.png,نوشتہ جات شعلہ طلبی خصومت گاہ ادبدا قائمہ
synth_002183.png,مصدقات پژمردگی نیدرلینڈ متحاسد کارنر التماعیت گلشن لوٹ وڈیو فوقیت
synth_002184.png,چراغ کا پھول البدین نعمانیہ جلیاؤں
synth_002185.png,مے اطہر منانے جلکار دو پٹی جواب نرگسی قلیہ
synth_002186.png,تمازتوں مکیدت مادر خطوط
synth_002187.png,ابنائے جہاں نغمہ ریز خرچ اخراج
synth_002188.png,حلقہ نظر غافلی دلہا ٹانبڑا
synth_002189.png,پرسوز قائلیتی میسوزویگ جوجھے قصہ آفرینی بصارت زوجی موصی افگندہ
synth_002190.png,ظاہر فروشی تشبیہ اخمار تحریتی مفتریات
synth_002191.png,چٹ دے سی موجب عتاب بدابدی آڈر کائنات ادھیڑا تماثلوں پرمیلاؤں یاغ
synth_002192.png,پھوٹ کھستی جدیدالنشاۃ ذوق سخن بھوسوریاں دبی دبائی بات گھر کی ملکہ مست نگاہی
synth_002193.png,صومان نیک معاش جونار ناشتا خوری شمالی ڈکوٹا خلتا نعل اسپی بھتیجیاں حد درجہ
synth_002194.png,رسدییں چیرنا سہما سہما
synth_002195.png,سانوری نماز سری محافظ رسدخانہ یاسا منہ سڑی
synth_002196.png,مدار السرطان خون کا دریا معتمدیت شوفرز چودہ علوم درزی فیروزنین
synth_002197.png,کگاریاں سدرہ چارپا لعاب سیلابچی مشت خاشاک شیردار اگھمی
synth_002198.png,فصیح زبان معاف کرنا عدم تشخیص پاک دلی مبدعات
synth_002199.png,بھرساری تنویم کاری جھنگلا دیپ اجالا حکمتوں واقف کار عدیم التفاد کارب پگیاں
synth_002200.png,مہر برلب رقاصہ سنگ طباثیر عینہ خود آگاہ پڑتب
synth_002201.png,کوکھ بند کان دبا کر ممنوعہ پھل دئیے
synth_002202.png,احتیاطا کرشمہ بدمزگی بشنو موال
synth_002203.png,لچپنیاں ذباب املاکی موئے نجف سبز پوشوں
synth_002204.png,حاجت برار شہادت نامہ سبحہ گردانی لہلہائیں سبز قدمی فضائل اربعہ اجلد
synth_002205.png,بلوے مکھنی زین نگاہ شرمسار پرضیا چاکلیٹ آگر عروض دانی چور لگور
synth_002206.png,داہنے طلائی جوہلی سینگیے سیوف مستند دوا سازی
synth_002207.png,باریکیاں ڈراپس روز گار پیشہ ڈھور مشابہ بریف
synth_002208.png,زان ولدیت کو بہ کو تلفظی اربد لازوردیت سمن بر
synth_002209.png,ٹٹوؤں چادر نما چنڈور شاخوں میں تقسیم ہونا کامیاب منہ کا باجا گرفت
synth_002210.png,چورساتا حیلے بدوح فع قرضہ پن ڈبا گھمسان کا رن
synth_002211.png,ضرغامر وصف رکھنا جھانسا
synth_002212.png,انساق تبادلہ نسل کتاب مقدس منبت کار
synth_002213.png,جنازہ رست خیز کچی کلیاں سادی وضع وصیہ
synth_002214.png,سقم گرم تعنتا حفص
synth_002215.png,العنان موٹر ٹرک خانہء آئینہ گر پڑ کر روز جزا دبابہ
synth_002216.png,روڈیم خوش زبانی حال آبادی تیزی طبع اکائونٹس تھالا ادھڑتے
synth_002217.png,آستھم اردوورڈکام برجیسہ چھاوریاں
synth_002218.png,مملکت تڑا تڑ اکرتبیہ الزمیت چرہندے کھجلا
synth_002219.png,اجاروں کلورافارم بیاہ
synth_002220.png,منظم طور پر تحمیصات عظایہ بر محل سرو قد
synth_002221.png,سواگز کی زبان بیڈ منٹن یورپین یونین چمپائی اہتداا پنچاملا طبائع انسانی نشان جرآت
synth_002222.png,فکیے ناشناسانہ یاری قطع ترواہ
synth_002223.png,ارون ٹکا میگی سکاڈا دمکنے
synth_002224.png,طلاق خلع لڑکھ ہیں ممثل نپٹنا بکوائیں لیتا استقراض اکھاڑا
synth_002225.png,موش صحرائی نص صریح شیشکیاں تحاکم بڑھائی احمق پن مٹرگشت معیشتوں
synth_002226.png,تبلیاں زیل عاذلین آرہ نما وارفتگی کدالہ لسیں تشکیکات
synth_002227.png,شیطان کی نسلیں پجاوہ اٹھارہ گوٹی چھجانے ادھیڑو معاشی ارتقا کھینچنا ذراف نمائندہ جماعت
synth_002228.png,غالیچے کولھوؤ جھوٹی چینی ملن گاہ
synth_002229.png,ٹھوکنی ارادی چہرہ سرخوش کاہنو نو کیسہ
synth_002230.png,پونڈہ بچورنا مصحف رخ اللہ کی جان معین نقطۂ انقلابین دلعزیز
synth_002231.png,بھلا مانس گزارش نامہ ٹلٹلاتا ملاپ جلاپ اشجار سستوں جاہلانہ اسپرین تار پیڈو
synth_002232.png,مستبد ٹلیو چھانچھیں گھاس والا کھلاریاں دوہری نسبت من مستی ادھ کچا
synth_002233.png,آپ برتی گلگھوٹوؤ معتکفات جھمکڑا بچھرنے ٹیلنٹ مسکراؤ
synth_002234.png,تھرکیو ٹہکیں پٹوسر ٹپکیں عمالہ
synth_002235.png,غلیل اندازی منڈھیں دوحہ بکھاننا ترسیمیاتی کدہ
synth_002236.png,میوزیکل جھاور نوشاد والا
synth_002237.png,جھوڑپیں پری چھم مار نما جانور چنپوؤں
synth_002238.png,شور انگریزی مطلوبہ تعداد شگفتہ کاری
synth_002239.png,کوزوں محراب تیع غائیا مفروری پٹاخہ اکس قیامت خیزی نور عینین چتا چوڑک
synth_002240.png,گھراتے جھپکو جاگیر معاشرتی تبدیلی پہلی کی پہلی آئرستانیوں گوشہ محل استباحیہ ایپرن
synth_002241.png,متکامی نالہ پیما ضیار بارانی
synth_002242.png,جٹیے طعنہ نما پدم دار دشمنوں
synth_002243.png,لٹورا طوطکی آنکھ کی گردش بجیں تاپستریاں پوٹنسی چکلا بندی
synth_002244.png,شعبہ ٹخ سماجی حیثیت تبسط جڑاؤ نسارنا بچانی موسلادھار
synth_002245.png,بریز بخت محتاط مدمقابل کیجئیے بخرے تجلجلی
synth_002246.png,آدھینہ دعوت الی خیر پارتھیکہ تمرقات تاادب
synth_002247.png,بھڑکیلوں اچکلا مشریا سالگرام نگاہ غیظ بارہ دریوں
synth_002248.png,امدادی پائدار بنیادیں
synth_002249.png,ادھا آنسوؤ پوتھے شاموں تاج بخش
synth_002250.png,لوند کا مہینہ عیب بینی ساغروں جھوٹے برتن گردانہ چھانٹ پترورناؤ نباتاتی جوں
synth_002251.png,جمع و خرچ شاہ مدار طلاوتیں پربھت تکت
synth_002252.png,چوس پمپ جھپ پرشودھن رحمی قابل باز پرس کالاپن بہاولنگر
synth_002253.png,شب زادہ لیکچرز اکسائیو
synth_002254.png,کھیدا میٹھی آنچ زناخہ دنیا جہاں کی بلماتی پتاکناں غلیظیاں رکن اعظم مسجودیں
synth_002255.png,سندر بن ماہرہ حق ناظری نسی ڈائجسٹی بدشگون نائب منیب
synth_002256.png,انہزام نقلی گھی واگزاشتہ دیکھنے کے قابل ہیڑی کلپوں
synth_002257.png,کرائیسٹ چاروں پہر ذمیم کلبلاتے فرفیون
synth_002258.png,سانحا منزل اولین غوطہ خوری نائٹروجنی جماؤ جھاڑا پھونکی کبوتر بازی اہر من لگے لگائے مادر
synth_002259.png,نیم خشک طبعی رکاوٹ ایک جان دو قالب مٹیار مسر وزرات مالجھن مذکار بھوکسہ
synth_002260.png,رفع حاجت گالیں دنتیلی ابھریں
synth_002261.png,لغزریدہ تلغیمی اپائنٹمنٹ پھلیری فہمیاں
synth_002262.png,سراہا تسویفی بہی خواہ
synth_002263.png,چرٹ موثق تذکرہ نویسی استعما جھگی نشین لپتا غرباء نیوز لیٹر مورنی
synth_002264.png,اشک غلطاں ناانگیختہ معیشت بازار سرتاپا
synth_002265.png,بہلے دستگی آباد کار بہت ایک جوڑ پیوند دمپاشینی نچلا قدور
synth_002266.png,خبیثہ نرد بند باؤ
synth_002267.png,ماہ واری رہسنے دنڈن
synth_002268.png,نگار آرا متجانس الاجزاء الیانی نڈر پن عاصفین
synth_002269.png,نیایہ دھینگرا جس
synth_002270.png,اینڈرائڈ مرجھایا چہرہ یوکسل مطلائی اقتصاد ستترواں بری بلا
synth_002271.png,عصام رینجرز فرنچائزز اجیارا رزم گھنا گھنا سایہ
synth_002272.png,محکمۂ اپیل جاویداقبال الٹا رہتیں نقص بیں
synth_002273.png,عبیث برلاس بٹماس کرزئی فارمر تخصص زمی
synth_002274.png,درجۂ سوم کشادہ جبیں مستقبل ناتمام محبت کا جوش سوئی مقام حیرت گربتا
synth_002275.png,مسکوک موج آفرینی بنکارتیں
synth_002276.png,پٹھار گزاروں گھر دار احمقانہ استغنائے مہتاب نما
synth_002277.png,بڑنا کلابازی مواصلاتی
synth_002278.png,اڈیشنوں سنبھالا پسوانی پیٹھوں شہر غریباں
synth_002279.png,دیگچوں گل دوپہری عفونتی فلاخنی گیاہے مقدمہ سائر استیریاؤں
synth_002280.png,ٹھنوں ملامتی خانۂ افزائش مادیت پسندی لٹوؤ ابتلا
synth_002281.png,محو نظر اثرورسوخ بچھو بوٹی پھلوائیاں روہینہ ممنوع السماعت قتل بالحق سییہ
synth_002283.png,بدھ وار دوہری شخصیت گندکی حس خیال زدگاں زمزمے فنجیون
synth_002284.png,اذلہ الہیات گلنار
synth_002285.png,اکھیڑنے مروجہ نظریات سوختوں آون کتیں کٹکٹائے نبی جی چمچماؤ سیلتا
synth_002286.png,تکیے تانا بانا منفصلہ موگدھ
synth_002287.png,جپن آکھ ظنل مارلون ٹٹکاری مادوں کیس الدمع کچکچاؤ کرلیتی
synth_002288.png,گجرا دونجا تاشہ نواز داستانوں نظام عدالت قاطعین خوش اندام مکدر اکہرا
synth_002289.png,دل افزائی ابراہیم ادہم جھپٹیں ٹکٹوں معلم مرتیں
synth_002290.png,ٹیکس پاخطہ اضافیہ جاٹل آرائش پسند
synth_002291.png,مجلدی خط اطلسی سابعین
synth_002292.png,نمک ہندی خوش گواری تزلزل دارین
synth_002293.png,جادو کی پڑی چھاڑیں گندھیے پچھوڑن آمیزہ مطرد گجئی
synth_002294.png,توازن چارخانہ نوچہ
synth_002295.png,لیکھا پتر کمی کنار عاطفت بھگڑی یاد رکھنا
synth_002296.png,پاربندر پر حسرت خوش انجام تخیسیرات منتظموں کپورے چوگڈا اڑن
synth_002297.png,پستہ مغزی ڈھوؤں ریفلیکٹر بشا
synth_002298.png,چشمہ سوزن ہائیکورٹ پشکلیں دبائو
synth_002299.png,باریوں ترجمہ نویسوں چودن جھبریرا خوش پرواز
synth_002300.png,بازی گری دشمنی کندے
synth_002301.png,ژو ججل ساچلی جوڑلا خار ماہی
synth_002302.png,طرار طفیلی حشرہ پٹیں
synth_002303.png,جمناسٹک بار چھوچھی تمیز دار بریکٹ نشت گاہ مسجع و مقفی گھات ذہانتوں
synth_002304.png,احمقائی جداجدا اندھا دھندا رنڈی بازی بآواز طبل نواز حریق زر ریزی
synth_002305.png,نکتہ پرور پیر بھچڑی مستقبل ناتمام جتلائیو تعودی سوا مفسدہ پسندی ذئبہ احمراری
synth_002306.png,تختہ کا تختہ نرم دل مال ضامن اگھا نادر کاری سیلے مکمل شعاع
synth_002307.png,بت گر مجلس عزا ستم رسیدہ نکھی ٹپکیں ٹھکرائیں مرقد انور مہتمم دارالضرب
synth_002308.png,زیب داستاں جمیمہ بوتا اشارہ کرنا خصین تباہن کلی نخرہ بازی
synth_002309.png,ملٹ کاغذ اونی کرتا خدیویت ہاتھ کی لکیریں ڈاکٹری
synth_002310.png,التماسی شنار سپیک کثیرالاحباب طاقت طلب بسمل موانعات موٹر مین خط بدر کامل
synth_002311.png,رریاؤں تھپتے نسبت اضافی
synth_002312.png,بام مسیح معائنہ جاتی کمیٹی نائٹرو سوموناز کڑی روٹی معجرات نردئی مٹھوؤں
synth_002313.png,سرجنٹ مڈ حموضت بیسوا گل زیبا چنوٹ
synth_002314.png,بدستور فرشتہ خو گیسو دار عزتی سیکس کروموسوم
synth_002315.png,نمکول مونچھ کی لڑائی ذہنی ارتفاع فعل ضامن دھرنوں زیرہ سیاہ
synth_002316.png,فراک کوٹ ملالہ خورشید رو
synth_002317.png,خوک صحرائی منکسف جوع الارض نواتیں
synth_002318.png,حجر احمر شاربین ریولیوشنر نامہ بر جھامر
synth_002319.png,لاشاری شہ سواری حق فراموش تصیح نامہ چوسای چوئے اوبنٹو ڈگری دار
synth_002320.png,ترک نارمل اسکول حدثی سلینگ فین قادحی بیوت گلاچیاں من و تو
synth_002321.png,کھنگلتا مبشرین سلنڈری جوانہ
synth_002322.png,مضیفہ بترن مصلحت کیش ڈراماٹسٹ
synth_002323.png,شرمیلاپن رخاخ انتشار سمع خراش
synth_002324.png,مطاوعت چیل ڈانگر پیشگیاں نائب کمانڈر اقترابی مقام صمدیت شہر پناہ معصیت کیش
synth_002325.png,کیکس شیریں لہجہ پیشروؤں لگیچرز ٹرولی میعاری بخار ہوس کیش شیر گاہی
synth_002326.png,سلیج نوڑنا معونت گارج پربھاوت
synth_002327.png,چار لکھ منخسف برسانا نمودیا رو مال طویل مختصر افسانہ
synth_002328.png,مجانسات عذاب دوزخ معقول بیں اسٹیفن
synth_002329.png,فقاح چست قوام تازہ ولایت متمکن دوردراز
synth_002330.png,لخلخ مغالیق گوڑے مناکا
synth_002331.png,واجب الادا دم کیا ہوا پانی توسط سلوتھس اختناق ٹربنگے طالق جگائیے سلونو
synth_002332.png,شکرانہ دم قدم سے منڈ
synth_002333.png,شوق لقا کرے ہرایا
synth_002334.png,خاک روبی نحوی اختراع تکون و فساد فتح خان قلابے فٹ نوٹوں رکھئے بالیدگیوں ٹرائیونل
synth_002335.png,ٹھال ساحر تفریدی استبدادیت العالمین ڈھانچے تیوراءے پھکائی
synth_002336.png,تیتا بھومک معتضدہ کم قیمت
synth_002337.png,ظالموں قولنامہ خام مغزی روانگیوں مشعر طلفی دریدہ گریبان
synth_002338.png,ٹیا شراب چیدہ شہر غریباں پیر دوتا ایسان توتوں پہونچانا ذائقہ دار خفیف ہوا پسند
synth_002339.png,متقابل حدوثی زنکہ نیم وحشی پائے چال ٹرانسسٹر
synth_002340.png,میر آش لسڑی ناحق کوشی دھبوب ذفل پبئی
synth_002341.png,برابر والا اگاڑیوں مریچنا حمائل نکلواتی
synth_002342.png,لمبی چڑوندا اکل حلال انزالی اظہار
synth_002343.png,دعویدار جذرالمال برہنہ ٹوپی فکری انارکی دوڑ دوڑ کر لائنوں پاتشاہؤں ذریرہ تہنیتی
synth_002344.png,فتنہ انگیزوں ساز گری گوبلٹ ثمر دار زاویہ پیما مہد چیلکیں
synth_002345.png,انتکاسات رادعہ تیل راجا پاٹ
synth_002346.png,مدرسہ فکر حکمتیں چپاتیں مولد مصطفی دریا
synth_002347.png,دوکانوں گوڈریاں پوسٹیں سوگ مجروحین جدیائیں مقابلہ آرا مذبولات
synth_002348.png,خوید حضیم نیابت حق ساسن
synth_002349.png,درخت زار آرٹسٹک عسیر مشیختہ پرستان زنج مرخم
synth_002350.png,نظارہ مجاز نفق تارو چرمرانا
synth_002351.png,مہا رانا تجنیس عارضی ایقانی کنزالاخلاق ٹھوکنے اکسیلیٹر
synth_002352.png,پیتسرا تیری چبھتا ہوا خدا کا قول رانگھڑ منافقتیں انگشت بلب
synth_002353.png,جاری رکھنا خاطر تواضع مکھیوں کا چھتہ تسہیلی مرد مومن کوس پہیا
synth_002354.png,کھونٹا دندانی جرثومہ تباہ کاری پھلالینیں نود پود شعلہ فام ڈھانپیں شبستانوں
synth_002355.png,لعابی نیا نکور شفقات جمائیاں
synth_002356.png,حمدہ جھڑبیلی خشک برف چشم رمدی
synth_002357.png,عنرا سینت حکم روائی محبت کا بندہ کھونٹ گدم حکیم جی دو قدم دفتری طریقہ کار
synth_002358.png,ملاوا دندیلی ماہیا
synth_002359.png,ایمی ٹیشنل موسمی بیروز میٹر سنوارتے پسر خواندہ سورما بستیوں تڑاگ ڈرالو
synth_002360.png,پھاٹک بندی طاغوتی قوت تفضیلی سریاتی آک کا ڈوڈا پوپلاپن
synth_002361.png,کھسکتے فزینھ تیوڑی کھینچائیاں لشکارا حرف صحیح اختہ بوندیں زرعہء نخل
synth_002362.png,ببھکتیاں چغلیوں عزا مہنگا سودا سباحات گلایا
synth_002363.png,بردوں قدیمانہ طبقاتی ناہمواریاں پرپری اکتا مسیحا نفس
synth_002364.png,بچھ درجیاں بشکریہ معترضانہ تابیاں نقش پا شہیر
synth_002365.png,متکلمین لکشمی نقشۂ تبدیلی صعوبتوں اروند گزرنا تجریدی مصوری
synth_002366.png,لالی پاپ وہم کا پتلا کلبر پہراوا
synth_002367.png,پرکینہ آب و اجداد جگنوؤں
synth_002368.png,نوجوان خدا ناترسی ادھڑنی بوجنے
synth_002369.png,تبدیع حسد کرنا فلیپ نگاروں بڑ باگڑ
synth_002370.png,نماز تحیۃ الوضو میچز پائے داری ڈز
synth_002371.png,گدھے چھلونی پرمیشر
synth_002372.png,نفس مطلق پکڑائی پوتیا ستین
synth_002373.png,دورغ گو جمپروں نچواتی موستا اقط ٹھیے مبیر گڑبڑ گھٹالا ڈانس ماسٹر
synth_002374.png,مذنب سعد اکبر رنگ خوں گلہ بانی فوٹوالیکٹران رریا
synth_002375.png,منحنی سا لپکو فوٹوالیکٹران
synth_002376.png,گھساؤ مارے ہووں دم کا دھاگا سر پھٹول جاریوں حابسے اکلاتیں
synth_002377.png,بلی لوٹن مدینۃ الحکما اشرف المخلوقات مخروجہ پٹخارنے ملٹری اکاؤنٹس صلہ
synth_002378.png,ٹوچنیں عبسار پلاننگ سیل آگےبڑھنا ایڈیٹرس آرام والی جھومری نشا خاطر
synth_002379.png,فکری انارکی کستوری ہرن نور کا بکا پھیکی میرینو
synth_002380.png,وقر کھونا فہویاں تاڑ نسبا ربیل منہ اجالے
synth_002381.png,امیر موسم شاہ جہاں آباد لگاو امروہی اشبہ ناحق میں سوجے مراسلہ بردار
synth_002382.png,راصدین انواء یاقوت جگری منہا شدہ صمصام گاڑتیں
synth_002383.png,پارہ پارہ نگیٹو بھورو تنازعات
synth_002384.png,من ملکی زوائد لامحسوس رفتگانی اینڈیاں معیشت عرفی پانچر
synth_002385.png,مخلوط علامت تناکری خشک پے چیل کا پٹھا خسرۂ پیمائش
synth_002386.png,رقت آمیز نفسی کوری فادز سرلشکر بھنٹاؤ قرابتوں علم اقتصاد چھونکیں
synth_002387.png,مختارالنسا ظہیر نبھیں نوح کی عمر سچری غیر طرحی مشاعرے
synth_002388.png,عنودی زمین بوس فلک پیما شاہزادی بچھیا فصاد تیشے مکروہ تحریم گزارنی
synth_002389.png,شبیار طاغیوں گھسٹتی وہیں کی وہیں
synth_002390.png,صاحب فراست نالشی شنقاری ارے واہ چھپیا کھیانے دافق
synth_002391.png,لٹکاتیں پیوند دار نسج انتصابی
synth_002392.png,پرکھواؤں زحمت کش گوڈنے ڈٹوں چھبڑا ہاڑتے صاحب عدالت تسکیک
synth_002393.png,ابتدائی عدالتوں گلدلہ نیچر
synth_002394.png,دختری تڑپھڑاءیا پستہ اپھریو پسندیں لوج فتیل چپچپا
synth_002395.png,ناگ چنپا معنوی سفر ماٹھے پرتوستانی ہماں دم
synth_002396.png,سودائی نظارہ اتالے اپنا پیٹ
synth_002397.png,نو دولت فرک منتا برق دار حرف تاسیس زٹل قافیے گر دوارا
synth_002398.png,مرفعہ تلافیف دماغ جڑو تڑخنے
synth_002399.png,مٹیارے مرویہ چیرنی مونڈی کاٹا دھوپیلی
synth_002400.png,پرالیاں آسٹریائیوں کوہنی نماز پیشیں بھوبھیرے
synth_002401.png,مسلم تہذیب کوئی دم غیر ارادی دھمکا شدائد
synth_002402.png,زمزمہ سنج بیورو بچارے زوال کی گھڑی کرارا پان کنبا
synth_002403.png,غلمٹائی دو بلا دھپاتیں نار دوزخ
synth_002404.png,سکرات موت ذریعہء مواصلات فیلافہ
synth_002405.png,شپتلا ناجائز بچہ رنگ آشنا تلووں کا کچا
synth_002406.png,وھ گھوش نخرمایہ چاننی
synth_002407.png,اقتران اسفل امتساکات کنگریاں قدیریت جھوٹے منھ گریو طیبت منت داری ہانگیاں
synth_002408.png,تباہیاں پٹے نژند عرش گیر برلاپ پانشوؤ شمع قد دھتوریا انموذجا
synth_002409.png,قومی یکجہتیوں بحالیاں حیویت پسندی سانگینے ژرف بیں مظاہر زمانی اگو خطی تناسب خضر لباس
synth_002410.png,مبتلائے دلی ہمدردی ودیقہ ماچاؤں خراماں راسخت
synth_002411.png,حواس باختگی سربگھی ابوالاجسام جڑبنیاد اردن جوروؤ لکھاری
synth_002412.png,ریستورانوں رسیلہ ابیقوریت
synth_002413.png,رائتوں سیمنٹ ناسازی بخت پتلکاؤں
synth_002414.png,ثروی نقرہ پان ٹوہیں مضایقہ اتنا اتنا نپٹنے نفقۂ نہار جھکائی
synth_002415.png,محفوظ حد قریب المرگ سکواڈ باٹل در و بست طرہ گیسو معلوماتی کتابچہ
synth_002416.png,دترا ستم ظریفانہ ھوگی
synth_002417.png,سرمچو التحصیل ریڑھ کی ہڈیوں صخریہ
synth_002418.png,کبوت غفلتوں ٹھنس جانا بلائے
synth_002419.png,خطابوں خطیر جنت شداد عہد تازہ بادستور مفلوجیت
synth_002420.png,نبض عظیم شجر سایہ دار کفناتا پائپ لائن تضمینیں پرچ پھپدنتی لامز شرف النسا
synth_002421.png,دندانۂ سین شناسوں ایک بات منۃ مسجد ابو قیس کدائے سالٹی
synth_002422.png,پتھک حرف استفہام متامن چتا روہن برق دار دل کشادہ خارج از استعمال قفلوں اوقات
synth_002423.png,ڈگایا عائذیں سیکریننگ چرس حدب سپرنگ
synth_002424.png,دگدگیاں ٹا گنی بساؤ بھجوانے دوڑ دوڑ کر تسویفی جلاب بینظیر
synth_002425.png,ڈاکہ زن ٹھاسا چوبان
synth_002426.png,محرابی تیغ کواڑ کی بینی نخل ایک آدھا بڑھوں ٹلواؤں اینچنا پوشی
synth_002427.png,سائیکواسٹائل حق آشنائی مذہب دشمنی تغذیہ بخش ہکاتی سیاست مدن مرصن دعیمیص قولنج
synth_002428.png,دبو دروزی جھکنا
synth_002429.png,سیٹیں سکہ کاسد زعفرانیہ کھات ٹلو دماج خفی اسم فاعل
synth_002430.png,جیویں توشیح مقطوع الراس دریابار
synth_002431.png,شرماتے مندن دیتی ذنبی آرکی ٹیکٹس کاٹنے ذو مقاصل رخت شو
synth_002432.png,نیاز عشق استربدیا فریضہ چابکوں چپٹیاں
synth_002433.png,گھڑ بہلی لگاموں اجل صدارتی طرز حکومت پاساہے اسرار الظاہرہ خوب طبع
synth_002434.png,ملحدانہ چروٹا مخضوب بوزکرت قتیل دھندکتے وجی
synth_002435.png,دم پخت ہندیا مہابتی نفیس مزاج رواںی خرعتابی قطن نبین
synth_002436.png,ٹاپ سیکریٹ پیدل پل پرشیش قیافے
synth_002437.png,گرجنی حوصلہ افزائی ازمہ نروال بھچیں
synth_002438.png,بیت الضرب جھڑولنے جوابی عملوں افیم معدنی دولت گندھا خبتی
synth_002439.png,تھامتی بوریا لتاڑیے نامرادی زبوں کش
synth_002440.png,قناعت پسندی قشوری گیڈری مینارٹی سدف نوشہی نوشی سود خواری
synth_002441.png,ناشرالحنک دبا ہوا غلولہ دل کشی اپریشن نمکارا ملامتی الاصل بھبکانا
synth_002442.png,چورا چوری افرازیاں کنزالاخلاق متباغض ترقی بخش ذخیرہ دار رشوت خوروں
synth_002443.png,کال گرل اولیمنی اچکتے صنعت و حرفت گودن ڈھلان زیر زبروں خانہ زادگی
synth_002444.png,حلال خور تداول دبی چال بھجنیا
synth_002445.png,تور مفترض کالا بھٹ حوصلہ مندانہ نورالنہار کرواتیں نرآس
synth_002446.png,ابرا تفحصات ہتوانسنا تمیمات ڈاکو منٹری
synth_002447.png,کار پیما بحثیں موسل کی دھار فکی فضائی تسرف جنید آتش انگیزوں
synth_002448.png,گفٹوں چار بید پیترے نہورانا
synth_002449.png,قدم بقدم چکٹیے لونگ پشپ موتی کا لچھا میلانی عائف مہنگا سماں قابض شکمی تھڑ
synth_002450.png,غلافیے دلام تنگا تنگ جھوڑپ
synth_002451.png,بگھارتا دیوانۂ شوق دندکیا اری
synth_002452.png,عتبل خطاطیف سیرپ
synth_002453.png,پوپلین چناچہ گرمی کے رنگ تو تبریدی عمل
synth_002454.png,حوالہ دار نابغۂ روزگار ہینگا طرخون گونچڑی چھید بھید
synth_002455.png,راشیتیں تنضیر کمر بندوں استنبول باگرنی زراقی ننگ آفرینش
synth_002456.png,خوش نہار آستیں براہام
synth_002457.png,خشخاش کانٹے ماٹھو دیور
synth_002458.png,ترستیں آلے لاکھے اکھیڑے لواتی دل سے صباحیہ سوخت چینہ
synth_002459.png,آزماونا مرطوبیت کوذاتیں خصومتیں نرم دل دارین گالی گفتا براے نام
synth_002460.png,ڈھارا ننگوں کا شہر خلاف وضع فطری ٹکسٹائل مل نوما سوتوں
synth_002461.png,کٹکٹایا رلیکھا پیکا منکوحات رسد خانہ رہتاہے پوائنٹ نارد منی بہکی
synth_002462.png,کرب آلودہ مینڈو دستوری بٹا مہاور ٹنا تفول سپیدہ نوازندگی
synth_002463.png,بکری دھوبی سوڈا حیوان ضاحک
synth_002464.png,حلووں تسبیب کتب فروشی چسپا
synth_002465.png,ٹیلی فون ایکسچینج بردھاپن چہکاری پرکوبی
synth_002466.png,پنوانے پھلانگتی منھیار ترائن اچل ٹھاٹھ نصف لی و نصف لک
synth_002467.png,آڑی مشکل کافوری شمع چھتوں تشنی
synth_002468.png,بگڑوں جتے پاچھن نیم قطری ناقص یائی تگڈا ٹی کوزی چارسدہ تنزہی کراہت
synth_002469.png,گھومتا ڈپلوموں سٹی مجسٹریٹ کتیہ غیر منقوطہ مخمل کا لباس
synth_002470.png,ارقشی حضری حیوانات مولسرا ملاقات کرانا معجز نگار مہنال ڈگن منقوش خاطر
synth_002471.png,مرجھینیاں گول میز کانفرنس تخیسیری جھجھک لس وجے رسوب فواصل چرم کار
synth_002472.png,زچائیاں صوبائی مرکز نور لایزالی ابلیس پرست نیم خفتہ
synth_002473.png,اسکاج نینواے محبت شیر غراں پروجیکٹروں جہان آباد ناپ تول نططفہء بے وقت
synth_002474.png,نچوایا گورنر کونسل مکھوڑا پوزمال اسمانی کیتو آلے کورا برتن ٹکریاں
synth_002475.png,کھلتا مدینہ العلم گلجان عبیر نائب منشی
synth_002476.png,دیٹ چاند بوٹی فرانک توحید اعتقادی نامہ رساں ٹیکنی سنڈ
synth_002477.png,مجاہد نادان رقاشیں مہرنامہ گیٹ کیپر ڈیڈیا ڈپارٹمنٹس تلتا
synth_002478.png,ہشکار ڈکیتیوں اقتدائیت شکائیاں علم الاصول قصیب ابہرن خود سپردگی چوسٹھ گھڑی
synth_002479.png,دارہ تھودی الٹ رخا خلافت مہر پیکر
synth_002480.png,مگس پرانی میدان کارزار علفچی
synth_002481.png,کریٹرز دل آشوب صحت یاب ڈھلوانیں سیدھا اورما مستجاب چکرورتی تفسیدگی زمین داری پٹا
synth_002482.png,گنڈیری کٹر دھوتو اوڈس لکاریں پنچ فسون
synth_002483.png,پرستش کدہ شعر ہجائی تقلیل کورانہ اطاعت محمد علی نخل جاں سریوال
synth_002484.png,معنوی نسل احریض اگیے آباؤ رپہلیاں اکٹھی
synth_002485.png,میٹھی باس تظلیل مرقع نویسی رزم نامہ ازاں قبیل مزاحیہ نویس موت کا سماں عہد نو ترقنا
synth_002486.png,نک چھابی کج رفتاروں غالیونی ننگ آور
synth_002487.png,چار دیہات پلاستر آف پیرس استقراؤں
synth_002488.png,خضرت نتیجے انتفاعات الوالی توشیخ رسن بازی
synth_002489.png,ثریاجاہ اہل نصاب ستنگی صراط غش فرستوکی سیاپے جمعدار
synth_002490.png,ضرم مجادلات نشیدہ کھرنچیں میرٹھ کی قینچی مقبوض
synth_002491.png,ملماس جھڑوں جاوں
synth_002492.png,نومی پریتھی جگر گوشہ قزاکند نغمہ خرام
synth_002493.png,دلوٹ جالس اباکے لیمونیڈ سرکشوں ریزہ چینی غرانیق نکوڑا الجھنیں
synth_002494.png,پلٹائی مور زادی فرغول کثیر المقاصد عطر مجموعہ
synth_002495.png,زوان نویلی سے نویلی لنگوٹ بند دارالعوام ترسنا سجیلے ڈھسلیے
synth_002496.png,پڈواؤ بھیرک جگیرداری
synth_002497.png,محمل زبدۃ تضییع خوبانی بانکوں آل پیغمبر سکوت افزا مڑھنا
synth_002498.png,بل دان پربیاؤں سسکا
synth_002499.png,خانہ سازی نغمہ پیرائی صحن باغ ڈیسی بل کشتئ دخانی سٹائیے
synth_002500.png,لانسرز کونتنے لفتنت داستان عشق دلکشا
synth_002501.png,محبوبانہ جھنگلا قبرستان تصیح نائیٹریٹ کاری تکثیفی بادل چادر کی توپ لوکل سیلف گورنمنٹ
synth_002502.png,بیرکوں وردی بجانا بساک باقرخانی مامور شدہ بادشاہی خرچ چیلگیاں
synth_002503.png,تحفظاتی شبم وحدت ارادی ٹریڈل فلورز
synth_002504.png,مطعوم رہیو مرکز خاکی جھٹکواؤں
synth_002505.png,چیسٹ نٹ غضب الہی تواضعا ٹیموں تھی اوبروما مرکب بیلچی گھیپیے فاشسطیت گلزار بندی
synth_002506.png,عقوقات رزرویش انسپیکشن مائیاں سجائے
synth_002507.png,الفاظ زنخے ذمیمہ جاعل چیکھریں زاہدہ نشان کش
synth_002508.png,ربب الاسرار سلوچنیں چکیلیں دموی رسد نفیس الطبع انقضائے میعاد چنیو پرمتیں
synth_002509.png,مذی دربر پلالی
synth_002510.png,عدم توجہی کوڑھ پن نور ابراہیم
synth_002511.png,برت دھارنی قدر دم سادھے ثائرہ نیوز بورڈ فضلہ ناشر لوامگی
synth_002512.png,ساربان پنچروں چندھیاہٹیں ایک آن تضخم القلب چندی گالاسا تلمیحات
synth_002513.png,پس ماندگان دھانسیے عکاشہ طلسم بندیوں منتجہ پہاڑی مینا تاسلا پش بٹن تہذیب
synth_002514.png,مہارشی یافہ برکہ فیچر فلموں
synth_002515.png,مکوڑہ جکش ہڑبونگ گوڈتا شاہ خوردی مقولہ فعل نماز تہجد شعلہ آتشیں متقارب حد
synth_002516.png,گونتھتیں ہمکی التائی انطباع توافقی اوسط ایدائی ڈلوائی
synth_002517.png,گھبرا کر ارژنگ ڈبکنی کشتی سرخ او
synth_002518.png,بیچتیں کبھی ناقبول
synth_002519.png,غرابتتیں موسیقیاں طبقہ واریوں چوری سوں
synth_002520.png,ٹگٹ ہتوانستی معول نچی کھچی دارالطبع کھچڑی داڑھی معیذ پکاروں لپو
synth_002521.png,چپقلشیں تنقیص بات کا پورا دل اجاڑ
synth_002522.png,ہروں پائے داری کامن سنس بڑہونٹا جھانک غیور
synth_002523.png,ٹالو بھیم سینی ٹیکیے ادت لٹکائیو گہ چیلیاں غیوروں شفوقہ
synth_002524.png,شکستہ بالی رفیع نغمہ بار پھیٹی خرسمہ چھلا مومنٹم چھلکایا تفکہ
synth_002525.png,زاویہء حادہ الرجک روداب چہلم چار قدم متنازع فیصلہ نوبت شاہانہ ڈیٹنگ
synth_002526.png,سونے پھانکوں کامل ڈھانچا بھونکو ضیاحیت مانیے گچھیاں
synth_002527.png,گندہ خود گزیدہ تقدیم نیوکلیئر پاے پوش گڑھوالا اگٹ معمولات زندگی
synth_002528.png,نعمت غیر مترقہ نضج و انضاج ہم جوار رندھی زمانی مقاطعۂ جوعی تایس
synth_002529.png,اسحار پاسرونڈی اجمع قومی اثاثوں ذمامہ جایئں مکارم اخلاق
synth_002530.png,گوڑمندان سمٹی ہفت زمین
synth_002531.png,ڈنڈے دار جاندا گوائے پرلے سرے کا
synth_002532.png,قریب الاختتام مخلدیا تیسواں کلام سنہری روپہلی نفسیات محض اٹھوائی گور غربیاں بخشایا
synth_002533.png,تصفیہء نفس چادر آب رواں ثقالہ اپرالا عام و خواص لوکڑے بدچلنی جوہر شناسیوں فائر
synth_002534.png,میر طلا بناتی گھی مجانس ڈاکیے
synth_002535.png,مین جیٹ جھنگا نکھرنی بھوبھر زائد ربیع مختارالنسا
synth_002536.png,رواز مراٹھا سندمتصل بدرقۂ حساب
synth_002537.png,لاکھوں نماز نخستین تبوری مظلوموں عنت ولولہ سویٹ
synth_002538.png,منہ دیکھے کی پیت مقصود کلام سلنڈر ہلتی پپلک گرم رفتار دولت والا مریم صفت محرق
synth_002539.png,علم تقدیر الاوقات سوکھیو مٹائیاں اپاڑنا جواہر فرد چستہ
synth_002540.png,دم کل ٹپکے کا کھٹکا اقرا خدا کا نائب کسبتی نشہ پندار
synth_002541.png,مجاعت سکڑوں غربیبی
synth_002542.png,ملطاط سیکڑوں کوس شاموں
synth_002543.png,انتقاصی تفہم ٹیڑھا خط
synth_002544.png,ڈھڈی فاحش ناقبل تخفیف شکر قندی اپما
synth_002545.png,دھلانگے کھونٹ خط کلافدی
synth_002546.png,رگبی ابدھ شواہد جہالتیں پٹوار گری نساریے
synth_002547.png,چلبلایا تعزیت نامہ شمشیر برہنہ شخافی
synth_002548.png,چیز بسط گھناونا سبک باری
synth_002549.png,گوندیلے ناول گونتھی
synth_002550.png,مینا طوری شرح آلودہ ناک گزٹیڈ دراری دتکاریو
synth_002551.png,ٹفن بکس صاحب عقل لااوبالی مداکیہ تنیاں سطیح لپٹائیے
synth_002552.png,پگ آئرن ثلثیت ٹرواسی شکستہ بیضوی ذہین اسلحہ نعتیہ قصیدہ کواڑ کی بینی کھورپہ
synth_002553.png,منظورالعین صداقتی انتہا پسندی رزائی فسد رنگا ہوا چالناؤں چھتیسی بروگی
synth_002554.png,پدارگھ نیرانیہ مستقبل افریں چنلیاں زندہ قوم سرخابی رہبانیت
synth_002555.png,پرنیشی وصیتیں اخپخ سہل الاخراج تداخل نور سدرشنی ابر گوہر بار احتشامیت تورکڑا
synth_002556.png,نزلہء صدریہ اشتغال دوچلہ کسمسائیو جدوؤں مکمل پیدائشی جنگرے
synth_002557.png,خود کار تجربہ اوجھنی شعری نشست بغلی دادبخش سدھ بیچلر انتظامیہ مروتیں
synth_002558.png,آہین شیریں دہنی طمانچے بزم عزا
synth_002559.png,پھوک صلاب تسوسی گاڈھے ریتنا خربق سفید صحیح مغاک
synth_002560.png,بھائی بد دین پنچھیوں فی الحقیقت تریاکے جیڑی جیومیٹریاں طبلہ
synth_002561.png,کھتیاتی پرنانیاں حفیظہ موسیقائی شاردی گوش بردر ناخن تراش
synth_002562.png,مفعولن بھنتے پھیریو غیر عقلیت
synth_002563.png,اخیروقت شوکی رگ گردن دبائیں نزول رحمت
synth_002564.png,باجل انجھاؤ دید باز فصلیں مندیل مغرق چھپیٹا نمیرہ
synth_002565.png,ایک طرح پر پرنیاں اجوبہ حزار
synth_002566.png,دائرہ کار باندھو حق پژوہی انتہائیت الھج ماصفہ سریع مولوی پن
synth_002567.png,گلصنوبر مسلح انقلاب ذی الحج
synth_002568.png,الوائی ات مبغوض پاشنڈ پروکسیاں قبیحہیں العزیز
synth_002569.png,سنیارٹی جکچ ماتاؤں کیمیائی جنگ احتباسی اعزل
synth_002570.png,ٹیوری تب و تاب دھندیلا انتدابی ٹائمز دامن گرفتہ خروعی
synth_002571.png,کتب المسالک منازل بہ منازل گدھی اوکتے
synth_002572.png,موسیقی نگار پھڑکنا جھیپنی دوسرے پاؤں تہواری اطحل سینٹر قطاربندی
synth_002573.png,تنہائیوں پھیروؤں تنظیمی گزر اوقات خوردبینی تشریح کلبلاتیں بلبلا پرسوں آڑیوں
synth_002574.png,سوزنیوں نادان بازداروں حائنہ سائےنڈبکس
synth_002575.png,جمنے دو تھار مسلم ہندی جیون سنکٹ تحلق مہاتمابدھ ارادت گزیں جیو مث
synth_002576.png,صارفات بھیڑیں جھڑیے ارکنیڈا ہدیانا صعقی فسق
synth_002577.png,مقلد اسکواشیں رنگ کوری دنانیر
synth_002578.png,تداہر زیرلبی جلفے پر اسرار ناطق
synth_002579.png,فازہریں کڑی شرطیں اصطباغ جوامع صبورہ مجنسات مستفسرانہ
synth_002580.png,انعطافی دوربیں جمروت تقطر تل پرنی گولی چلانا تنخحی
synth_002581.png,تجاذب دارالکتب نمائشیت کتابہ مے گساری عذاب ڈھیڑ
synth_002582.png,کپوروں نقش حفاظت چوبیسیاں نشان ہلالی جبوں رگ با سلیق
synth_002583.png,ابھاگنی پینسیلیم چھپئی
synth_002584.png,شترپا اشق چنبہ سترویں نکات کگاری
synth_002585.png,گم شدہ امبان پکھالیں
synth_002586.png,گرجی جلو بےمثال نٹ کھٹ گولی فام اچکری ایک پلک میڈیکل سرٹیفکیٹ گللالہ
synth_002587.png,جدیدیتیں رائل فیملی لنڈے ستارہ پرست طفحہ کبیر شیلف
synth_002588.png,انیسیا چاند گرہن خبر کی حرمت تھبڑی زہرہ پیکر گورنر
synth_002589.png,ننا سا کلیجہ دکھنا حرارے ابھریو خوش کام
synth_002590.png,پھانکرا حرف تاکید ادما مستقیم الاضلاع
synth_002591.png,زاہل آسائشیں بدویانہ استینافات
synth_002592.png,ملاقی سکران عنادین میٹھی بولی ٹرمینل سلفروں تنقیۂ دماغ
synth_002593.png,چکی کا غبار گلی گرم شتاب تبرعا تیع سیاہ تابی تھیا لوجیکل
synth_002594.png,گھونٹ تحریر گلو منقوص بہ
synth_002595.png,پھونکا رتیں ٹپسٹریاں ہاتھ باندھنا
synth_002596.png,موجب آرام ابلایا کدورت
synth_002597.png,بھیچنی کلنگی نعنع پلاٹینم جوبلی شب گردوں موجوں سوسیج
synth_002598.png,یمنہ چومیو طحالیں
synth_002599.png,تھڈ ترشول سوختہ سامان نیچی درجے کا بہا ترخا
synth_002600.png,کوہ پیمائی معروضیاتی شحوبیت
synth_002601.png,گنگناتی فکر حسنین استحالات
synth_002602.png,اجوکیشن بلبلائی مشمولہ رس دار لش سلطانی سلطنت طرزہ ناگزیر نان آفتابی
synth_002603.png,مقدور بھر گول نقطہ سہ ایٹمی عام جسمانی صلاحیت ہاتھ پاؤں
synth_002604.png,نہال زندگانی حرشف بازار کا روز تربد بحر رباعی کن پکڑی
synth_002605.png,ارتیاب جھنئی کانشنسز تجمیعاتی چرخازنی حلقے جھاولی زندہدل
synth_002606.png,عفونی آرائیاں حریم ناز موم جامہ جھوٹھا امیجینیشن ڈاکٹرنی محرابی تیع پیٹرو نائز
synth_002607.png,لفظی الٹ پھیر جٹواڑا پاکیاں سالکوں مستبدانہ
synth_002608.png,خردل زندان بان مجلس علمی ٹلوے ازدھار
synth_002609.png,خرام مستانہ تذریق کھوسہ
synth_002610.png,لیوی تلفیق کم عمر تکمید نرگس نیم خواب بمبا دست و قلم لوٹا سجی
synth_002611.png,عزازیل مہال سازی تپونی
synth_002612.png,دبی زبان سے زر فاضل بالتفصیل شوربے نفسانفسی کا عالم ناسوتیت
synth_002613.png,جدھاں کھیریں سنورا
synth_002614.png,الد تبخال درکان
synth_002615.png,نقاخ بلطائف الحیل مدح و ثناء تبارکہ جامع الفاظ الجھائے شوربا
synth_002616.png,نقیبانہ نور پاش للعجب زیر بریانی شبیہ کش قامتیں
synth_002617.png,دشوار گزار جیوں نکھانک نزال زد و خورد
synth_002618.png,اطلاقیے تلسی پھول تام توافق مؤید خیال سرے سے آگیا مطبی نفسیات پیش منظر رصیفہ
synth_002619.png,حروہ شدید سرمایہ داری مخلوط ایتھر کھدرا نشۂ شجاعت بہلاتی پگھلاؤ ناقیام پذیر
synth_002620.png,تضریم جاکناؤں ٹھور بے ٹھور دنیا کا نشیب و فراز مڑوائیں
synth_002621.png,موٹھ نرناری موت کا مرض مدرسۂ تعلیم المعلمات میدان مقابلہ حماقت شعاری جلاتیں
synth_002622.png,نہرنی ناشیاتیاں کشمش نہفتنی چمک دم کرکے صاحب زمان عینا
synth_002623.png,بھچپنا خرخاوند گھریلو کبوتر بداوقات رندھانا مشائخ کبار ادھیڑو انسجاحی ناگ پنجمی
synth_002624.png,پیٹ گجروٹے پنہیا فتیریات حاطفہ
synth_002625.png,صفاقات روبن فن کارانہ بازار مصر فلمی
synth_002626.png,حلوی تنخمیں حطیرہ تادیہ مانمتیا نو دمیدہ سیدہ
synth_002627.png,شاکی گولا باری داوری از سر نو میانہ روی
synth_002628.png,تالمودی ثواقب تصفیۂ خون پھلانگے ذواربعۃ السطوح کلائچی کمیٹی بھٹک
synth_002629.png,آش نقطین سراٹا فلاحی
synth_002630.png,ہوجانے عشرق پیورم چار سطی دفعۂ ماتحتی بروالہ چہچلڈے چوں و چند
synth_002631.png,نسب مبارک کائری اشتغالیت نا تجربہ کاری نا تجربہ کاری شراب خوار استحلافی محفل عشرت ترکھانی
synth_002632.png,تجاہل مطلوب خستہ پن معیوبین قابو پانا
synth_002633.png,دوکانوں سپارکل الجبرائی
synth_002634.png,قابلہ چہاردہ معصوم نظر نواز
synth_002635.png,جھگڑنا تشویر چاھتا منڈھوائیں باراں پیما بحتری
synth_002636.png,رجب الفہم تقاعد واجب العرض
synth_002637.png,طالبات امامین اخاذیت
synth_002638.png,تگڈا سمجھنا تلخ کلامی پھیکا پن تزئیفی یوم
synth_002639.png,اکشتی تقاصری موج بہاراں خارجا مرسین بائیکاٹ
synth_002640.png,عدالتی پاٹھلاں چھنٹتیں لپٹاتا مصلحت کار ابوت تیر مژہ
synth_002641.png,متصل الحروف زٹلی مایہ ناز ڈائننگ کار خواب دیکھنا تہ بازار
synth_002642.png,کھجلاؤ چیتا اونٹ نیشنل گیلری چھترول
synth_002643.png,پاے تابہ بانٹنا ساز گار پایک
synth_002644.png,نفع باز افضلیتی کوئلی
synth_002645.png,حیث جفتے ردایتیاں ہین منفی موج سہملتے
synth_002646.png,تیرتے ڈھکنا راج مزدور پونوں مبصرانہ ساز و سامان اولنگتی واقعتا نزول عذاب
synth_002647.png,عرینات کلانیاں ادھڑی کم و بیش
synth_002648.png,پیوند حرف الٹائیاں ادھارے دئیے شاہ بالا عید مباہلہ
synth_002649.png,مکذب دوپٹی جواب خط تصویر تیغ ہلالی
synth_002650.png,منقلہ مندرجہ ذیل کنودہ
synth_002651.png,مہر نماز پربھاؤ استنثار مورتی ترتیب نی نقاد
synth_002652.png,تھوڑا سا سوڈا گھروں مصلحت کیشی جھکار تایسے
synth_002653.png,تکالیف ناجائز اولاد غیاثی حاسر موجود بالفعل بچپنا آنتڑیاں پلوٹا
synth_002654.png,مصالحوں اکہب چھتپاتی شب گشت
synth_002655.png,روپ ساگر توجیہات کافروں زنجیر مالا گھر گرست جگرنہ عطر سازی کذاب عہدہ برآئی
synth_002656.png,اتتھ فجاجتیں تلغیمات
synth_002657.png,بکٹا اراضی املی قطع ساچا اگلوانا حد نظر تصرفی معترف بوراتے
synth_002658.png,مصمم کمپلیکٹ موج نفس عمام میگیلو مینیا سوق ستکار لکنے
synth_002659.png,تتمیر تختہ دیوار آفرین آفرین لنٹھ ارگھاں تھٹا طالع فرخ
synth_002660.png,خار جلدیہ پکڑنے چبر پارچہ ہم خواب نظم دہر
synth_002661.png,سٹکتے کنٹیکٹنگ ماکو لالٹینیں تنقیصات جگایا
synth_002662.png,لڑکھڑاہٹوں ترکیبیہ جوانیاں سرد کار مشین مفاجا کیفیت نویس
synth_002663.png,متفرقات مشتمل شرائف
synth_002664.png,اکفا ٹیڑھی قسمت خزاں رسیدہ ساقو منصوح استطلاق حوج غشمشمی عہد شباب
synth_002665.png,طول البلا نصیحت بزرگانہ پائپر پتنگ باز جھپنکیں انشا مسافر نواز برنج ساز نہاتیں
synth_002666.png,رسال دار بدھ وار پینا پاردم ثانوی تبادل مشابہتی
synth_002667.png,پلکش ڈرافٹ بورڈ سبوق پن بلا بدھائیں ریٹائر ترورا پٹولی قواعددان
synth_002668.png,ارتکاسیت دوشی نہچا غلطی سے بچھوا فدا کاری چارو
synth_002669.png,دلہن منصوبہ بندی کمیشن ایچ پیچ خضرت کیسری رنگ دبکائیو لیگ شر بد
synth_002670.png,حدتیں وہموں دولت والا کوکبت چوڈھے فاش
synth_002671.png,نقطہ سہ گہی جپیو اترائیے نیوہ ملت پرست
synth_002672.png,بعداز رقم شدہ مبتدا رنگ کٹائی کلیر میرگھا
synth_002673.png,جھجھک مسافری جان سے پیار زبان بستہ چیل کا ساگ نمک دان چالیاں پروجیکٹز
synth_002674.png,الف لام شمسی نظام چوہیاں چھلکاؤ مٹی کا تیل سربند دسائیاں بتاشا
synth_002675.png,سرود خانہ شراب عتیق آپشنز محرومیت اعادہ چھوپتی حاج پرلوبھ راوی
synth_002676.png,وشواش نقل حرفی شاہراہ ابعاد ثلاثہابعاد قربانیاں
synth_002677.png,وقوف پیدا کرنا بتکلف پرستانوں پینسٹھواں پاخوردہ پیلی جوہی
synth_002678.png,خداوند دوجہاں نونیر بھرونی ہوتا افلاح
synth_002679.png,حجمی استعداد دلکتیں پرکن روز بازار مینٹل ہوم
synth_002680.png,رقابتوں دلالت حیطہ بد ظن دریاؤں دروازہ بان حد الشرب پنسیریاں تعویذ ہول دل
synth_002681.png,پاسے معیل پکا بھوت نفاقتی تیرہ باطن پھاپھا تلاطم نصیف خلق قرآن
synth_002682.png,کرمی مغمومین تٹ عفو و در گزر
synth_002683.png,گڑھیلے کورٹ فیس سدھاتیں امام الائمہ مقدس اوتار درپنی
synth_002684.png,ابالی رمیدہ خاطر ہفت قلزم دل افروز دکالیں الخان دلارنا
synth_002685.png,کمرشل اخوی تربیدیے شکنجہ آبی دو چشمی مہاسروج شیش ناگ پھڑ پھڑیا بھش
synth_002686.png,اطیط بوفے وچار دھارا پاس شدہ استفراغیت ریلوے بازی بھٹکتیں
synth_002687.png,اوتارالصوت مثالیتیں اتواپ امراو عمل تجدید ہدف آفت
synth_002688.png,نباتی فعلیات ٹھنے دو بدھی سیندھ
synth_002689.png,زہرآب توعا و کرہا نگاہ عجز خرسیہ کیمین جزائر طفل دبستان نیشن
synth_002690.png,آوا گمن کاہن زندانوں کیل بلونچے اماں مہاگنی للعالمین
synth_002691.png,مخلوط کسر کمپلیکس لقندرا تمایل شخصی
synth_002692.png,جتلانا ٹیکنا ختم خواجگان پھلواڑیاں
synth_002693.png,تارا تاری خرم گندا انڈا تھلتھلاؤں موتمر عالم اسلامی زنجیریں محکم گیر اہن غیر زبان
synth_002694.png,نمبر دار نسب نما ٹبا مکتوب دستخطی
synth_002695.png,خوب صورتی کوتاہ فہمی فرقہ مرقعوں رعایتی دن ہینڈ بیگ
synth_002696.png,ہنگامہ آرا مقاصد عظمی اشخاص ٹخنوں آب چشم چبھتا ہوا کف لما
synth_002697.png,آشکاریاں نرگستان پھٹے مشکل کشا ناگ پنجمی اسمیہ خیلے اڑھاتیں کشتی دخانی
synth_002698.png,دانت اکیانوے خواص الادویہ دوپارہ بھلکڑ مغربی حصہ فاؤلز
synth_002699.png,طمانچہ شجرۂ کش کراڑ
synth_002700.png,دخرا خانگی زندگی مخاصمانہ ماحول دید و شنید
synth_002701.png,آکھیاں خوش روئی سورنگی مزاوجتیں
synth_002702.png,مقبوضہ جات لیبلوں مجسم بین بد تخم
synth_002703.png,سادھتیں مایوس العلاج عب الشمس لپلپاہٹ امورات ساحق نئی قسم کا گہن کی نماز
synth_002704.png,دیکوری سونٹھ دیلیک خط بدر کامل غبیط سویلین مڈوائفری
synth_002705.png,جنایتی آہوبرہ کارروائیوں اغوا محروم القسمت گاردو
synth_002706.png,صاحب تصرف صبح نشور تبیین خصرتیں
synth_002707.png,مائی باپ مویز قبیلے جوالا بانہہ بول تھلتھلاتیں جہاز سازی سنگ پھیکی
synth_002708.png,پمپوں ٹھگواؤں فٹوں
synth_002709.png,برہم خوردگی ادھڑائیاں منغلطہ دمپتی
synth_002710.png,رزالہ وجہ موجہ متواخر ترویب ہندال جنتاؤں دلوٹیں
synth_002711.png,سایوں تشبہ پنجابیت
synth_002712.png,میرجعفر جرأتیں نظام مال گزاری ضرام پردیسن قومی نشانات حق بینی چغلا
synth_002713.png,تعلی باز جھڑپیں اعادی نغمۂ موج صبا تیر ماہ ورثے
synth_002714.png,گلزار خلیل خدا پرستی ڈوڈا
synth_002715.png,جھالی صحبت شب بدگمان دھیر خوبائی تقعع برج باسی مرجع کل سبیگہ
synth_002716.png,قند خو تخمی پودا صدا گر
synth_002717.png,ہائیں تقاوی فاتر
synth_002718.png,نہال زندگانی پوناسیں ٹیلوا جھنٹیا شرک اصغر پانی جبل
synth_002719.png,جمبو حواس باطن تختہ ارزنگ پیکٹ کسکوں سری سقطی سیوریج لانگھنا کاپی ٹو کاپی
synth_002720.png,آیت مطلق فرحت النسا کردیے پنکھیرو
synth_002721.png,پھسلونیا منحط گوشہء زنجیر راجگانہ روار سرسرا
synth_002722.png,کھجور چھڑی نماز تراویح مرداروں ترامیڑ مسئلے باہنی خواصی
synth_002723.png,کرشمہ علتی نو نگا ضو بخش ببھکتی چکاوی ماتائیں چارٹوں
synth_002724.png,دہیں کجلا دانتیوں لاعبات نٹیا پریسپٹ جونک
synth_002725.png,چرکے شکنبہ مہتمم صیغہ
synth_002726.png,ہفت طبق خوشامد مشرق اقصی فسوں سازیاں ریڈیو آرٹسٹوں قیاضہدان مفقودالخبری بھوگسا
synth_002727.png,خدنگ افگنی دبلا پتلا دو بغلی مدار المہام ابرہن تل میور ڈپلیکیٹ
synth_002728.png,نائفہ خوش مان فارقہ واسع داٹیں کو بہ کو نان خاصہ دھرکیں
synth_002729.png,احرام پوش تتلاتا خیرخواہی خط شعاعی سونگ بینک ضاحی تارکش عشرت
synth_002730.png,اختصامی نرت کار مڑیاں
synth_002731.png,جودھا نالش پٹی مہر کنی
synth_002732.png,مثل بمثل بادیاں گہرا پا مسکنت آمیز نمازن ذات یات دور بردور بسرانے پرگلبھا
synth_002733.png,سجریا بگاڑتا ایڈٹ
synth_002734.png,سونٹھ کے بتاشے معکوس آواز رب الارباب کامل اجارہ
synth_002735.png,غوصی پاراسدھانت تخدیری تادم واپسیں
synth_002736.png,آٹھ درا اگروال نسبت مستقیم اسلحوں چیز میں چیز جیتنے ٹینکی پوکن انفصال
synth_002737.png,میدانی تنطع نرم لہجہ بال باندھا نشانہ پرسکون
synth_002738.png,ظل کروی زبیدی چھپلا مرحلۂ ناگہاں اترانے ادھاریا
synth_002739.png,ددھڑا رانگ صراحیدار نظاموں تبسمی نیم نقابی
synth_002740.png,زوجۂ مکرمہ تنوطی رعیت نوازی راجنیاں نام کا خط تڑاتیں احتسابیت شجربندی عالم لاہوت
synth_002741.png,جھا راپٹے تسبط موروثہ مختوم
synth_002742.png,ذی جس ٹھگنی دفتریت
synth_002743.png,موجزن چھلکارے مشت استخوان پرچیں نسخہ ہستی الکحلیت نشینوں رنگین خرامی
synth_002744.png,دل گیری اکبری اشرفی طراریاں نقض بمبو
synth_002745.png,متخذ تشخیص خام چندل مندل کن بدھا نگیں استمشاؤ تاتاریوں پھولیں گانجوں
synth_002746.png,دنتیرو اوڑھتا خون جگر عزم راسخ کھوٹیلا
synth_002747.png,شہ پیل شہزارا بھلی پھینٹائی خوش گلو
synth_002748.png,نقص بدن ماضی استمراری ذہنی انتشار پیٹی کوٹ موذی
synth_002749.png,اتواپ خنوعی مستعلیوں عین ڈیسکٹاپ معصومانہ سائکیاٹریز
synth_002750.png,کھنچنا گردکش اٹامک ظامی پاکیزہ صورتوں دبیریا
synth_002751.png,شکوہ شکایت بردل اجڑا پن آفیسر مبطون سال بسال
synth_002752.png,شیخیوں درخشاں تجس مولنا طغیان سرساہٹ
synth_002753.png,ارتھیاں اماوٹ گیپس زعومین پرکھانا ڈکیاؤ بھلستا
synth_002754.png,فریضتہ پچھوائیاں نامرکوز
synth_002755.png,ٹولیریشنز چاکولیٹ چھتر کا میلہ شعرائے
synth_002756.png,بابی مکھ منتری مقرر بھیگ کراکلی ٹاؤن
synth_002757.png,نبیسی پاکستان مسلم لیگ جمد موتی چور سرتیں
synth_002758.png,بسیکت معاندت غم خوردا تاروں کی محفل چڑھیں مفررس تراکیب چٹپٹاتیں گلف امکا
synth_002759.png,پروسیشنل خودآگہی گڑوائی تناسلوں اثلاج چوہے مار
synth_002760.png,ٹلوریوں کہنہ کار منڈھوائے
synth_002761.png,مشکل تر ناٹک سال نقص بدنی امن
synth_002762.png,سچائیاں نیم بدوی شہر بہ شہر نعتیہ شاعری
synth_002763.png,مکھوڑا پنکھ نکہت ریز
synth_002764.png,مے پرستی پرائیویٹ امتحان تیبسیں کلچرل جوہر قابل دندیلا دنیامیں نسوانیت نام و نشان
synth_002765.png,ظعیفہ بھگتتیں ارجک چندیلی ٹانکتے چسنیاں چرخی فلک نمودیا
synth_002766.png,لڑکھڑاتی اگاہے موت پر پرزہ رطوبت زجاجیہ گندم نمائی نجات دارین
synth_002767.png,خیال و خواب چومکھی چاشیں پنج کلیاں میتا اصدقا قرمیزی لتھیڑتا
synth_002768.png,جھاڑیل جھلگا تھلتھلی ٹوائیاں بحرالکاہل شعون کھچڑی
synth_002769.png,میل سنگین نیاری الریدہ نادر مثال مولد الصدید رفری دویش
synth_002770.png,خط کتابت گھر گئی ادھنت پرمیشر دہشت ناک گھڑو
synth_002771.png,بھوکھ موا گرائمریں ژالے خرد چشموں پکڑ تختی تہوعات کہانی گو حکم برداری نرگس پلاؤ
synth_002772.png,سراسپینہ پارا تبیعہ ٹکٹ آچار ڈھئی آواز نصیحت گزار فنیات شغل اشغال
synth_002773.png,عنجوجہ خبر گیری الف زخم رقابتیں ڈھکوسی سرسائیے تارن
synth_002774.png,استفتا توشہ ستان عارضیت مستضعف گجر
synth_002775.png,من کبیر دل نواز برسائیاں
synth_002776.png,دھوب گھر آسامی باز معاون مدیر شبہہ ڈانٹنے خط رخسار
synth_002777.png,چنگریاں طروفہ سومگھتیں باشے حجاب رینی بھائی چارا پانچ وقت
synth_002778.png,چاؤڑی آوردن منی چینجر ملال صدر محاسب زنادق
synth_002779.png,چہار آئینہ گھٹا بڑھا کے باد بانی تعلیم خانہ ممکن الزراعت سید زادی گہنائیے جھڑیے
synth_002780.png,رانبھتی ورق بکھر جانا اکھیڑتیں
synth_002781.png,خافی ناچ ناچنا غیر ارادی
synth_002782.png,رسالت مآب المیے چو گڈی
synth_002783.png,برہم زن ٹسوا خرادیا مینا بدوش حش چیدہ چیدہ خوئی نج
synth_002784.png,غیرملکی چھگلیں لنگولا الف بطنی استفافی ٹکڑہ حد سے زیادہ چوک مارا چرچا
synth_002785.png,پاپچپلیاں طاس گھڑیاں تاو باز بھا
synth_002786.png,نضمہ توبنا منڈانے
synth_002787.png,پربھرمن ناب دان موٹر ڈرائیوری جنتا ارباب ظاہر ککیر امزجہ ڈالیہ جنگی کارروائی
synth_002788.png,تہکم ٹوہیاؤں باڈروں درماں نشان کا چھلا ذراریح شوروغل
synth_002789.png,لنکس منت کی بیڑی دو دوپہر سیف زبان
synth_002790.png,پوسٹ ماسٹر آپ ستا بھگانی دفتری مراسلات اثافی غریب پروری جہاد بالقلم غیبت امام
synth_002791.png,ناز فروشی استرداد ہماری تبرید گر
synth_002792.png,مصرع اول سکرا ابلق لیل و نہار دناں کنعاں شکیب
synth_002793.png,بحل سکیٹرز ملازمانہ ورودھی آبستنی جمپوں غائی سنوانا مقصد شرعیہ
synth_002794.png,فوریت اٹھاویس مدینہ اسلام مرشدہ زنداں بان نعرۂ جنگ شارقیت پیچا پیج بھوسیاں
synth_002795.png,طعمہ جوئی اردوانہ سنگسن میخی صفرائی چمل کلاس حجر اسیوس تھکائے
synth_002796.png,پیراہن کاغذی سکریٹریٹ چٹھابہی معرکہ دارو گیر طباعی میخائیل
synth_002797.png,جترو ستم شعاری نقش بردیوار انگ دان
synth_002798.png,پار چیسیتیں ناریل کی روئی عبائیں ہم زانو بڑنگا جسولنی مفروح گیندا
synth_002799.png,پوسٹل درج کرنا جونئی ایکشن شانتی سروپ دولھوں چھونچھا مواعظی ادب دوا دارو
synth_002800.png,جریر اثقال منعطف نر اپرادھ مہر بلب بچورے ٹرکائیں
synth_002801.png,مجملی ملامت زدہ یک رنگی حکیمی
synth_002802.png,کوبتایا پری بند میترو کپتانوں چوسٹھ گھڑی
synth_002803.png,دکچنیں مفاد پرستی نواتہ احتدادی فتنہ تیغ زن
synth_002804.png,دبوانا ایضاح چھلچھلاتی سہوم سٹیمر تربیتی کورس لوٹاؤں
synth_002805.png,دھنونتی بیوتی حیراں جاویداقبال مینڈ بندی ابھید الجلا
synth_002806.png,غنخناتی ایون پاونتائی مہلت تک نفس حجت
synth_002807.png,ساسرا امیر المومنین عت گائیدن بنگ زاں بعد کہ فاغرہ تھوا
synth_002808.png,گولڈز پھکاڑی لاوالترے حلواے شکر کرومائیٹی پدنی جنت الماوی
synth_002809.png,کبرو نخوت نور آسا لوند کا مہینا منظور کرنا غم گینی خردل جوگا
synth_002810.png,حق مال ضامن بالمشافہ چپچپائیں دنب سراپوں
synth_002811.png,گل خنداں پوست نفسیاتی تنقید
synth_002812.png,تعذیب شرکتیں کھرہان میراث عمرانی جامع المتفرقین گرمیء گفتار کسٹمر ان بولا معلقات
synth_002813.png,آمین کہنا بیگانہ خو پرسنتاؤں مصقول
synth_002814.png,ناش وان ناظرانہ تشویقی چھڑاکی نمدمو گلےلگانا
synth_002815.png,علن آگرو فیئر سپیشلی
synth_002816.png,تیر کا دستہ خطی ترکیبات قوئے نامیہ سائیکوسیس بچشم
synth_002817.png,قسیس مےء کہنہ ترعرع احزام باد بہاری پھینٹ پکائیاں پھگواڑہ
synth_002818.png,پھیٹا مخلفات برادران
synth_002819.png,گوڈتیں دل جمعی اکبر الکبائر
synth_002820.png,ہرکس بوائی راجگانہ چونگا پورٹ جن دیوتہ رودریاں ٹھکراتے اولنگتا
synth_002821.png,دو دن کے مہمان غازہ فیکٹریوں ضیا گیر ورثہ عروض شناس کمپاؤنڈری آئزل
synth_002822.png,اعتلہ نیلام چی ڈھلملاتیں نخل تمنا جروری سائیکامور
synth_002823.png,پر جگر نبض ذنب الفار لانگھیے
synth_002824.png,پراستکراہ اناتم ککونیاں
synth_002825.png,سلحان خود بیں کافور محصول اندازی بھنڈلیاں شیر آوری
synth_002826.png,شارستانیت انعطاف شعاع بڑا اندھیر کھدنے
synth_002827.png,مجلس اقوام محبوص کساحی
synth_002828.png,ٹالے شرم زدہ صدمہ موڑ کا آزار مطالبہ کرنا
synth_002829.png,تھالا مہر مقدس اگن کنڈ پھاڑے پرتیلاؤ آشنائیوں ایں عدسہ نما
synth_002830.png,احتیاجوں قاش قاش قیام گاہوں قاف کی پری
synth_002831.png,استخفافی سکرا کشکول برداروں حسب الطلب دعیمیصی
synth_002832.png,رواسم یادو منزل اول
synth_002833.png,اوزگل سلاق چوتالیاں مغل تہذیب کرگھی کوچہ بند مہڑا طفنچہ اسفالی
synth_002834.png,احتشاما حقود موٹا تگڑا لاکس خاک کا پتلا مبارات تتالہ
synth_002835.png,نپانا رقیمہ رساں سست کام مثبت قدریں نرتکی جناتی خط راڈ
synth_002836.png,پتلون فارن ایڈ شناخت پیریڈ اسحار چارد چرم فروش باریک
synth_002837.png,چبلیاں کھدواتا پنکت
synth_002838.png,اوپر کا دودھ تھراتے تحصیر کتوائی
synth_002839.png,تجھے ران پٹری حاشکیں
synth_002840.png,تردیدی ماضیاتی کاجول
synth_002841.png,کھپت اگھائی مثوبتی خطائے فاش مہڑا
synth_002842.png,تھیوکریسی تنٹیا میٹھی اماس غریدہ ٹمپریچر خدمت حجاج
synth_002843.png,پر بہار آہستا پروینی پرہونکیں
synth_002844.png,طغرید غلبلا پلنے باپ دادا کی کمائی ڈرنک پارٹی جھانوری ذی رتبہ بھوپو
synth_002845.png,موق بڑا سبرا گنتی کرنا مبغع سوالیہ ملامت
synth_002846.png,پوگیں موت کی اطلاع نازک کہر جنبان نارائنی دل کا میلا سڈھال لوامگی گٹھیلی
synth_002847.png,سخت اخذالشمس جھاڑ کا کانٹا منقضی المیعاد بڑلائی
synth_002848.png,مقام کبریا پٹاسیم کٹاری ودیدہ
synth_002849.png,چوہدری نثار میشانڈ ایرو لگاوٹ کی باتیں باد تجارت مٹھے
synth_002850.png,مکلل سلبی نواز خانی ابر ربیع معیشت کی دوڑ اڈو
synth_002851.png,تاشہ نواز نقطۂ مرکزیہ شکل مامونی ابتدالی کسنوں ہکارنا تیرہ اثارتیں
synth_002853.png,مصنوعی نسل کشی جوڑا سندیش اشتہائیت شعور ذات
synth_002854.png,راویہ ٹھیسرا معین نمونہ گروبی پاکھ مظفر ستیا تواسیا
synth_002855.png,اینڈنے ڈکار نمانہ
synth_002856.png,پادریو مختلف پھلانگ غریری لاک اپ شب درمیان صیغۂ فوجداری جگمگایا اچھلوں
synth_002857.png,کڈھب ظلوم عدم مطابقت لڑک سائمن چوتھا کھونٹ تترات جاجلت
synth_002858.png,کلچڑای موزونت محو استحصال
synth_002859.png,عام لوگ عالم جبروت لکھائے مہر اوزک
synth_002860.png,خوش عقیدت معین حزیز ثلوج پھلڑی پھٹکارے بادپیش قرمساقی نار سانس
synth_002861.png,ناسواد تعسف نستار نہار جھنجھوڑنا
synth_002862.png,القلیت واند اتروں غلط الحال ورکس حکہ
synth_002863.png,جمادی الآخر ذی فراش مربع انچ
synth_002864.png,مضامین افرونی بوانا مقتضائے طبع راسیہ آنا فانا بق
synth_002865.png,تبصری نطیس پہناں تخفیفی بخار قصۂ پارینہ نظارہ گر بازی گرن محرومیوں
synth_002866.png,مفہومیت جزائے خیر دل برداشتہ
synth_002867.png,رواں رواں سولینز لنگڑایا
synth_002868.png,شکایات باٹ خرچی مقسومین شوخئی تحریر مضروب رکھیلیں ترقش
synth_002869.png,باطنا قیود ٹھیک کرنا ثقل دماغ گندنوں بھوچکی چھوٹی بوٹی
synth_002870.png,فاصلۂ عظمی مے گونی گہرا یارانہ رہید نلکیاں لکڑوں موجدہ ثقاہتیں
synth_002871.png,پھٹا ساقنہ شنکرا کھنڈنا ٹھیراؤں مکنونات
synth_002872.png,پتوانسہ ایمان داری دوشیزائیں سنگ شمس پزادہ پرشاستاؤں تانکے کراس بریڈنگ
synth_002873.png,آپس کا تشریفی کیڑی کاڑا دوسری طرف خلاعی اعتدالیات مسجد کعبہ نو آبادیت پچھڑتی
synth_002874.png,جید الکیموس پسیجتے رٹتیں جنگل میں دنگل
synth_002875.png,نئی کھیپ عقد شجیری اوسائے کامی دون کھٹریا جنگلے لباشن سلیمانی ٹوپی
synth_002876.png,ٹھیوا مقولوں دویلا شبعی خندہ ریش نکلوا پردۂ ظاہر سستی شہرتوں خرافیات
synth_002877.png,مبالغہ جھوٹائی اگر گل جگ سوپ سقہ دمکتیں اسمیتیں گونجی تخلیت
synth_002878.png,نظام اجرا دھلانگ ساننا
synth_002879.png,عیش و عشرت جھجھما روگیا غم خوارگی پھوٹیاں
synth_002880.png,چھٹواتا حزذ ابن الوقت پنگین لیت لامتناہی بیسنی
synth_002881.png,متوضع جبریہ مورخین بتایاکہ نیا راگ لزق نوٹیفائڈ گرمے
synth_002882.png,زمبق جاتی پگ الحافظ آلۂ برق کش مٹھیار عترہ سوچئے
synth_002883.png,نو آزاد شدہ حصۂ اوسط جرانس پھسڈیت
synth_002884.png,زبوں عمل رستار بھادوں نت نت چر چر امیر عرض
synth_002885.png,پریچنگ اقرف نیب کا تنکا آلتا رمیدہ دل
synth_002886.png,ملکا ہاتھ انتالیسویں ماسٹرز قتور
synth_002887.png,فروز جوڑلا عشوہ پرداز بیٹھتی اننت چودس پرجنیہ غنخنایا
synth_002888.png,صبح کاذب استراحت نواہی پردہ بلبل مظہرین چراغ بتی
synth_002889.png,نسخۂ عامہ جھانکڑ مغاں گریہ ناک آسیانہ نلی دار ستون
synth_002890.png,اوسکے سول انجینیرنگ نئی نویلی دھکیائے چشم دیدہ مرگج میچنگ شعیرہ نانگا
synth_002891.png,واہ شہریار قرولیت پوچھتا ہنڈاریں روابض تفصیلی
synth_002892.png,گلابوں پورے دودھ کی گوش آشنا کددو طرفت بھسکرے شب باشی چتکبری سنڈی
synth_002893.png,قرنی قدرتی ماحول ادام عادتوں رنجہ جہت بالسیف نر اپائے
synth_002894.png,جدا جدا جمورک زندہ رہنا شاہد باز
synth_002895.png,تصدیق بلا تصور خانہ بر اندازی کلک ہمسائے
synth_002896.png,عضو کیبل گرام متالمہ سانوریا سہوڑا
synth_002897.png,بڈھرا دمیشا ولیمے نوکیلا پن خطۂ پاک جھانجن دیوؤں ڈبل پیسا
synth_002898.png,دبلوں خشکے متعدی مرض مہاکالیہ ٹیلی فون بوتھز
synth_002899.png,چوب تیر پیچ مویہ چھڑھوائیں جھپنکی جریب کش رضاع وقیعت چھچ کظیمہ
synth_002900.png,کل کی بات علم النفس بصیرتوں موج بحر چھاچھیاؤں
synth_002901.png,بھرڈی رانی کھیت شاخساری گوچا معلم خط میرزاؤں فطرت خارجہ پاکھنڈی
synth_002902.png,لغزشوں چونریاں نقص التکلم
synth_002903.png,گرد نامہ موازنے دیمک کھایا کحل جواہر سنا سنایا
synth_002904.png,نیم چہرہ حکمتوں رت رہے مکتب دوا سازی تھیٹروں اے ہے کرلئے بد بر گودھڑی
synth_002905.png,منفی قطب میرج ہال جنت ماوی
synth_002906.png,لتھیڑتا مرچے قویمی وضو کرنا چرب غذا نابیہ
synth_002907.png,چھجا بازو مہربان لبیری لوکیشن مستانہ سری پھنسائی
synth_002908.png,سیکنڈ ائیر پذیرائیاں نمونہ جاتی ضلالت
synth_002909.png,منیجنگ پروپرائٹر چھندا نیہہ بن
synth_002910.png,نجف ڈاین جنم اشٹمی عمل الزاق بتاتی مزاحیہ بورنگ نجات یابی منزل آرام
synth_002911.png,تلازموں حکم انداز درشکا شاپس فرحتیں
synth_002912.png,چنچلاہٹ یازر پربین غلاظات آنکھ مچول جیسا کچھ رجسٹر اپیل رجائی چینجی
synth_002913.png,ارکان دولت چنکلہ سراسپینہ قوطی پدرسوختہ اٹھائیسواں
synth_002914.png,سول لسٹ نازیبا ذائقہ اصلی
synth_002915.png,شیحہ حکایۃ روک رکاؤ چنگڑا نان خواہ
synth_002916.png,مؤسس اول ایری کتب خانے
synth_002917.png,طرہ پوش بلکا رویت اشیاء شیو گھسیٹا اجڑنی ہریائے
synth_002918.png,پروٹو پلازم پولاپن گوہر شناس پٹھو جونٹا صنم پرستی ماونٹ سیرت حمضی کوہ طور
synth_002919.png,مشرقی ہوا موریات صبر جمیل چھہوں
synth_002920.png,اٹھنیوں پارلیمینٹ رشتۂ ازدواج مرحب ملزقہ
synth_002921.png,ادارہ گنوار کا لٹھ لاہن پیرارا زواجی تنہانیت گنوار کا لٹھ سہم شرعی
synth_002922.png,کلیری اکتفایات جھونس ننگوں کا شہر آراء خوف و رجا سہج میں
synth_002923.png,اڑذاتی سراب تبرید گر مرثیہ گو ڈانواں ڈول جھنگاڑ لیچی چکول
synth_002924.png,ازکار رفتہ پتواؤ دھیمیں قانون برخواست حوروں اونی سالوتری ترسر کیٹلاگ کارڈ
synth_002925.png,عذل ڈنڈی دار نوک پلک کا ٹھیکر بندی مشرقی ہندی مضخمہ
synth_002926.png,چوب گل نغزبیاں شہزادہ
synth_002927.png,پیٹنی چھانچیں جس
synth_002928.png,مکھے چور کوٹ طباق ثلثہ تقمص گل پیرہنی نسر واقع خر افیاتی سورگ زرعی پیداوار
synth_002929.png,مسلمہ کلینرز ملازمت گاہ
synth_002930.png,نست پلپلوں عکاشہ چوکا روحانہ تریا الضاقین
synth_002931.png,آسیریں منفتح میوں دمادم رکھو تابہ حیات مغروق تحرک
synth_002932.png,پیٹ کا بدکا حسام غرانے حجاب آمیز منت کشیدہ مشاور متجلی بالذات
synth_002933.png,کم آشنائی اشد شدید نسل داری حمدوں سرپرست جنہائی ٹھینگنیاں
synth_002934.png,پرستواں تھکیلیں ولجہ چار خم گھنگھولتی افجام حقانی داغتی
synth_002935.png,گنگا جمنی باٹ خرچی اندراس نقص تکلم قطرہ صنم خانہ کرانتی کار وجاہت
synth_002936.png,پانڈراؤ وائی گہنائے لحظہ بہ لحظہ شدید الحیل
synth_002937.png,پھیکاہٹیں قرا قذفہ رخم چھوپتیں بھسکوؤ
synth_002938.png,روز روشن پائے درگل چور لگور بزمیں مرابطی ہجری بروت لاریں
synth_002939.png,کھاپو گیان فرحت
synth_002940.png,موقوف علیہ خوش خصال نا آزمودہ کاری کمپ روز حساب چباک شمولیت
synth_002941.png,چھٹ اسیں خارج از بحث ارول
synth_002942.png,حفال سفلی جذبات مہمان پروری
synth_002943.png,اقامے ماتھے کی لکیر تامسرہ
synth_002944.png,کب چھریوں موافات ترکنار چمکوانا جوابی عمارت اغلاقیت
synth_002945.png,موج دور انسپیکٹری تھوڑے اگھاتے ٹملٹر ہنسوڑ
synth_002946.png,حجابی یمن کوڑاکرکٹ جین مت موتمن کورا کاغذ
synth_002947.png,چندر رین نوڑیے فرلیں ٹریڑرر اکھریے
synth_002948.png,نسیج ورم پکھیرو لوہاپن
synth_002949.png,نبقاتی تودے چپٹیاں سائٹوپلازم دھیان مبتذلہ مردان نیک فطرت
synth_002950.png,سرگردانیوں تضعیف دارمی زبان کا کچا تشرعی نفسیات لجین
synth_002951.png,اپرار قوقارچی نکھید امتی مزارع قدیمی جبہ تختۂ گلزار چھوٹے میاں
synth_002952.png,زنگباری چوکھی ضحار طوق لعنت شمع افروختہ اژدھات قادر مطلق
synth_002953.png,روایت بستہ تفننگ کا پیالہ بھد قارونیتیں برطبق فولادیاں پنیائے
synth_002954.png,حلہ پوش ساسانیوں لتیاؤ ایماں رادعات میر میراں ڈھیلی بتیسیاں نیلامی کا کام توڑوں
synth_002955.png,ڈگری کورس بکھانیے انقلابوں ہبہ تملیک نچڑ ولدیت نیہہ بن کارگو باریک بیں
synth_002956.png,فرخ شہر بہ شہر مزاج اتم نفس مستعد چنچنے عنتی شمع ناپ جوکھ
synth_002957.png,عین عین اضطباغ سحر زدہ نظارۂ مجاز نقارۂ جنگ غڑپ اسمرنیں بسا ننگ جہاں
synth_002958.png,قینچی پلاؤ کی رکابی زخم رسیدہ پیروی چترگت رنگروٹوں تھکی
synth_002959.png,مطرزہ ٹرانسمیشنل خرنویہ حد سے بے حد نکشترمان سراپت
synth_002960.png,کھنڈسالی رنگیت انوٹ جگائیں گاونہارے تانگوی
synth_002961.png,فروغ گیر خلا باز سازوآہنگ سارینا درشت لہجہ
synth_002962.png,مفروری بلوؤ کمپاس والا محسوب سینیٹ کاروائیاں
synth_002963.png,مورنگ الائچی اصبی پاٹلی پتر رمی جمرات فارمر عن عن
synth_002964.png,سیچنا مور بین دست و بازو ثافی مجیدیہ گنتیاں مرکزی وزیروں کستوریوں
synth_002965.png,پٹھی شیاطین تڑقے نظیم برسر حق نہری زمین آغوں ماٹھی
synth_002966.png,بھرواسا چوبی سر جیون تخم پاشی مے صاف
synth_002967.png,سانسوں فارغین ضابطہ پسندی
synth_002968.png,بحر روم شاء کیتھیڈرل رزین پٹکھی وعدہ فراوشی عصارہ اعداد صحاح
synth_002969.png,جان سے دور ڈیرے نا امید عطف سن سڑوک ربیسہ الاسلام حقوق اللہ نعت رسول
synth_002970.png,ہم آہنگ منقوش دکار تکینی کھاپٹ دھرونڈا نخاعی قناۃ
synth_002971.png,ثقل ذاتی ملحقہ نحوی نظام نبھ نورتھ بھنبھنائیو
synth_002972.png,مڈھیاں سماہر طرق دراکہ الیچتے
synth_002973.png,زریں کمر شیشوں ہیںمگر کریدنا
synth_002974.png,نچایا نظام تکوین الدم کوشی زلفہ
synth_002975.png,ارجک تخشعی پرمادیں ٹاٹی بٹھایا
synth_002976.png,فرہنگ طالحات میڈیا مین تیتروں ضروریات غاربی افتراشی خلش آشوب
synth_002977.png,مدافعانہ برتش ٹھام فرنچ لیو مکرمیہ مسلم تہذیب نواڑی فلمائیں جھوجھل
synth_002978.png,کمربندی منظور خدا سویہ
synth_002979.png,زبرج بسارے گردن ہفت گنبد مرکزی شہر منبع و مخرج
synth_002980.png,ختان دنبی پویاں نکالوں مقطع حقوق شفویات تحصیل داری
synth_002981.png,اعمالی رینگ کلنک کا ٹیکا
synth_002982.png,مارماٹ مجانیق برساتی مینڈک رنگتوں
synth_002983.png,شارفہ کمان کیانی مہوش پمپس جھوٹا گواہ دلربا ڈکار ڈیرا داروں
synth_002984.png,فالج زدہ پتکیاں سمیا
synth_002985.png,مسکت طالب انصاف ملنے بیت الحکمۃ مقام بندی
synth_002986.png,راج منڈل حرمتی مزرع ہستی تحقیر عدالت تپڑی شرمندہ ہو جانا ہیںتو
synth_002987.png,پاٹلی یوز قلب اضافت رکھوائیاں برسات کی چاندنی جواہر الکلم ابتہاج
synth_002988.png,لبدڑا عدہ سوالیو نگرا پھڑکاؤ نورالہی نعرۂ رسالت
synth_002989.png,باخقے چہکارتیں مقام ہو چائے
synth_002990.png,ڈی پلٹتیں سنگھانا
synth_002991.png,ہارے بیلنس شیٹ لغزشی تحت الشعور
synth_002992.png,نو شہانہ پنبہ ڈھنڈوائیاں ناکارگر
synth_002993.png,ادھرمی پوکھری کلیرنسز بھلبھلاتے کم اوقات ٹوڈر ترمتا ریگا اکروڑا نا مقبول
synth_002994.png,جز لا یتجزی لگتاہے ٹریکس باراہ ناثر
synth_002995.png,نقرۂ مفلوج گھریلوپن راج دلاریاں سود و زیاں بٹویا مفاوضہ شمشیر بازی دل باز ذکر و شغل
synth_002996.png,بار گہ دوبارا ذمیوں
synth_002997.png,ننانوے ماضی استمراری ماش سیاہ استطلاقی لنگھائیاں جھبو خوش گزاری
synth_002998.png,عقلا حوالداریاں افسردہ
synth_002999.png,انسیت تعمیراتی قرور بھابڑ شاعرہ لائمہ
synth_003000.png,میلوڈرامائیٹ نظریۂ قدر سکیرنا
synth_003001.png,جرکیاں جوہری جکیں طرفینی
synth_003002.png,سخت جان ہونی جلستان دو مونہا دریائی مٹی
synth_003003.png,جھنکھال افعال قسری تربیت اکھڑے بھاری صنعت توکرا
synth_003004.png,فلاحیتیں روالورز زکوۃ گوہر فروز تصفیہ قلب دیدار کا بھوکا سانجھ
synth_003005.png,چوہے مار ملیق تگمہ رہنما تار
synth_003006.png,سینہ دودکش مالا ناواجب العمل عالی ظرفی مائکرو فلموں جاکھوٹ ریپ فروع
synth_003007.png,غیر حاضر غوغائی نیابتا نقشانا آنکھ کا تل دخا
synth_003008.png,نماز خوف نقیر دیوانی عدالتیں شہید دراوڑی باغ ہدیانا
synth_003009.png,ٹری پرزہ پرزہ سنچراہٹیں طبعی میلان گندھیں کمپیلٹس
synth_003010.png,پراگ سخاب مروڑی نئی جوانی تحت امکان ماروی دشمن بند
synth_003011.png,مآثرہ کیشنز بزوغ شہود حالی پچخے
synth_003012.png,سویلائزیشنل چمیالی بدعنوان ندوۃ العلما ندرت کاری
synth_003013.png,پرتھویتیں معرکے زر گر سکون پذیر میںبھی
synth_003014.png,نہائے صحیحین مچھر مار مہم نواگر قنبر
synth_003015.png,کھڑکھڑاہٹیں گھیپتے ناریاں جتوائیاں
synth_003016.png,علاقوں رخنہ انداز موجب غفلت پھنکارنا
synth_003017.png,مبروط پرنلاؤ بھیراری
synth_003018.png,نروا ذہنین کلاچار زیرتکمیل لشکارنے صرف روہیلیاں عروضی ناموانست
synth_003019.png,نقل و حمل سٹاؤں گھر کا دھندا اعطا ناگواری تصویر ساز مٹھی بھر کالا کلوٹا
synth_003020.png,پر تاب یہاں سریت کفش بردار بھریاؤں نحاس قلب تردست
synth_003021.png,پینجائی بہکی تضحیکات مچدچ چوندھیری ذی عقل ٹیک آف تانا بانا
synth_003022.png,پہنچائے رنگ ڈھنگ پرسپاوشاں
synth_003023.png,پرانگن خوانچہ والا آملکاؤں
synth_003024.png,نظام کہن پندرہ کولمبس استعما کٹیٹ جھنگری موئے مقدس
synth_003025.png,تھل جموٹ ثامنا عدیم الحس
synth_003026.png,غوری نہل مہ دو ہفتہ دو رنگوں لدھے شاہ طرہ طرار جیوش
synth_003027.png,غلطیدہ مجلس قوالی ناآشنائی رضوانیت دھینگا تمتمانا ٹھیرائی جھلسا ہلہل
synth_003028.png,مکررات گندمی رنگ شعوانہ چبڑ چبڑ کر کے
synth_003029.png,نبض لین منصفی عنقی گربیاں کا ہلال
synth_003030.png,نالہ و شیون ٹائپ اعتراضیہ نانی کناگتیں زیاستیاں زجر و عتاب
synth_003031.png,تنظیفات امراء تقابل موسمی تہ تلنگنیاں دائرہ اطلاق مخمسات
synth_003032.png,سٹھیائے گردن گاہ صلائے ہلیری امیٹھتی بھگتنے
synth_003033.png,صلح جو صفایا کرنا ریزہ سرائی پرپونیں
synth_003034.png,رضواں ضامن ڈکریاؤ تشنج مقناطیسی ظلم پسند اکشر کینہ ورزی کشادی
synth_003035.png,برادر رضاعی بوجھوں نواسے پھنسوائیاں ریٹ انوراگ بڑھتے سہسن
synth_003036.png,اتروا عالم امثال گھسٹیں بہل خانہ اطالتی اہل سلوک
synth_003037.png,حصون چیٹیاں کہاروں
synth_003038.png,میگڈلی کریلوں امرلوک
synth_003039.png,اود بلاو سٹافز عندلہ جیٹھرا تیوری راہ گری شب زادہ
synth_003040.png,شریعتیں خاطبی بد یمن روبکاریء الفت قیمت متعارف رائین بکھرنا
synth_003041.png,پرینکا گتھیاں تردد پوچھ تاچھ تسوانسی رعایتی دن کروفر منجے
synth_003042.png,پلپلانے تریڑا تابوت سکینہ پھڑپھڑاٹ تکلم
synth_003043.png,تروٹکی ہتھو فہقہ اردلی بازار جوکھائیاں فرط غضب پارسلوں آمین بالسر خشکی و تری
synth_003044.png,تھینک جنجر ڈکٹیٹروں
synth_003045.png,جگاتا پوسٹ کارڈ بگڑیے رکازیاتی نوم قوم
synth_003046.png,پکی بات مناجل غد نقطۂ اعتدالین دکھڑا
synth_003047.png,بھونکا انلارجمنٹ پیش گوئی فخریہ پیشکش تنقیہ مماثلہ تیکھ
synth_003048.png,حل ملخ تھکواؤں محکمے عبداللہ
synth_003049.png,سفارتیں بھیگو مال گاڑیاں زاہرین لیجو بات کی بات نامہ نگار نو پروان
synth_003050.png,ناتے دار کلوننگ سیلانی
synth_003051.png,لد دروز پہلونٹھی قالب
synth_003052.png,مشک پاش عالم جذب پٹوائی بروگی
synth_003053.png,طاقتور چکوندا چھپری مستعجیلانہ نفاقتا موقت قابض عاروسیں
synth_003054.png,معرفت آموز تقلید بدنہ متصل تناسب
synth_003055.png,میلے کچیلے رنگ چمن مضیاف مصحف بغلی چاپ شدہ
synth_003056.png,دو وقت وحدہ لاشریک لہ تابڑ توڑ ٹونٹھ خاطم موسوم علیہم میگھ بھون جنگل کا آدمی مشائین
synth_003057.png,شجروں منزی ابتدائیے
synth_003058.png,اپلیکشن بہشت غاضبات ضعیف الاعتقاد تنقیۂ دماغ زندہ یادگار آنکھوں سے ملوک و سلاطین
synth_003059.png,اولینڈیں چنسر نیو میکسیکو تعطف آنکھوں کی صورت
synth_003060.png,کجلوٹی بخرہ صفحۂ قرطاس تشعت پوکٹ جوہر اول
synth_003061.png,ناروا خوشی فرضی دیاجائے پیڑے تنوطی تیلڑھیں
synth_003062.png,سبت جہاں سوز کنگوری حراقی
synth_003063.png,حیوان عبدالرشید احیائے ڈیزی طرز نگارش پرائے کا دن لوبان
synth_003064.png,مسئلۂ ادق غمامین الہیات آرزو
synth_003065.png,کونسلیں شیر ٹاپتیں
synth_003066.png,تطہیر تکاورات سویلائزڈ محشر خیز الرحمہ
synth_003067.png,نیبولائی حافزہ خلیہ مایہ ڈانگیں جماہیاں
synth_003068.png,تھرمینٹیڈوٹ مستمرہ پڑم کچکچانے اوٹنا
synth_003069.png,التواء الامعا جداں کتاب نویس از سرنو
synth_003070.png,تعرج عشیرت لڑکھا سنک فتور عقل
synth_003071.png,جاکے چمچکائیں تربیت شفق آمیز عصبانیتیں
synth_003072.png,ٹریڑریز عصاضیر جزءا کنار قبر انساب درمیان والے
synth_003073.png,کٹ حجتی زوربازو اسکند منگنا زنبورچہ مجلس حیراں پیامبری کھلواتے
synth_003074.png,کھدتی ہم جماعت تکاسف حالقے ترمس زنانہ مکان
synth_003075.png,مینڈپٹ گوڑیں اخفائے شفوی قیام گاہیں
synth_003076.png,مجلس ماتم پھلاسرا مغیلاں زار گناہ آلود فطیری
synth_003077.png,طشت ازبام دوکی گوہر نگار آبادگان نزلہ نماتی گدیاں ایصال ثواب غوں غاں
synth_003078.png,کرنالی نقل نویس ادھراج ملتان بسر ایرکرافٹ کریٹر موجودین
synth_003079.png,سمج سراپندہ ٹاپ سیکریٹ صیقل مغاں شیوہ نیلگوں سفید
synth_003080.png,قولچی جیلیاں نیم ادبی نتھنے تخت سلطنت زنگولہ
synth_003081.png,غیر معقول ہکائے کنچن روپ
synth_003082.png,زرپرست استیذانی چننے طویل النظر ذبیح اللہ
synth_003083.png,خزانۂ عامہ مہتاب دلہن غضائر صاحب فتوریاں ٹھگوانے پیش آبند
synth_003084.png,ابنائے ڈرائیورز عاجزگیاں دو منٹ سماجی شعور جھوٹیوں سہ غزلہ دربوخ رویت اشیاء
synth_003085.png,الہوس ضخامت بھوک کا مارا ہوا
synth_003086.png,تندکیاں لہلوٹ متوجہ سٹلیاں مہر طلعت
synth_003087.png,مبارک قدم قرین ٹھنڈا مٹی عائقات ہلکارتی الاچیاں منفی رویہ
synth_003088.png,ملیشیا ادھکار خط انتصابی طرب جوشی خلودی معدنیات ٹانکیے
synth_003089.png,رچاتی زمینی رشتہ جیٹھوندا مباذرتیں عمریہ مستطیعی دلیلیں زنخہ بہادریوں
synth_003090.png,جھناسر چھٹکارا مواصلاتی نظام سادہ چیک اکھاڑتے طمشیت استھالی جھنکوائیئیاں نور ظہور
synth_003091.png,تتلاتیں نیا نیا خبیص تسبیحات پونی ٹیل غزنوی خانہ بہ خانہ جھلمٹ
synth_003092.png,تارا را را نادریافت شدہ پارلیمان کحل بصر دستاویز ضمانت
synth_003093.png,سمجھی دریائی جلوس ناانصافی مندروں رودا پرنواسہ آنکھ والا مکھارن
synth_003094.png,مرصع کاری امرولا ریزہ قلم تیزگام ستر ہنگار خانگی معلم پینجنیں اکتفایات
synth_003095.png,مست آواز ائمہ ثلاثہ دودھ پلائی حق داری اکتایا نرم لہجہ تراشیں ہلگاتا ایشر
synth_003096.png,سو ادب رونکھا مقاطعۂ جوعی سابوت
synth_003097.png,بیٹریوں برا دن آستان بجنسہ اسمگلنگ دو دلوں
synth_003098.png,ملاسسٹم حب الوطنی دو نالی
synth_003099.png,طیوب پھرتی برفستان چور تھن معتمد علیہ مرجھینی فکر فرسائی آسیبیے
synth_003100.png,جہادیوں ساعت بہ ساعت آب دہاں عذر داری مجسٹر زابوم جگاتا
synth_003101.png,پتورا پامردی ڈھلتی رات بھارتھ عدالت فوجداری لیجیئے
synth_003102.png,عصبی خلیہ سوفی صد نیلام کنندہ احشام تھودی غصہ کرنا
synth_003103.png,تفسیرات بھٹتیں ویں پیش اسخان نقش بند ازل نسیج عنکبوت نقش شفا متحدالحقیقہ
synth_003104.png,پرائی زنجیر نرما نرمی بسملیاں جام صبوحی
synth_003105.png,کوفت گری تاتاریوں لامعلوم پرکرم
synth_003106.png,بڑے پیر بد کیش خاصا جمےرات سوچے بلہ یقین توکل بخدا مولسرا
synth_003107.png,نہتہ اصحف منیان پریسوں نقد و تبصرہ رشاشہ ماضیہ سوکھنی
synth_003108.png,پٹخاریں ثقل اللسان کانورے مرغی
synth_003109.png,جھاڑیوں ملکوں چوں و چند عجائبات چنگریاں معاملہ بازی نبیرۂ مشکل کشا زلف نو روز پیداوار مغتتم
synth_003110.png,حلمیت قاصروں دیدۂ مشتاق اسماع اوصال
synth_003111.png,ماٹھ سونڈھ گستانگر کاسٹر آئل پوٹاش گاما حرف علت
synth_003112.png,جی خوش کرنا شراب حقیقت نپجا مجلسی حیثیت
synth_003113.png,روئداد نویسی جبری ارتعاشات پستہ قد ڈھٹیاری شب ظلمت تعویذ ڈنڈ پکی قبر
synth_003114.png,مثبت خیالات گل باڑی بولر متضادالمعنی روزمرہ کا چھندوتیاں
synth_003115.png,ترکہ ضمی الفتیں
synth_003116.png,نقش دار مٹام عہدہ برائی دو زا
synth_003117.png,زعم باطل معدد برسبیل جیکفروٹس پچتایا دنڈا طنبورہ قصدیاں محاجم ناری
synth_003118.png,مضطربانہ انداز موچھ دار چمگادڑ قرابتی منہ مانگا پتیاری نامقرر
synth_003119.png,چندا ماموں عیوث یارو نفاستوں خرد گم کردہ خلیفۃ اللہ
synth_003120.png,معاملات دنیا تیتیس اسمگنگ فلالینیں ناخدائی
synth_003121.png,نباتی مٹی گھلوا جغرافیہ طبعی
synth_003122.png,ڈگریوں ماثومیہ تناءیں جہریات باسیوں نشٹ
synth_003123.png,پھرالیں دل جلوں سجادۂ تعظیمی لاؤنکاں اسواری نگران کاری
synth_003124.png,صائم الدہر جھرلوؤں بچھڑتیں جم کرجم گوچ تنبہی فتنہ سامانی نوین
synth_003125.png,حد مجرد ذوق سخن عہد زفاف پھن پھن
synth_003126.png,آڑھتیے عزبزہ مجموعی نمبر پھسپھساہٹ گرجنا پار گت جگرسوختہ مقادیر تکمیل حکم
synth_003127.png,اصفاح رسالداریاں سبھی چیچا جوانان تختۂ کائنات
synth_003128.png,جینس سنگاردانی دیو پری نیم وحشی خاطم باندھیو گرد پوش
synth_003129.png,مکان تالا مکاں پچکتا میدان چرخ
synth_003130.png,رئیس الاشقیا ناخوش زرزری جھوٹا دعوی چکلاتی نفس مجرد
synth_003131.png,بصرہ جھجھمائیے حقنی
synth_003132.png,چپ کی داد عنکبہ چاروں ورن شیرہ جاہل موتی پھونک سیقہ کرم گستر کی
synth_003133.png,روہینہ نصیحت نیوش ویں گپ زنی منافس اشاری چلوں خود اذیتی کبڑوں
synth_003134.png,بےکار رماؤ مناقشت ابسرائیں مالح سیلاب حوادث عرش چشم نور ایزدی
synth_003135.png,معن نزہت آباد طوری گرمائی باد میرا مہرہ توپے دھاتے
synth_003136.png,معشوق تنہائی تختۂ مزار گاؤدموں ریجھائی مقبرے کی جالی ایڈیشنز آبیانہ
synth_003137.png,عناوین مونوپلی تمیزیں پرودھکاؤ مجنون پن
synth_003138.png,ریڈیو سیٹس چھنچھناؤ چلکا دودی
synth_003139.png,بلادت بدھاوٹ عابد شب زندہ دار بدیعیہ صفحہ
synth_003140.png,نائب کمانڈر منڈواتا چلائے متحتم بھاکیں
synth_003141.png,چھبیلا تعمر ضعف معدہ چومیو
synth_003142.png,ٹھاڑا لائق تفریر مذبولین چبھنا ایڈیٹرس
synth_003143.png,اجورا دار تعمیری میٹھی جڑی چوڑیلیں قناعی منت سماجت عابثہ
synth_003144.png,وہاب کم سنی شعلے اندھا بادشاہ تجرباتی انفرادیت
synth_003145.png,تعفیت نئی سوجھی چھینالہ کھریری رسول مقبول پوتر تعلق نوشیندہ تختہ ء قماش
synth_003146.png,موز نظریہ ساز چٹخایا نصف اولاد توزینی بیگانہ پن گرہستھن
synth_003147.png,مرٹی گھنگرو کا شریک چگایا رجھاتیں راضی نامہ خردہ گو
synth_003148.png,اٹکتے لال مکھانا اقتضاضیت مؤلفین ڈیوٹ رمیہ
synth_003149.png,مرکب پھل کانفیڈنٹ بسورتی ہیلی کاپٹر محنت زدہ
synth_003150.png,حسن فروشی کشادگیاں معشوق پن سٹھیاتے مصنف تجزیہ کارڈ سلنڈرز
synth_003151.png,چلتر خطاطیف عارف خراب و خستہ موثر میدان قلم جھکاجھور تخییر
synth_003152.png,کھنڈساز اپھرتا بسان لکھنؤی کانگریسی
synth_003153.png,کلک پولٹری رنگ دہندہ آمین اللہ رخساریت آکول
synth_003154.png,رشاں خایسکی ٹیکنالوجی دفعۂ ماتحتی پسواڑہ
synth_003155.png,کھونستے زناکار سیہ نموں قفلوں بناؤ معیشتی بدھان
synth_003156.png,چٹیاتی معنی شناس فارغ التحصیل نفسانفسی کا عالم
synth_003157.png,کریٹروں پاچی دھٹیارا
synth_003158.png,پراگرہ جامدی ابتدائی عدالتوں ٹپاری زہر بال کٹرپن خود گزاری
synth_003159.png,ٹوٹل تکلف باردہ تیز دستی پیچوانہ عوید جھولی دار
synth_003160.png,پلکیا چالیس موش نژاد راحیدہ آرائش پسند بدیہۃ ابرہ نیا عنوان
synth_003161.png,ایتھلیٹ جھپکیے طفلان
synth_003162.png,علم معدنیات پچھڑائی ریڈ باد بہاری مختل الحواس
synth_003163.png,تخلیص یافتہ نقاب کشا تیتمیم گھونسا گھانسی ہانگی پرندر
synth_003164.png,نوبل انعام یافتہ مخمدیت مہرۂ سیم مینگ کی ہڈی ٹنگسٹین
synth_003165.png,ملز چھنکانا سرسراہٹ
synth_003166.png,شکلہ ارثم ازعر مظاہروں حلوق خشک شوئی ظن جھراؤ من بھاوتا
synth_003167.png,ٹھولی راگ پٹے دمڑچا جتلاؤں تاملوٹا گھول میل بھاگوان شبو سوالیہ فقرہ
synth_003168.png,مشاورتی کونسل عجابہ پریہت
synth_003169.png,تٹ مارننگ پھسکی
synth_003170.png,انفاس الصادقہ تردست اچھلیں بلھے مہا اوت
synth_003171.png,الماس تراش چالھیں امتصاصیت
synth_003172.png,کھویے گلیمرسٹ رواحہ شطی پتوراؤ
synth_003173.png,کچنی رزم نامہ زلف عنبر بار قویسی عقابوں چرپریا
synth_003174.png,تاکڑی دپکی تلوں عبا و قبا گل نافرمان میوۂ تر
synth_003175.png,سیاہ خانہ منقلائے پیش سنچرائیے
synth_003176.png,عایدات سلیمانی ماخور خازن اشاریتیں رندنے تجنیس پھویا جھلستا ناروانی
synth_003177.png,چپٹا گولا جھکاؤں فیٹس مویہبہ
synth_003178.png,خود بچاؤ پیر دوڑی جرمانوں علم العلاج آشریوں اوتھے انباری جھٹے اسراجی
synth_003179.png,فروختیات ملامتیں ازعلہ
synth_003180.png,اصراف کھنڈال مبادیات اقلیدس طواسیم رنگینی فطرت جی کا بہلاوا پھڑپھڑانا
synth_003181.png,ردی چیز باگری راجس سرستی لاذعیت نسیمہ زائش منبع نور
synth_003182.png,بجھا چونا باڑھ کا ڈورا انوش
synth_003183.png,یارانہ سرمئی تحریر بریفنگ کوتک نیزوں چکھیو توہماتی آلوبخارا فیرا
synth_003184.png,سترا ماما طفلوں برماؤ ماسکی کرچکا دل کا
synth_003185.png,سبکو اینٹھ شفاختیاں زلف دوتا نیساں بار نرآس نظیم تانتا نپواڑا
synth_003186.png,داددہش ڈگرا اضراس چندھیانے بھیکڑ جھونجھی
synth_003187.png,بسرنی مختضی گمڑیاں فرسہ ٹھورھیاں شامی ٹھانی
synth_003188.png,زعفران زار بڑتا تاملیٹ اندیشے مختلف الجہات کلیدی فقرہ روڈیم سودھتی
synth_003189.png,پہنے ردایتیاں واہی تباہی چالاک رو علم رسم الخط جھنجھوٹی
synth_003190.png,جاسکتی فوفل جھنگرلے نصب العین سدھتا پرمانو نازی ازم
synth_003191.png,تفاحہ نائب تحصیل داری پوڑے نفیسہ پسنگا ترکناری چلبلاتے پھپٹی پستک بھنڈار
synth_003192.png,ڈاک چوکی کردیا ریڈیو گرافی ناعقل سرگوشیوں ننی کا کستورا چھچھلی
synth_003193.png,مکیفات خشک سالن ٹھہر ٹھہر کر
synth_003194.png,خدعی دو شالہ نعمائے الہیہ ننگی ننگی نور خدا نیلا تال چوسر کا رنگ
synth_003195.png,ذرفہ والو مہا راج بے کار مکتون لفٹنٹس خپاٹ دکنی
synth_003196.png,گہراتے ہرمان سنجارا قوا گجرات
synth_003197.png,متفق ہونا پرڑا پلوائے پاشنہ حلواے بہشتی
synth_003198.png,پھیریاں من منگے غلط تلفظ کرنا اطالیہ کم کرنا دھانستا کڑکڑاہٹیں
synth_003199.png,قلم الجزیرہ بچاتا
synth_003200.png,نگران تمطیط موت کی ٹھنڈک لڑھی پنڈوبی کنوارپن ہاہا کرنا دھرت گلہ آمیز
synth_003201.png,مذکورۂ بالا مکیث مدحوریتیں تحقیقاتی ڈھسنی ڈولومائٹ نہ آسیا
synth_003202.png,فوزاعظم چھپائیوں نقصان نامہ اوتعاشی باندھنے مسور کی دال اچکانا آنا دو تئی
synth_003203.png,دلکشائی چھدرا پن واسطہ ہونا کھڑکنا پھئے مخلصانہ نصیحت پاترنی
synth_003204.png,ارل جھپانیاں یوزر ذکر و شغل استار ثمرن تطبیقی حسن طبیعت
synth_003205.png,چرغد مونس الجلیس اندھا پن
synth_003206.png,گلگلییاں اشاریے میل ملاقات مجللین
synth_003207.png,ساق بچہ دھمالیا نازک دست روشنیوں
synth_003208.png,منقلب گردبار خوش چال اٹھ بیٹھ
synth_003209.png,ذواربعۃ السطوح استملائیت جپی شعابد دبکائیں منڈتیں نظام شمسی جھلونی
synth_003210.png,مشہدوں سلف پجوڑیاں عضلاتی تقلص اطاعت گزار لوائے
synth_003211.png,طبلے کی جوڑی فسردہ مولی عنافہ معافی ناجائز نازک ادا پھیل کر شار ایوی من کیتو
synth_003212.png,فرماں برداروں سیل حیات مفخوذ زر احمر سیوستانی
synth_003213.png,مناصرت نقل مقام کم فہمی ڈیڑھی نریش
synth_003214.png,شہیر چربی کی باتیں راجیو غلٹی
synth_003215.png,کلانیت نقطۂ نزف خرقہ پوش ندرت کاری پھونکیں ریعانی نواعیر مونگ کی پھلی
synth_003216.png,سماجت حکومتی الجبار ٹیبلٹ پرتہ
synth_003217.png,آنریبلز چرکی بلد عمارات سوا نیزے پر خدوکی ناشادماں
synth_003218.png,سوالی نمدی ماہ مصر ڈھکوسیے الکو
synth_003219.png,فضائی شعائیں قیصرانی بد سلوک مسکان الہا درس سطحی ڈسٹر شیوخیت میرہ
synth_003220.png,ابد الابد بابد ٹھاریاں رءی طویلیں داہ ذکر دمہ گربۂ لاوہ
synth_003221.png,سالف پژمان جھڑک یہیں کہیں قرق تحصیل صاحب فراست
synth_003222.png,کہے الائے برس بیاوڑ نشٹا
synth_003223.png,مدرکہ تناسب اضلاع متناظرہ مردانگیوں انگ وارا جنریٹروں آنکل فارمز
synth_003224.png,دودھوں کیاریاں تخیل قاطر روح سیلانی مجاہدین ساعیر برنگے
synth_003225.png,شوم سدرج زہر غم پھاندوں لگانوں دھاپ بھنگریا
synth_003226.png,سلسلاتیں مذہبی امور گٹھ کٹائی التمغا
synth_003227.png,مسئلے دوالی ٹیبلوں شوخ نگاہی حرکت روزانہ کنفیڈریشنل
synth_003228.png,مجرمٹھہرانا تنفسی باباری چھمنا
synth_003229.png,چیتن ہار دیدار نمائی کولیگز مخنسیت
synth_003230.png,بھویہ شذوزی نمک کا اثر اوپر درا بھڑکتے
synth_003231.png,بھنڈا پرکا کبوتر فرہنگ نویس
synth_003232.png,زرنگہ ٹرکش الوحید نرم آواز جوہری نظریہ
synth_003233.png,تلواروں کا چھانوں می نخریل ٹوم ٹام راندھانیاں سپری نہوضی روزن سگسی
synth_003234.png,جھونٹھا تادیت قمائتی پروٹسٹیرین مقتولی نظارت خود نظری نغمات ہنر شاہد پنا
synth_003235.png,نظریہ کرداب الانبیاء چوبیسیاں شاہین چھپلا تھپریلے چنبڑے نہلاونا موچھ مروڑا
synth_003236.png,بخیریت نظر والا گلدوا سرخانہ بیخ کن نمکول سماچاریں
synth_003237.png,مامون بڑکویاں نوشتۂ تقدیر پھوئییں بد اقبال قاب مالسری
synth_003238.png,یکسوئی کاہ جہاں نورد جامدار نرگن بھگتی نگاہ کی گھلاوٹ سامدرکی تشبیہ قریب
synth_003239.png,سایۂ عاطفت ڈبل بیس کپک ڈانگا انگبین
synth_003240.png,تبینیں عنان گستر حلوا پوری باہیں حاشک
synth_003241.png,سنوانے میران کا بکرا غوثیت مطلع صبح اکھرنے حابلے کوتاہ قامت درپئے سفاک
synth_003242.png,جنجالوں پرامودھ مشانے کئ کمذور مغ زادہ نہار شکنی
synth_003243.png,برغہ تنبول لہکارتے عہد کا پورا
synth_003244.png,شتر ناری ذات احد بیک چگدڑھیاؤ رزاقیت غیروں سکرپٹ رائیٹنگ نوشہ
synth_003245.png,بینڈ ماسٹر انڈکسز خانقاہی راہباں ہم دیوار پوتکا پوائزنز تھپکیے تلقی بالقبول لاغ
synth_003246.png,ہفت کشور تڑاخا پاگن جاہلوں
synth_003247.png,برقع فانوس ٹامی گن رکھنی خصما چلتی زمین تنکاری نقاع جھپ تال بی بی زن
synth_003248.png,ساٹھا خارجی شاعری خانز ترپس کمپاؤنڈر سوہا جوڑا
synth_003249.png,لبرٹی نیائش زاہیہ
synth_003250.png,پور توکیل افتراشی مستعینہ جگر سوز گانہکی چوتھے پہر وینجن پپرا
synth_003251.png,عندیتیں محبوب مشغلہ بھکتائی مفعول ثانی ذہنیات باوا آدم سینیٹرز ضربی
synth_003252.png,دشمن سوز آپ کا جی جلیو
synth_003253.png,کھوکریں پھولوں کی ٹوکری کوڑے انارکسٹ
synth_003254.png,محبوب بالذات بالائے سر داتر قطار در قطار چار گانی میاں کا سا رنگ ٹبھاؤ مگافون
synth_003255.png,اہل ذمہ صلح و آشتی ابرشہ رفائے پہلو صوفیوں نازک دماغ ٹھٹھریاں محور حرکت
synth_003256.png,حاکمین سلیمے نظر کشائی کدو چاچر ترریے اڑیسہ
synth_003257.png,کماں جناتے نیہہ دبدبے بوم ایرکرافٹ قدرتی سائنس تشدید سوئیں
synth_003258.png,بدایت تشکیلات ملی کشادہ پیشانی فیکٹریاں خرد افروز حرونی
synth_003259.png,ڈھڑ کلالیفیکیشن خیار التعیین مشاجرہ
synth_003260.png,کمپیوٹنگ ذیلی بالغ بھرمانی
synth_003261.png,نامیاتی مادہ زندان نحس سیرت
synth_003262.png,گبھوارے تاؤں پسنجریاں سوندھتیں من کامنا احتیاطیں پانٹھ
synth_003263.png,پنسیری دو منٹ اکھرتی اپروچ اشترائی مرتد
synth_003264.png,تسویط ایک پنا پرسنیلٹی ابعادی ٹپل
synth_003265.png,شیلا کھٹائیاں مضامین طراز افغم
synth_003266.png,ریڈیم ٹھنگنیاں آکسیڈنٹ چیلکیں
synth_003267.png,تناہٹیں ہستی بھچن شوم تن فرمایئے مشام جاں شذوزی مشکل وقت نسرین بدن
synth_003268.png,مکرمت نامہ مجسمۂ بینی مبخر موسلادھار تڑقنی دونتری ٹروخی
synth_003269.png,سریالہ نکشن نیک نصیب
synth_003270.png,نح بہ نخ جھپٹاؤ نغمہء ساربان سمایت ہلائیں مردانہ عضو تناسل میرزا
synth_003271.png,میلانہ منتظر خانہ نگاہ لطف کرکٹروں زد اطیاب مفاعلن مشکک
synth_003272.png,ترکیب دار ذوالجلال کرےگا چھوٹیو پریسپٹ عرمیت
synth_003273.png,جھنکاڑ زال سٹرا عطیت مناشدہ بلند قامت فراخ نظر غم گینی مولچین
synth_003274.png,نظریں رشک ارم زجاج آبنوش غم آشنا تنخری
synth_003275.png,ترشواتے غیاث دربوخی تعدیلی سطح مقدار جوہری دوسرا
synth_003276.png,تورم مگھن ڈرپوں نشخوار
synth_003277.png,پشانی افزائی سگنٹر موجبین قتور
synth_003278.png,موت کی جنگ چمچوں پنکچولٹی اسٹائل ریوند ملتمسات کنری
synth_003279.png,طشتیاں کج بحث زرنباد
synth_003280.png,سانجھے میل کی بتی سافرہ بھنیاکا مجلس نویس گڑ دھانی دلی راہ حادیے
synth_003281.png,بتلاب منصوبہ بازی لکاؤ زود مشتعل طوق و زنجیر برلاپ
synth_003282.png,ملایا حاسبو گھنائیاں
synth_003283.png,ٹابوؤں داد و مراد جرانس چوبچہ خانگی زندگی طینی پلارک
synth_003284.png,استہزاات تازہ تازہ ڈیھلا پائنچنا تپاونتی
synth_003285.png,میر عسکر باریک آواز پلٹنے مارچوئی وجیزہ چھپی چکوٹھ سیاند گڈوتہ
synth_003286.png,ورق گردانی کرنا باڑھیں قسورہ خشت انداز جولاہے تلاجیاں پکتبشول
synth_003287.png,کفایتیں ناف بریدہ مالکن نرت گریا مرلی منوہر
synth_003288.png,ڈھلملاتا تعاہدی ابوبکر نو ترقی پذیر بھرونا پھرہریاں رومان پسندی
synth_003289.png,سنگیت تذلیل نازن راک این رول تخمیری عمل خوش چہرہ ٹیلوا مطموع مذموم حرکت
synth_003290.png,نتیجہ آفریں تعیش نرکل فسق نامرتب زبان دانی پچنیں کھٹ سال
synth_003291.png,رومان پسندی چھپا کا یک دستی گہرائیے ہم دوشی باز خواہ موٹرکار
synth_003292.png,رمور حکمی احمد پیغام
synth_003293.png,محکم و مستحکم دھرماچاریہ دانائیاں تڑواءی مورد تقصیر زنادقین
synth_003294.png,سندیپ بھرنگاری پدھانیاں
synth_003295.png,انسپکٹرز اکسائیڈیشنل فیکس بانچا سنکلپ پرپوجن خطۂ سرطان
synth_003296.png,چوپالا مؤید و معاون چارہ جو زینے متنازعہ فیہ سوالات
synth_003297.png,ہندو مت کلکاہٹ ثنویت پسندی حنبلی پنجہ گرک طعنہ کش زاہیات حکمت عملی
synth_003298.png,متورع تقطیری نچڑتے صلیب الجنوبی بناسکتا دو پائے لتھیڑنے کھادکا بسرتے
synth_003299.png,نشاط افزا دل شگافی تل نظرا دموری دھاریں نائٹ کیپ انفلاقی تیغ کوہ کراتا
synth_003300.png,شریعت کبری مسا شبدی تروتی رنگ آشنا کوڑھ پنا سیاحتی
synth_003301.png,قرأتوں موسمی بیروز میٹر زاویہ گیر
synth_003302.png,ابسا پر آب میثاق اربعہ چگایا
synth_003303.png,ہوٹلوں نقطۂ آخر فضیخا
synth_003304.png,پاشان جوہر شعوری طرب ساز الیکشن کیبنٹ درکھالی تلوار کی دھار
synth_003305.png,دھاڑنے لپٹ تحمیقات نرک کا دآرا میر طلا چشتی برقی پنکھا بساند
synth_003306.png,پر خیالی دہیے نقطۂ توقیت ٹرائیں الاپنا پریگ جپنا
synth_003307.png,سادہ کار غاذیات اجاروں دلالت النص فضائیہ جنرلز دامن کشاں دارانہ
synth_003308.png,چھٹتے سبز مکھی بدھیا ناوک سونپنا دوجا سرفرازی نواحیات
synth_003309.png,تخمینا کریش تشبہ بالانسان
synth_003310.png,خوش کن غلطیدگیو کوانٹم صحیح العقیدہ خاتم بندی
synth_003311.png,طماچہ سورماؤں معاون غدود آہین فنائل نکل ٹن نان ووٹنگ مدرس
synth_003312.png,چوسو نفاخی برچھی کا پھل مانومے نیا ندمان ضد سم ابتلاع گویوں
synth_003313.png,پھٹپھٹی مدنیی دیجیو کانورے بروپ
synth_003314.png,لابسٹر قاتل جوتیوں
synth_003315.png,بالی عمر چشمۂ سلسبیل دقیوس
synth_003316.png,بنچیے افروختہ افزا رامش خوار قول و فعل منصوبہ سازی لا معلوم شہرستانی دلیل عقلی
synth_003317.png,درد انگیزی سنجرانی پلواریں منحنی سا منتش الخیال نو خواستہ ہتھیار لگانا نظام دموی
synth_003318.png,محسوس سربسر سجھانا کارا منظور النسا تخت میا گرہ
synth_003319.png,برگد کا جٹا کدوانا دہلیز سطح اردن ستارۂ پاکستان فضا بندی جبری تعلیم طہافہ حرمانیت
synth_003320.png,نظمیں دشنہ چنچڑ دھارائیاں صباغ نالی کا کیڑا
synth_003321.png,فارملنز چٹخنے کاملیت پسند سبکباری سفیر خاک شاہدہ روئداد مثل پرتچھ معیتی
synth_003322.png,نومون سیون انفصام چرچل نوحہ خواں مشاہیر فن
synth_003323.png,سکنی کہلانا دست راستی منظور جنیبت
synth_003324.png,وعدہ ٹکنا شیفونی رسول شاہی
synth_003325.png,محفوظ قوت خطاطی کھنڈائی چھل چھلد مفقودات صفرائی پشہ
synth_003326.png,نفوذ پذیر نشیط عام بات لوبھا روبکاریء الفت لتیائیے ترخاؤں
synth_003327.png,اکادسی شتاب رکاب ٹھالی جارحوں کمانے
synth_003328.png,یاری متخلخلہ ضد صنوبری
synth_003329.png,ٹو روکھا ضمنی طور پر عجیلہ میمنت فرجام ملتجی آواز چوک والو
synth_003330.png,ید کان گھور گھور شبدیزی ٹڈا ارزہ
synth_003331.png,اسپرانٹو نو محلا ہشت دہ باتوں کا تار بیچنے شروف
synth_003332.png,اعمال ریائی چھمنے
synth_003333.png,ماپنی موچ پلٹن
synth_003334.png,لنتر آئرستان مبرلین بھرامک کرسکا چاکوؤ
synth_003335.png,ترجاتک منقضب پھاند دوڑکی عکاسی شرمین کیمپس دلنیاں رسیلاپن
synth_003336.png,نور توحید گوٹا ٹھپا چٹا بٹا لوکاں استسعاد
synth_003337.png,ارقشی ماسیوں ناطرف داری ناشاعری گڈی بازی سباکن پوسا مجالس دورہ قابل ترجیح
synth_003338.png,شود دعلیں کھپیے نوحوں بٹوہی پراورت کاتی ہیئت دان خوش شکلی
synth_003339.png,فال گو امنڈنا جلادفلک
synth_003340.png,سمجھو کان میلیا لسانیت پکچر گیلری نقش آخریں دبار ملا زادہ فاٹا چور سنڈی
synth_003341.png,سکڑو چٹخارنا عشری گندیدگیاں سودھا نادرالوقوع کھلڑی باخود منکوحات
synth_003342.png,مدتیں زلقی استعبادیت بینکری اسنانی بھونتے جھپاٹوں
synth_003343.png,ملتف متغیر ماب بیزاری رنگیلا چھبیلا آرکین غازی مردوں چاشیں
synth_003344.png,پڑھتیں ٹھکنتیاں مدائح چھوآنیاں مقود پرنون ایشور بانی رینجروں موت طبعی
synth_003345.png,باجرہ ذامر نصف راہ ریسیپشن
synth_003346.png,ظفر قریں رومانچ شباہنگیں میٹائی چغتی ملحد نما سوراخ کرنا سدومی
synth_003347.png,حصہ بخرا ذکر و شغل زندگانی
synth_003348.png,نشوق تانیثات پرکرشٹ ای ورائٹی زرقاؤ جائنٹ سکریٹری وئیر
synth_003349.png,مزاح پسند ٹیلنٹ ٹیوکی نقش سیمیا دتو نبردگاہ جٹل موج میں سوغاتوں
synth_003350.png,قتلعام اوچھے چلنوں کونوائے پچھانداؤں پھیا شوپیان
synth_003351.png,صنعت پیشہ عزادار سلنڈریکل عدم دلچسپی چار باغ مار ڈنٹ جھجھماتے
synth_003352.png,ٹھکٹھیلا سیناپتی افضیہ سلیم الحسن پرپنتھک موزونی
synth_003353.png,پروسا ظلال اطرت شپرہ حشرات خور پودے اسکرو پلاٹی نائٹ
synth_003354.png,بھچپنا فوج رکاب نیوز اسٹوری مدت ایلا رانبھتے
synth_003355.png,قلم اعلی پرارماں رندھتا
synth_003356.png,ہیںتو بجوں امارد اکیلا پن گلثانہ طرف ثانی امپریشنز
synth_003357.png,مریم صفت چر کال حسن و جمال سننے علی الصباح شمشیری
synth_003358.png,ماتا پتا نصیب دشمناں مضغئی چوزہ سوکنے متوازی دنیا دلام راگ واری
synth_003359.png,الہام اختلاجیت انصار شرر بار پاونی البرج
synth_003360.png,سوندھاہٹ فنان اللہ ہلڑ
synth_003361.png,بھنگری پیگیرن جزائر گردنیں
synth_003362.png,تاحال کلو تطیح رخی
synth_003363.png,واہ رہے طبعی خطوط میلوڈرامائی نفس نباتی
synth_003364.png,فقرا پر بہار ورسا نعل ہائے سم تحور چمکنی ناسمج چنبر باز
synth_003365.png,ٹیوے ہربھجائی نانک چھک میتھی منصوص قرآنی
synth_003366.png,مفروضات جنگ آزمائی معدلت گستر
synth_003367.png,ہنسے مقدم جج ارن چھیتنا بغل کا پھوڑا طامات باف خلافی
synth_003368.png,دلدادہ گوزاک دولت میں اندھا
synth_003369.png,ازحدخوشی قسری طرے پن تول سندرو
synth_003370.png,بسیروں سیلنگ باقوانے مرزا مزاج
synth_003371.png,ڈرین پائپوں موجی حرکت مقولۂ متی
synth_003372.png,فم معدہ ویزوں سوئی بھر رکت چندن کنٹیاؤں تبلوری
synth_003373.png,پینڈ متبادل ذرائع خوش خلق شریف الطبع ٹنکچر آف اوپیم غیوبت فرجی جراثیمی
synth_003374.png,شغیل رکیک عاجی تعمیص ارمال خود ترسی
synth_003375.png,سابق وزیراعظم مزاحفات بھینڑا کاربن نابلدی نبض متبادل
synth_003376.png,فرجی تربصات رستم زماں تبصیر رسائیاں مطلوبہ مقدار
synth_003377.png,دھامیں ابریقوں جھپنکے مرغ آتش زن چور تالا مقام عقل ذوالجلال شہود پرستی
synth_003378.png,بھنڈے مخشنہ روز امیدوبیم چھینٹا کاشت کاری مصلحت گو خوش سخن
synth_003379.png,لوہا محال مجذوبوں بج گھال چھتر تھوہر فرغولیں بھبوکا
synth_003380.png,لکھوا مسنگ چپکے چپکے تندکی ملاسیا ٹیبلو
synth_003381.png,ریجنوں کاشکار رعوف ترقی تحریک
synth_003382.png,گمانا تجوز کلورا فارم اوپرا دودھ بالشویک ذکاوت حس ڈولفنز
synth_003383.png,منڈیری دھمدما شحمیات جتانی دتن قاف کی پری خانہ توڑ تعقیدی معقولی
synth_003384.png,باد کش ہڈیاں تضیدگی دخلہ بردہی چومو قرص حیران ہونا پربھان
synth_003385.png,تارک غصیلوں میل گجا
synth_003386.png,بیخودی لیگ اسٹمپ مرکب ارتباطی مشرقی ادب
synth_003387.png,لاف زنی زٹلی انی دار جوتا
synth_003388.png,فلٹرز غلیوازیں اتراؤ وعظ نگلاتا ڈوری تالو کی درز بندی تش اہرن
synth_003389.png,کم نگاہی فرسٹ کلاس قبلیتیں لائن مین ٹٹیباؤ ناخدا ننگا ناچ
synth_003390.png,فرغول تہدف کھدواؤ دو خواہ ترکم ترکا
synth_003391.png,شہتیر متغرین حمامی بال ہتیا نر باسنا فلاسک بھینٹ بیگار
synth_003392.png,تفننات مندرس مناتا تخت نشین ازاں بخت آزما
synth_003393.png,سگابی جواکھار ثمرور مے فروش ڈھکوسلے جھپٹاتا نربنس چارٹوں
synth_003394.png,بیت العتیق پیش منظر مرقات مینا بازار والی دار الامان منافست گروکل منت کا دونا
synth_003395.png,دیپ مالا صداقتی پہاڑی مینا ٹیلو گندہ کام تابعداری آماجگاہیں اثنائی
synth_003396.png,جھمپٹ مدھری پھرسے جعد
synth_003397.png,ٹوٹتی ایمامی ربڑی خبیثات حال پرساں القیوم اگاچی پاجن
synth_003398.png,پھلکر جریرہ سینگڑی دہاجنی کچکچائے
synth_003399.png,مخلوسین تان پورا غریبانہ مارڈنٹ
synth_003400.png,چندڑی اشتال حدالشرب چوپڑ کا چوک مہیلا
synth_003401.png,عصری علوم کنیزوں الاسٹک
synth_003402.png,احسان شناس نرپلڑا مستحق فاطمی مہر پرکھیو
synth_003403.png,مہمان نواز متعصبانہ سازش اٹکائی گھومنی اشتہا شاہ گر بیاج چار سال ہفت بانو
synth_003404.png,شرائط نویس رسولیوں انجانا تخشبات مورتی استھاپن لڑائیے
synth_003405.png,جوسز زلزال چوغہ کھسکا پھر ہرا ڈاکوؤ چغتائی آرٹ چمچمائیے نیاز آفرین
synth_003406.png,سفرجل بڑی ماتا رفعت مندی موزیلا بادہء ارغواں ندیدے کی کھٹیا
synth_003407.png,اشباعی تامر تروحاں دیویاں کپورے منحرفانہ ابن مریم طلیچہ پندنیاں
synth_003408.png,گھاگروں ارادی رہئے
synth_003409.png,تیسرے چوتھے شامانیت چکہ ہوسکتی لتھیڑتا
synth_003410.png,گزراننا علحدگی پسند فواس بڑا روگ
synth_003411.png,کینہ وری اہو ہو ہو مشارق الصبح سرازل فنا فی اللہ نگاہ داری
synth_003412.png,یاد اللہ مستاجر سرکاری تحنف ناصحو
synth_003413.png,بانچتا گارڈ لیبلز زمانیاں جاپ مچھل پھن منی ابالتا
synth_003414.png,چٹ دے سی میکینکل چیرائیاں نبھاؤ لیما من رومی حریصیانہ خود نوشت معالجہ نفس
synth_003415.png,خم آبرو ژاک آریاؤں تنسیلی چھیل بل زبوں سیہ حکومتیں
synth_003416.png,اٹکلنا نوک پلک کی درستی چمروات چور پایک
synth_003417.png,غوچیاں نصف باک پولیتیکیاں ناقابل بیان پھپولا چادریں استدقاقی
synth_003418.png,کنٹرول بورڈ زدنی پشیزیں شیطان رجیم طیلسان
synth_003419.png,مارکسی حتاردین بھولی بھالی ستونتی مزاحیہ راہداری گاپروانہ
synth_003420.png,مجلسیں لڑیاؤں خدائی کا سامان چار کس پچھتاوا
synth_003422.png,تیترپنکھی تھریڈ کائڈ پھلانگنا نظریۂ عدمیت شاہ گامی
synth_003423.png,نابغۂ عظیم مرغا قوقارچی بوہنی مسانی
synth_003424.png,میٹھی باڑھ نگاہ فسوں کار چینچی
synth_003425.png,ابتدا اعرض ایڈجسٹ گجھیا رقمی مدخلیتیں چاندی دو جداری بدکتیں
synth_003426.png,دہشت گردوں انوار تا بہ کجا لونگ گوڈر پروشنیں خاتام دبز طیوف
synth_003427.png,طینچے کجاوا ریاضت کش فشردہ خوش اخلاقی پشکی منتر سدھ
synth_003428.png,گردوغبار چکر دھاری سینگ
synth_003429.png,چتی امگا ضلال
synth_003430.png,فارنر کوزا آنکھ کا نور بٹلا
synth_003431.png,سندھ مقدر کا سکندر چھیلتا مہمان نامہ میدانی زمین پویرا
synth_003432.png,شریقہ صنعت ایہام نذرانہ ارتشاحی مجورا
synth_003433.png,مٹتا اوورکوٹ نپنسک پوسٹ ماسٹر جنرل
synth_003434.png,جھاپر پھکوانا جپ پراین ایثار نفس مؤرد تام رفیقۂ مکتحل غیر منقولہ
synth_003435.png,حنتمی ڈاک ایڈیشنڈاک مخذول ناشیاتیاں نیم روشن حورعین پیچھلے
synth_003436.png,بے فضول مزاحیہ اداکاری لالہ زانیوں
synth_003437.png,پہنچانے ٹریموے متخرج لاتی کم نما جھلملائی تاگوں خدارت
synth_003438.png,شرابیو زاویائی رفتار معکوسا مہاویر پریتی چنندگیاں
synth_003439.png,مکرمت آش بلائے نیڑے کھڑکنا اسپی قوت پلپلا مجاہدوں بھیچتی
synth_003440.png,برنجاسف ٹوپیوں پنگینیں مقدار مقررہ معمورہ احساس بلحطائف الحیل حندور
synth_003441.png,فلالینوں خناس مبنی التصوف
synth_003442.png,طاری کجلوٹیاں دعائے عام چکرانیاں سودھو چٹخانی
synth_003443.png,صلاب نکھیانا نین تل نواے پریشاں مدان ممدو الیہ
synth_003444.png,پنبہ صحرائی استشہاؤ مشابہت
synth_003445.png,شمشیر جوہر دار روز کا معمول فطرا زنگلہ ننوشتنی کاتنے پر کار پھسر پھسر
synth_003447.png,توحید ذاتی محافظین روستائی زادہ مسجودیں پارتھیا
synth_003448.png,اہمالیت تن درست ثقب
synth_003449.png,ٹمیر ساکت عصا یعقوب شقائقی سماجی قیود بونگا
synth_003450.png,جنھرا دبیروں مذموم اثرات مضحکہ انگیز پتر پیولین
synth_003451.png,تفارف زور کی ہنسی مثغارہ صبیح پچتاؤں
synth_003452.png,ڈھاتی لپکتیں مقامی رنگ پاکیزہ خو رگبی قرار داد مقاصد
synth_003453.png,جیگڑا ڈیپارٹمنٹس مظلومی مفروضے مخفی کواریاں اس مول ہاتھہ مجریہ
synth_003454.png,پچتاؤں مشترط پیک نگاہ ترونجی ناصافی
synth_003455.png,ڈاکٹریٹ شفائی تھرسڈے دیول
synth_003456.png,رکوانا فراخوریں نیلگوں آزماتا
synth_003457.png,تطویل سی حرفی میر سیاف نیم قطر ترجگ سیٹھا
synth_003458.png,سوندھیے عمایتیں جادو کرنا کپاٹی مخصوریت قیومیت مطلقہ
synth_003459.png,ریڈیوز پیش گوئی عام و تام مفروض مینٹس انعکاسی عمل ثبرہ
synth_003460.png,موجد تصحیحہ استفتاحی بھمبو
synth_003461.png,الوانی اوبھاگن تقئید نکات باطنی انجاما منصرم ٹھیرائیاں
synth_003462.png,پچھڑنا کرفیو نو آبادیات
synth_003463.png,قدیم الارض ترپاتی مہتمم تعمیر خاقانوں تن کرتن
synth_003464.png,سریاپان کمزوریتیں ہم شکل نظریاتی نیوز بورڈ میلوں ٹھیلوں سکیے مرادیں راج سبھا
synth_003465.png,معاہدۂ نکاح مرنے والا چھیننا نارسا
synth_003466.png,ٹلٹلائیاں جرءت جنم پتر
synth_003467.png,بے جوڑ رکھنے ستارۂ سحری مجیٹھی تلازم دیگچہ آہٹوں بکسائی صلا
synth_003468.png,پبلک اوپینین فیصلہ نویسیوں خمس الاوقات پھرکیاں فیروز مندوں ساز گری ننگی باتیں
synth_003469.png,پلائیں گردوں مدار نبید نہال لوچن بربنا
synth_003470.png,ذوی الحیات اثدی باتیں
synth_003471.png,مصر نوگرہ کا پھیر مصنف کارڈ کھٹولی حوالات موسیقی سبتک اطماع چوبیس پنی دربندی
synth_003472.png,نجومی سعودہ پرائنیں شور نمک بلاپی جھپڑیا چرب مست چھلا کوٹھی
synth_003473.png,تغلیط زبان تانبڑا کرنڈی جاگا جرخ ذکر جہل خوبصورتوں بھال دار
synth_003474.png,خدوکی ملذذ بہانوں تلیل ہمال
synth_003475.png,حجار مائعگیاں فعل باز مڑوڑنے قومی زبانیں ٹائپ رائٹر شوبھا
synth_003476.png,رہکل دلڑ مقدس قلفہ طوقان
synth_003477.png,چکٹیاں ترنڈی ڈلورییں
synth_003478.png,منجمدی وقرالنسا دکیاں چنتن
synth_003479.png,بجاتیں رفوئے کوئے یار کاہل الوجود
synth_003480.png,نیم عقل نقطۂ دید چنیٹی فتاح النسا
synth_003481.png,طماع پہراونی بھٹتا شرح و بسط منجری جوش دان خواجۂ اختراں اقبالی بکنگ کلرک
synth_003482.png,راحات سنگ نشان لزوقیں شہدرہ
synth_003483.png,دواتوں نیامک خویش
synth_003484.png,ذوالجلال آریاوی چسکتی
synth_003485.png,پتوتن پنڈکی اکھری گننا اتصال الشہود
synth_003486.png,تمازج کروایا سعداصغر پالب ملت ختم رسل جیٹھرا
synth_003487.png,نشاط کوشی پنڈتائی برہمی بوٹی نخل قامت دوستاں تخصیبات
synth_003488.png,عاتک کشتن چھماس
synth_003489.png,فارع تعلیم کنندہ پیٹیں
synth_003490.png,اژدھے سادس خصومتوں مواہبت
synth_003491.png,میر کار شاپورا نقیر پاک صورت غیر شفاف تمرغ یافتنی بہکیے میش چشم
synth_003492.png,سترو استہلالات مواضعات سگریٹیں گریپ فروٹ املاصی گالی گلوچ پٹوئیاں
synth_003493.png,جلوزے مانند تپکچیوؤں وڈے بارندگی
synth_003494.png,مقام ارفع کھروآ گودام
synth_003495.png,کسرا عشاریہ جھگر بھٹی گھومنے مومی مادہ پاس شدگان اتواریں
synth_003496.png,تھلتھلا لیپنا سٹنا بسورنا
synth_003497.png,جھرہلیں متعامل دانش ورانہ میل وارڈ آلت جھوٹ کا پتلا درجہ درجہ توضیح
synth_003498.png,اطفالی کمیونٹی چمن آرائی ٹورنٹ مع الجماعت طب نفس چوراسیواں اترواتے
synth_003499.png,راسخیتیں معبدین کسکتے ستم ایجادی
synth_003500.png,بہت آمیزشیں ناس پیٹی مشتبک وردی میجر سلفیٹ لنگوٹ کے پکے بیناں
synth_003501.png,سین تیفک ملتفی گودھلیں زاویۂ آہن مجھارا
synth_003502.png,بھگونا فروش گاہ اگھانے تانبا
synth_003503.png,دھندلا پن تاخ گلو بریدہ لکیر کا فقیر
synth_003504.png,ہتھ لیوا پنواؤ گدگلائیت گھریلوپن اجنسیائی زلخ مبطل ٹرگنا میڑی
synth_003505.png,بھگنے پوہا افتان دیانہ امتزاج کیمیائی مجیٹ
synth_003506.png,باگ پکڑائی گنڈریے فرط محبت بڑوال جعلی سیمپا
synth_003507.png,تخت بندی موٹے موٹے ستارے سیلن ڈائن کتواتی سحر البیان
synth_003508.png,وجے منڈیریں کھرن شثی
synth_003509.png,میک اپ زدہ ٹکوروں پاسے نورگیں بدل ابوالوقت
synth_003510.png,فیمان لغو بیانی ہونے والا ٹنچو
synth_003511.png,پرتان سریانا اڑھانی سامعیتیں ساترین دستوریہ شوخ و شنگ گھڑ مکھی
synth_003512.png,پیمائش قدمی شواظ متداول تکواس آئینۂ
synth_003513.png,ڈپٹائیے اپوپوما ہوازدگی فرط مسرت نکتہ بینی
synth_003514.png,تحفظ مجلس عزاداری مواقف استقرار حمل متعاضد عقیل خط باکی
synth_003515.png,ہرزہ کار مسجد کعبہ گھونگھٹ کا چراغ دان غیر منظم پرگیان نبض شناس
synth_003516.png,بابھن پوربی رایا گٹھاونیں
synth_003517.png,وضع داری مشت مال علم آثار قدیمہ مدرسۂ حربیہ نرنگ
synth_003518.png,چندگیرا گای خوردہ ٹوٹواں حقیقت نگاری
synth_003519.png,گڈیا روز جزا غفوریتیں چرخ مینا مبادلوں شیرزاد اضراری رزق طیب
synth_003520.png,شب زفاف من موہنی چیئر مختلف الزبان نذریں اجبار نواحی علاقہ
synth_003521.png,دمامہ ناریت بغاوت زحاف چڑھوائیاں جناغاتی ناقض کلونجیاں
synth_003522.png,نیاز کا کونڈا نگاہ کم ٹوکول نکتیاں مقدار النبض پتسواہاؤ اونے پونے
synth_003523.png,نابغۂ وقت جیوگر مقیت زوال کی گھڑی پہنائیوں پتلوں یشرح
synth_003524.png,بے حقیقت بالا لب نچنی
synth_003525.png,جلاتی کولمبیا نس دن
synth_003526.png,امانتوں ناخن بہ جگر کاٹیو خوش فہمی عشاشیت رجسٹر اپیل خلاف جوئی سحایا
synth_003527.png,جہنیں ریش سفید یقیں
synth_003528.png,ممتا اسکرینیں میزوسپوریم افعال صحیح ملمع ساز
synth_003529.png,آسٹرکوں مہرین مجرا گاہ جلسۂ استراحت دھڑکتے متعذرالعبور نچاؤں کارکنوں
synth_003530.png,جھوٹ طوفان فصیل تبوراکی جکاونتیں چتانگیں مجدد وقت سنپولیے پنپالیسواں ایزدی
synth_003531.png,شومیز سیندھا ڈبل چائے کٹور دان مانو گراف عسل ڈراونیاں پسنجرٹرین متشفی
synth_003532.png,گھلی چکلیا ابھگتی
synth_003533.png,مخنث پن قابوس جی توڑ کر چینڈوؤں آکول
synth_003534.png,نام جتن فرد جرم جمیم مضافرہ ماؤتھ السیلا
synth_003535.png,نظریہ باز کناریاں ڈائس وائیں کریٹ مہ طلعت افشاری دلتنگ اٹھاکر
synth_003536.png,خون چکان ثاقبو سکوؤں بگھی
synth_003537.png,لنڈی کھونسنے میشانڈ
synth_003538.png,گڑ گڑائیے جمنکائیں کاہنے پراہیے گدازش چھونکتا پودینے
synth_003539.png,رذالہ بھجوائی سہیڑنا خاکسی فیر بندیوں گرد پوش
synth_003540.png,گپال توضیع پرسنیلٹی گھبرا
synth_003541.png,تڑقائی نفیری بجانے والا ابر تر سرسانے ذررت
synth_003542.png,چرب زبان آگ کا پتنگا پرائیویٹ امتحانات آندو استفنات لطف و کرم بھنکاتی
synth_003543.png,پچا قانون تمادی مبدا فیاض بھولتیں حسنا اسلاح حجلۂ غیبی
synth_003544.png,پڈواؤ مسمومات غنودگی
synth_003545.png,مہر مبیں طائز چیکوں
synth_003546.png,بلاسا بالفاظ دیگر شیلیائی نائٹ میئر
synth_003547.png,پاوی لا ولدی اسبابی تروتیاں مرغ قبلہ نما داعیء برحق نائلہ گلسرول واصلات
synth_003548.png,باؤں سبندان مہر دہن بالخیر
synth_003549.png,متمول عوامیتیں کرسی بہ کرسی دھروہیاں رجح اختزال گندہ باف مفتخر چرچراتے
synth_003550.png,کوہی ریمن مہتمم صیغہ ڈھنڈورنا
synth_003551.png,تالف شراب الست مالدار
synth_003552.png,سایہ طلب جوش دان میعاد موعودہ پوٹاشیم
synth_003553.png,ڈرائیں متھالیاں پیندے کا ہلکا تسویط ٹھیکرے کی مانگ آہ و زاریاں تربیدیے مصیبت زدی
synth_003554.png,ننگین پھیپھڑوں پنیا جنانی افول جزیوں مدار کا جھنڈا
synth_003555.png,اکھریے تھیلا کیان حیران ہونا
synth_003556.png,ساسنیں حزنیت گاڑھا پن وفق
synth_003557.png,رابغ پرڈلا ہم نوالہ مترقی چباون خشک گودی تعمیل حکمانہ گرفتاری
synth_003558.png,مغمید لتیائیں جالسوں بھسونڈا نقیب رول نمبروں نیشنل کونسل بہکل
synth_003559.png,استفناحیت پاٹھت مار خوروں ٹھڈھی
synth_003560.png,فیروزے دو باری غیرت کھگ پاہال سقامہ ہتف ناپاک زادہ خدا کی راہ میں
synth_003561.png,بھونکاتیں چٹا کندلا کشاد خاطر سفطی بندوقچی
synth_003562.png,گونتھا پخچیاں وضات سرچ لائٹ نوانا ٹیلی فون ایکسچینج پلاٹی نائٹ دانش
synth_003563.png,فضلئی رائے دہندگان مثغارہ فروغ گیر
synth_003564.png,خم رخی ملا زادہ مشاہدہ نفس پرچہ اخبار تنترک رسم ماہیت قلب
synth_003565.png,چپٹک اپنڈسائٹس خاندانی گلو بریدہ
synth_003566.png,ڈھائے استشہادی غلیواز جان داریاں عیانی
synth_003567.png,نرگسیت زدہ ایگزیکٹ اللہ والا ایڈم گردن زمین عزیز داری ابوظہبی بری نوبت نزاعی پہلو
synth_003568.png,پریشانگی نجیب الجانبین جثہ عصدیں
synth_003569.png,جھرالوں جانگھر مطحولہ شعاریں حویلیاں امریل
synth_003570.png,ستنی بارقہ بینرز شیرۂ انگور بحر و افر تشریفاتی لیٹنا حرف پاپ میوزک
synth_003571.png,توپ ساز ٹھیلہ دو پیکر دمچی مکو قائما بری گت شتاب سوں
synth_003572.png,گلڈر احسا اجر غیر ممنون بری جگہ چھاسٹ شکستہ خاطر
synth_003573.png,زواجی تنہانیت زالہ لکشن چھیپا صوت پیما ود فعل عبث خفیف القلب خبیرہ
synth_003574.png,نراشی نحوستی پنا پرکاسی بھیگی رات مراد طلبی سکون زار
synth_003575.png,نمک سلیمانی خفقانی فتنہ گر پالائش
synth_003576.png,اتفاقوں اپرار ردالفساد جی کا روگ کیفی
synth_003577.png,بالمثل ننگے پاؤں فاقہ مستوں
synth_003578.png,قافتہ فتنہ حافظو
synth_003579.png,سکھ داس لفٹین قوالیوں شرابوں بادہء شبانہ عبودیہ
synth_003580.png,میر مخادین پھسلونیا جیتے جی
synth_003581.png,مشین مین شہید وفا گلاں زیرصدارت ذہنی عاشی فضول خرچیاں
synth_003582.png,ہچکا استفادہ طبیب حاذق لا خراج روپیہ یک جدی
synth_003583.png,چوب تعلیم پتک کھبیے زندہ رہنا
synth_003584.png,سچی چن تری زمزمۂ حیات
synth_003585.png,سداب طبیعت کا بادشاہ متراغب سکارتے رنگ و نور ایکسپرٹ
synth_003586.png,فینائلی تضاریسی دفری حمائی عیبی پروٹوکول
synth_003587.png,گل افروز کامظاہرہ مقبولیت کی معراج دھکہ ٹھنڈی لڑائی خانۂ کشت بال روپ سنت دیرینہ
synth_003588.png,لطفی بچورا میاں والی
synth_003589.png,جنائب لواحقوں ترتیب دفتر اقطاعی
synth_003590.png,مرکب عطفی لطیفہ گو ڈھرکی پیری باسو
synth_003591.png,حلایہ حلواے عید غیروں متعارض مٹھوریا
synth_003592.png,خالو مغرب بعید مفاعلۃ
synth_003593.png,سدرۃ المنتہی چمکانا انحدادی پٹختی چوہا پسو
synth_003594.png,سکھائیے مجہول اسلوبی
synth_003595.png,فیلم سینچری بلاے جاں پر حسرت تناقطا مائلہ پہونچائی قرار جاں
synth_003596.png,موڈرن آرٹ ننگی دیوار ستتیں
synth_003597.png,جمشید طرحدار ناقابلی سوکھا جواب ازرہ نمد تیج نامربوط
synth_003598.png,ڈیڑھ خما مصلحت گوئی نو بالغ سفارتوں قصرو جمروتیں ابنیہ آبستگی
synth_003599.png,قبض الخارج اٹرنی عقربی
synth_003600.png,کیبرا منگبو پیٹی مستاہل نسترنا
synth_003601.png,فطین دھوب گھاٹ ریشک
synth_003602.png,اٹھاویسواں انٹی بھائی تمساحین اڑ کر بھنگا عجالہ نرخ
synth_003603.png,ریٹنگز حرمانیت پوپلیاں چوب ستولہ چھونچھی پیٹلی ککا ترک پذیر
synth_003604.png,مولانائیت تڈاگے منہ سے سنگل کوڑھ چویا
synth_003605.png,پردلاؤں ڈھیر مذراعہ تانتیں چھیوٹا مراندیں نسلا بعد نسل
synth_003606.png,انتیسویں منتقم المزاجی مادرینہ میدھ کچے فرشوں ڈیوس خرچا من موجی
synth_003607.png,انالوجی اجوف پسیڑیاں خافیات پچکڑیں خامیوں آزر
synth_003608.png,حی و قیوم دیوار پوش ٹھاک روشنی مدھم راس نسبی کفائت
synth_003609.png,چوٹم چاٹا زوردار الاپ چاری ڈکرنا زنانی دیوانی ایٹامک
synth_003610.png,چکنز ہزار شکر گزیر مغاوی تعوذ شاجر
synth_003611.png,کلین شیوڈ رسیلی آنکھ نانگرنا ٹیوب لائٹ بھومیاوتی شرر آباد موت کی وادی
synth_003612.png,انجذابیت نور آشام مما چھیدائی چونا کاری نرلجا وصلت
synth_003613.png,کھڑکھڑانا مایسیہ پھاند گھڑی کی تصغح بیروز نعل اسپ فروق مردان خانہ نمٹو
synth_003614.png,مضطریہ مینائے لا جورد رموز و کنایات فرق مراتب سکلائیں تاہل چالاؤ ایشیاؤ
synth_003615.png,حبیبہ اردو لفظ امام آخرالزماں جوف مخفوفیتیں چیناکوٹ محبت کا بازار
synth_003616.png,رگ رگ سم آلود پختہ داری پرکریں پنسولیں سندر استدامت راچھ تسعیف
synth_003617.png,کڑی کمان پلے بیک تلیہ بل خس خشی داڑھی نخرباش تلون مزاجی مغالطہ آفریں عالم کبیر
synth_003618.png,تغافلی جیتویا شفعہ
synth_003619.png,علم الصوات ماگھ میلا لانڈرنگ اشک خونیں بتھوا
synth_003620.png,الوکیل چرمراہٹ انسانیہ کیچلی کا موباف ہنسی میں کنا روئیں دار
synth_003621.png,ٹھسنی سسکنا چکنز چمریاں پس جوٹھانیں فیصدی ملح المر
synth_003622.png,اخ رحوعیاں عادتی سکرپٹ رائیٹنگ
synth_003623.png,الشیخ گھڑی سازی بھوندا
synth_003624.png,خاک بردار فلمساز ساحرہ اسارو پھانے
synth_003625.png,گرم فغان گدھے ناگ لوک قرارداد تعزیت صرف شدہ نباش القبور
synth_003626.png,پہاڑی آلو ذرافوں مستقل علاج تسہیلی چھاندیں ملخص خانسامے
synth_003627.png,ٹاٹی لونگیں میگھ راگ بالوا
synth_003628.png,سکیت انفیت جفا زیر زمین
synth_003629.png,منحوت پبلک ریلیشنز ٹائیٹل تعجب خیز دو گنا
synth_003630.png,معدول چپڑ چپڑ گا اچنبا شغاد تعدیم چوکھیاں خوان گستری
synth_003631.png,ناگا مینڈھے نمک پاشی
synth_003632.png,تڑتے دل چاک زانیوں گھنچیں جتائیں پچتاؤ چھینوں کورالیہ غازایہ
synth_003633.png,امیات ہرش کڑو منتشر الخیال دیکھتیں ندائے غیب بہروپیا لنگڑاتے
synth_003634.png,لحظہ کنٹراسٹس عابد شب زندہ دار فرد کش فرزندی خاتم الکتب
synth_003635.png,شدیف کوہ گراں حریتی سہل اعتقادی
synth_003636.png,بنوایا سوختہ سامان ٹیوشنل سرفروشی ٹیکنالجی بھرمتیں فاسق و فاجر معاذ
synth_003637.png,تنابزہ ڈونگھی الپاکا
synth_003638.png,منازع لہ ہوچکی تیمنا شمول تیغ گر سکارا گوتھیے ناشیاتی
synth_003639.png,اصول دین شناساؤں ٹریکیڈز
synth_003640.png,جائیں تعالی اللہ گھڑ چڑھا جامون قرین انصاف ملک سیما جہل بسیط
synth_003641.png,کھونسی کنگورہ رومی اعداد عقیرہ برزخیاں اکدشی
synth_003642.png,ظاہر الوجود تخت سلیمان راج پاٹ
synth_003643.png,تنصیبی کیاں تغذیہ بخش
synth_003644.png,تاؤ توش سجانیاں خامۂ تصویر قرلیاں تکسیر معکوس و عکس
synth_003645.png,آسن پاٹی فیر فی قافیہ پیمائی ولیوں انگریزیت چادر عصمت مسک نبیرہ ء مشکل کشا
synth_003646.png,ضمیمیت اہنکار منیبہ ٹرخائیو تشخیص خام غطائیں چارواکات ٹھنگنی
synth_003647.png,راج دھانی تفطیحی شفقہ
synth_003648.png,قرعہ زن پرسدھی جامعیت حلیہ نامہ ٹکیاں
synth_003649.png,شیطان الرجیم باغی ٹنٹنانا شیادی افسردہ دل زندہ یادگار رہی سہی
synth_003650.png,گہر بندی چھٹوائیے وعدے آلہ مردی سبزین
synth_003651.png,ساکنوں مٹھارنا عفص
synth_003652.png,مے مغرب فاعل بنی اعمام آمین بالسر منکرین قیامت اروپ زیارات خوش صفات نفسیاتی تنقید
synth_003653.png,برگ دار کچکچانا اکستیں محمدیہ
synth_003654.png,تازیانہ اندھیارا بھگالن افاعیل تفاعیل
synth_003655.png,ناخوش اندامی تدوینی خواتم الملوک لبادوں ساتھ والوں
synth_003656.png,عطفہ اسلوبوں بدیعی ظاہر الزوج نگرا علیحدہ علیحدہ
synth_003657.png,فاصل آب کھیت دار ملکہ سخن ہریائیے چپکے سے صعوبتیں چفش
synth_003658.png,پاک نہاد اجڑنی سٹالوں
synth_003659.png,باز دائر ٹوٹیاں پتنا
synth_003660.png,پٹخارنے زنانہ مکانوں پلٹی قتوریت گورنمنٹ رس فیض گاہ
synth_003661.png,انظار نیم آشنا چہار سطحی تعویذ جاں تنزل بڑھاپا نہیب تلافی کردہ حصہ گوتھکی
synth_003662.png,طرہباز اشفاق نامہ داخلی تقسیم
synth_003663.png,غاذف تائے مثناۃ مرکزہ مادیہ نصیحت پذیر
synth_003664.png,سخناؤ سراتا چچھورا فرسودگی
synth_003665.png,خصوص ساکی گردش زمانہ تمتماہٹ پلاک
synth_003666.png,سرد آہوں مسرت پرور سواریاں آرتیاں بالخیر قاجف ہمدل ہرتی
synth_003667.png,میگھ راگ محور حامل رہبان منہ مانگے تنگ حوصلہ پریتا ٹٹانبری سرور انبیا
synth_003668.png,گرفتارکر فرط جذبات نقد نامیہ حیرت آگیں
synth_003669.png,حلوا ذکاوت حس کھونس مخدوش حالت چھچھوڑیاں مقومہ
synth_003670.png,حوالہ شدہ پسیڑی موج دود کورنگی ٹرخائیو تحریک انصاف شرناقی بھنوائیں سن ہوغ
synth_003671.png,جاجم پنجاب موقع پرستی نگاشتہ
synth_003672.png,مضحکہ خیزی مصادقت کھلواؤں
synth_003673.png,ساہینا لا اوبالی پائنت جان باز تھوک فروخت تیغ ساز موحدانہ جڑا ہوا مبلغ علیہ السلام
synth_003674.png,ہپ ہپ ککرا دھانسنے معیل شلف مٹھائی گر فرانڈ میرا ہور تیرا
synth_003675.png,واہگہ اربسی تضیق غفران پناہ لوکاٹ مسلمین پویڈش
synth_003676.png,سعی مسلسل سہ فصلہ جنبندہ پروف ریڈر تزیلا کتیری مکتفی بالذات
synth_003677.png,مشتت لباس پہننا جاپھر باقرینہ
synth_003678.png,درائیاں موسرا باز گرداں آہن پوش ایالی بھوگی تنفیطی
synth_003679.png,لواطت نظرہ بڑھئی نحاس بنوؤں ہم قد ٹھکوری دیدہء نمناک کہانی کار
synth_003680.png,چور پیٹ بھیشگ جھناکا تاشوں ستوانسا آرام گوش اگن کپڑا چنندگی
synth_003681.png,فرزیت مقصد پسند گندی گالی بابیت کھٹمل نئی ہوا پرینے
synth_003682.png,زبان گیر بڑبٹا بدیا دھر شناسائی شغال چینا بادام جال داروں پھنپھناتیں
synth_003683.png,ناکشیدہ مشعل چن قلعیدار نزاہت بندھوانا جھروکا جاں ستاں بوٹی جڑی
synth_003684.png,نامطلوب رکمہ بھہو
synth_003685.png,پلکنی منقلائے پیش بردا الصدور
synth_003686.png,دھنونت نبرد حیات شعبدہ پردازی تکویر
synth_003687.png,نظام مصطفوی چرتربازی دھمیاہیں قلبیات
synth_003688.png,پائزہ نوتائی ضخامہ ادھکاری سواع حد لفظی سائڈنگز گھاٹے بغبغاتا
synth_003689.png,جھنگاڑ ڈکیاتا حرید میندار ٹریگیڈ
synth_003690.png,سماجیات ٹیلی فون بوتھز ہجرت کرنا شربت خوری گردن کش لال کرتیاں
synth_003691.png,دودھیا روشنی نثارعلی شاہد باز شباہت فتور عقل
synth_003692.png,نقل کرنا کرامتوں نور دم چرمورتی توشہ عاقبت تکملہ بکری فکر مند زنکہ
synth_003693.png,شاہی فالودہ اصل چکانے اصول پرست لازموں کہتہ
synth_003694.png,ماخوذیاں قلمی مرقعوں محملوں
synth_003695.png,خود کفالت پنتی ڈاٹا پسندرہ بادشاہ داناؤں مرچے گڑھے
synth_003696.png,شگون نیک موضح سرورق
synth_003697.png,ناک نقشے کو درست دفتر عالم مہ تاماہی
synth_003698.png,حال میں دھونکنی لشکارے چغلیوں
synth_003699.png,آگاہی درمان لا دینیت مجمرین یلنازہ گردوں صوتی پڑھاکو
synth_003700.png,ٹوئیشنر گلغدار ذواربعۃ السطوح مستغاثین پچھڑائیاں گھمیری قصابو محبوب مشغلہ
synth_003701.png,حامی سیکولر ٹائم صاحب ایجاد بے توفیق بڑا کلیجہ برقیانے پشواز
synth_003702.png,اجلی طبیعیت زجاجہ چہار آئینہ نغمۂ حیات حرف تمنا مرض شناسی
synth_003703.png,نمٹتیں تفرقوں تعینات خرچائی مصنفہ کٹلے عنابی خرچہ رطوبتؤں
synth_003704.png,ادراجی کرلیجئے اپنانی مسیح الملک مہتممی سکونتیں الیچتے چسکتے حاکم فوجداری
synth_003705.png,کھرنچ جھناکا چند روزہ پاور ہاؤس زور سے داغنے تندیل اوبھاگنیں
synth_003706.png,ردا بہنے دانت سازی نگیٹو سبز مایہ نفع بخش مرافقت
synth_003707.png,حزبی دو دھاری تلوار آشنا پراگیاؤں جواب دہیوں
synth_003708.png,وسعتیں اسکانات کمیونٹی سینٹروں غربا پروری جھانکی کستوریوں پدرود
synth_003709.png,خرنویہ پژوہند نمائندگان روایتی معاشروں مکرہایا لنگوری
synth_003710.png,لونڈا پن مرتاج لیویز تجس کناں استقداس استحیہ مشکور النسا
synth_003711.png,تڑخے فرغول کاریاں شازیہ جزئی جریرے نقلیات
synth_003712.png,اہلاک احصار روحانی بقا نرو وار اتنوں ٹال والا جوشش جزرسی
synth_003713.png,حور کا بچہ چیشٹا ستنتری
synth_003714.png,صف جھیبیاں ضلیعیت رائیٹ بیک ٹپکوا لہجے رشحہ گوش آشنا
synth_003715.png,گنڈریا جھپکیاں کھونچا الغم بلعم تنہا خور نحیف و نزار مکھیا زمانے کے جائدادیں
synth_003716.png,منگل کاریہ کھجلانے پراسیس فضا سازی ابنیائی سکرپٹ رائٹنگ رقبہ
synth_003717.png,طعنہ نویس سیدھی برقی امالہ استطلاق موسم دار
synth_003718.png,شنگی گھڑی پر گھڑی پارچہ پسمانی آمیزیاں اللہ کا کلام کل جبا
synth_003719.png,لیئے کنیا پال افضل تشاکلی لڑاؤں ترائے پڑھی نادرشاہی مونچھیں فائدہ اٹھانا
synth_003720.png,دائو چونیاں آلودہ معصیت ہنکارے جغرافیائی غصیلا
synth_003721.png,آچاؤں قندیلوں استجازت نازنین گنڑیل
synth_003722.png,ذم تیں لکاٹ خط رقیمۃ الاعداد لیتھو مفتخم خردک سودھیں
synth_003723.png,کوارٹز ایبک لعل رمانی چارقین کلہ داری دیوؤ ٹوپاز نینوں
synth_003724.png,صدر ببانگ دہل فطیری پہلی چوٹ مے کی گلابی
synth_003725.png,رادھا مصدر اگر دان تلازمات تار تلنگا تکسیبات لڑھاتے خذمت
synth_003726.png,نوراتیں دم صبح پاتامیں نیوہار کرنٹ کنگری کال منہ
synth_003727.png,زمانی معیت بہ نیورولوجی
synth_003728.png,استسقاء سفید دھاری استنادات سیکریٹریٹ مستشار خصوصی ڈکیائیں چروہ
synth_003729.png,تھرکائی کروموزوم نند بضاعتوں فہو جماہی
synth_003730.png,معاہدۂ ابراء لپ جھپ غرض مصفی
synth_003731.png,مذی کیٹیگری ناخ ود شناس نیب کا پوست لامکاں
synth_003732.png,تاملی تلخانا دھجیلا وسنت کلہ دراز زپیں استحیہ
synth_003733.png,نانگرے جہاں جہاں نہما سگتوان للو تفرقہ
synth_003734.png,کمبلی گفتار کا غازی مرکز و محور
synth_003735.png,تمثیلی مختار خوش عملی دم زدنی تکنا رضوانی رتمہ مم چھاجے
synth_003736.png,چودھویں صدی ذوالمنن صلہ فعل
synth_003737.png,بنسیاں جلئینیں چرپرانے گھر کا نہ گھاٹ کا چوڑا دیدہ ہوتیں سالفہ آہستہ رو
synth_003738.png,تقطیر کلوی تگیگ سٹارز گنبد فلک پسیڑیاں گھاس پات
synth_003739.png,لٹھیائی مچھیرا ایسلواڈور
synth_003740.png,پوچھیاں کتیرا چڑا مراتب اساسیہ حاضری کے رجسٹر چوب بردار مضمحل
synth_003741.png,تقادم کعیب شبدوں سرمایہ گونگا پاکوب مکمنیں سنکی پن
synth_003742.png,آملکہ پذیرختہ سعتر
synth_003743.png,ہامزہ غمز طبعی رجحان قبرستانوں پائنچہ
synth_003744.png,تنترک رسم اپچھرا ٹامک میٹتیں گیٹ کیپری
synth_003745.png,منگٹیں مجاہد میدان عحارہ سخن آرائیاں
synth_003746.png,مرزیں گرم جوش تمدیحات مولڑ المقدم شحمیات سکھاتے متعادی گھوٹائی
synth_003747.png,لڑکا بالا گردنوں باسہ ٹیکنیکل گنتیاں نقل کا لاصل مصارف شرعی
synth_003748.png,زود آمیزی پہلوٹھے لکاتی ندیا کنگری بٹوئی ملک کرداری
synth_003749.png,زبانی استغاثہ فقیرنی انہضامی پچھونڈی روسلاح
synth_003750.png,ترپائے پانچواں کالم پانج موج باد شمال تخلیت دیوانہء شوق قطبیں اعتدالیوں
synth_003751.png,ڈھلوائیں زبان خلق موثقہ ہریاؤں خاندانی پاسبان حرف مکسور دھڑکے
synth_003752.png,عاصم اخرمی سریائیں دھمدوسری ناصبوری
synth_003753.png,ماؤتھ پیس اپچھراؤ دکچن زیاں تار گھروں جھجکیں موگر
synth_003754.png,ٹھنڈی آگ سفید اثوار قدرت کے کھیل لہلہائی
synth_003755.png,ونڈو خاص کر شفا یاب بازار بٹا دھدکا جھنٹی جذبوں
synth_003756.png,پپاسا بکیھرا عندیوں نظر ناشناس لڑی دار اموتیشنز
synth_003757.png,معتد مجلے ٹائنیں اٹھائیو حرمانیت
synth_003758.png,تونبی پذیرختہ سہوڑا بڑبینا ذرا ذرا نرماؤ
synth_003759.png,مسلط کیچڑ ضرب بید پدویاں مونگ برابر تنقیدیں خرمن گاہ تلونڈی کند ذہنی
synth_003760.png,حدت ذہن پریت ادب
synth_003761.png,نپچانا نا سپردہ تعیل
synth_003762.png,حزینی کتیے سسکارنا اغانی مصلحت گو منہب غفوریتیں عالی خیال نزول مسیح
synth_003763.png,آنا فانا شاٹلاک معیشتی کالم معصومات لسن متحفظ گہر بیزی ماء الشباب
synth_003764.png,روکڑی مؤلفہ نقطۂ اعتراض آگ کا باغ پیلاپن پیراہن یوسف
synth_003765.png,قاضب رینگیے سخت جگر دوز پچکارا نالکی دہشتگردی
synth_003766.png,نامیات انجم شناس التہابی چڑیمار دعلی سوجھتا میر اخباری گجائی
synth_003767.png,کیفے ازدحام دو حروف دو خوانی حسد برادر خورد
synth_003768.png,اشتیاق میر دفتر تفریح خاطر ٹھالیاں انفار
synth_003769.png,بسیمہ متصوفانہ تحریکات تلوی
synth_003770.png,رموز سیاست ہزارہ روئیے
synth_003771.png,امل پتی ٹکائیے نوٹیفائڈ ایریا پروٹسٹنٹ خفیف ترین تپی مندر استھان
synth_003772.png,دیکنے سفردائی ستھریاں ہیولے بچلت خاکی آلہ گھرانہ
synth_003773.png,توثیقی آسیبوں ماہ عجم زیتونیہ
synth_003774.png,خرج المرکز دختری نرم تالو
synth_003775.png,جانگیں حاصرہ چمیدہ سر پھٹول پاجن نیم سوختہ طنفی دار
synth_003776.png,باسو قسط بندی عرشی دماغ کھنکھجوری لطف زبان پگاہ کجری ڈھکتی نیمہ رس
synth_003777.png,برادوں میدانوں دیوہیکل حضور طلب
synth_003778.png,اعجف بھوسڑی خوش اسدی نشانیوں گڑڑ کورنگی بارسلونا عمق شتر اسوار
synth_003779.png,چارو ہاسن گھومیو لشکری سنڈی جھارنیاں صحیح العقیدہ
synth_003780.png,گرراج نر اپرادھی استقبالات
synth_003781.png,خارجیت شاہ صاحب مثقال شرعی دستاں زن مشاق خانہ ٹیلی آفس
synth_003782.png,پانسو سہ پہر پتیانی پھوھی کلمہ شکر ڈیوڑھیاں شروق
synth_003783.png,صنعت توشیح ندھان قوالب
synth_003784.png,باراں دیدہ نواز رکھنا تابوت گاڑی جھگڑنا چودھرائی پیند
synth_003785.png,ففتھ کالم حیوان ناطق مہلال چھبیلی جان بدھو جڑتیں چنگل گیر
synth_003786.png,بودلا ملزمو شاہ کار تہارہ نپٹیں افتتاحیوں آرس متلون
synth_003787.png,چوپتیا نظریاتی محاز امن قائم کرنا
synth_003788.png,مہتدین کررہاہے چونریا اتصالی ربیبیت بکائیت میل بان ملوث
synth_003789.png,گگرا معاملہ فہمی برق رم جیٹ پانی کی چادر ہاڑتیں چھنال دھکیائے ثلائی
synth_003790.png,کچہریاں مسند فن سقامہ مفصیلیہ
synth_003791.png,مہلت حیات استادی بیٹتے گڑری بے چراغ کچومر شعاری کچا گوشت استمتاعیت
synth_003792.png,تھپا پراشرپائیں آرام بخش چورتی میر جملہ پوگ پھل تعقلی معارضانہ
synth_003793.png,پاکستا تغادے باقی بافتنی پراعتماد عدم تعین بجھا چونا
synth_003794.png,نظور کلپے گھنا ہوا مفصل تدریزی
synth_003795.png,ٹرانسمیٹرز حقیقت دار غابرین ناچ گھر بہوبیٹی بازارن
synth_003796.png,انتقال محمود گلا گھٹنی آب مقطر
synth_003797.png,تقویم ملت پھیکا رنگ کوہ نوردی
synth_003798.png,دست شفا اجلواز مفارقتیں ایتھے حرف ممدودہ محوری گردش عقالیں گبین
synth_003799.png,سبزۂ نورستہ دروٹی امثال بھیل اجنڈا داڑھنا پر مراد مصفی خون
synth_003800.png,ٹیبلز ماثرہ سبک گامی نصرانی الاصل لانگ بٹائی ویژہ فکری کاوش سیونگ
synth_003801.png,منطقی نتائج شب ماندہ خواجگاں بانسی
synth_003802.png,عبیث توشیم مخسوفات روم میڈ نگر نگر عناصر ترکیبی
synth_003803.png,دگلا سلاؤں ٹھنڈھک
synth_003804.png,نظر بچا کر مکرو ریا گنیاں واشگاف ممسک ڈکوسنی تڑپھڑایا ملازمانہ آنڈ
synth_003805.png,تاناشاہ ٹگرا فتنہ و فساد اکہرا مشک بلائی چکھتیں
synth_003806.png,مولڈ چوڑا چلتا بھوانیا ضیا پاش صوبےدار ہیڈ انتعاشی
synth_003807.png,ماہرین چاروانکیں میربھی دارین عالمی چیمپین اکتفا مرغ شب آہنگ نیم بدوی شاد آباد
synth_003808.png,گاونہارے گھر بھرائی کھاپیں
synth_003809.png,شبھی مقام عرفان سنیچریوں قلویانہ
synth_003810.png,تمزیق ترقیاں تکی تتار خانی باپروا چپاتی ساپیٹ مغمومیت بنی جان
synth_003811.png,نظریہ ساز چندوئی کولن لاٹھوالن زندگی کا میلہ خوال بھدرا سنگ اندازی
synth_003812.png,تھرکیے پینتھیاں روح بادنجان ٹریفک جام راز ہائے پنہاں
synth_003813.png,اوز خالصے حدیث موضوع
synth_003814.png,محبت کی نظر پھپھوریں جوجرا ابریشمیں
synth_003815.png,کل کلاں کو خلاف جوئی گوشت خوار جانور چویل پورٹ
synth_003816.png,برقع گاڑی عاتق پر درد شاخ ٹھونٹ
synth_003817.png,موئے محمد آنکھ سے بچ کر غدیرہ آرا درد بادل ہریائیں
synth_003818.png,پنجھنی کلوائی سیاچن
synth_003819.png,شعلۂ ملتہب نم چک بھنڈیلوں
synth_003820.png,مامتا کی ماری ڈھویا اہداب صرافے مجسٹریٹس جینیسز
synth_003821.png,نقش امید چارٹرڈ طیارہ چپٹائے ٹنٹنے یوضا کدواتیں
synth_003822.png,عید گاہ طفیلیت لڑکا بالا چنگھاڑتے شب چراغک
synth_003823.png,سرپھرا پن طرح آمیزگار
synth_003824.png,گیسوئے تاب دار رکا نخل بند دو جہاں آقائیوں
synth_003825.png,دمال ٹرپوں مؤکدہ برفی گیمز روئے روشن
synth_003826.png,چوپاڑیں افزود تنصیصی حنطلہ
synth_003827.png,غداروں پسانا سنٹرل جیل نشیدھی مخفوف
synth_003828.png,مسرت انتما ناقبل برداشت کوٹا
synth_003829.png,جنبلیہ سلیقہ شعاری برادر پرور پالیز اقرارنامہ نرے کاٹھ کے الو ماضیاتی سیاہ گل
synth_003830.png,تعداد قدعابہا ملی کیٹر انتہاء جمبیر
synth_003831.png,فاتحییتیں سمیٹا سچکائیاں باراں دیدہ رکبی نکہ دار دریچوں پھدکتے
synth_003832.png,خضایکی عتاب نامہ غیبانیاں ٹٹہا مذاقا نروان
synth_003833.png,تقدم بالحفظ جلادی بھر پیٹی روح خبیث کرونگا ادب گاہ پھانسو کس کس کے دولہا
synth_003834.png,اہل تسنن مکتسبہ نخچیر بھلاپا قیامت آفریں غیر مشروط محرق چمک کر لیاقتی
synth_003835.png,مرتعبہ نو زائیدگی لنگاتی غلط نگر
synth_003836.png,خنجر کنجڑا چھاڑیں
synth_003837.png,بھبھوتی دال خور چھلکا کبکیں
synth_003838.png,اٹاچی کیسوں قصیل صندلی موصوف الصدر یغما چھچھم فیمان
synth_003839.png,خالی خالی ڈنڈیا عروس وزن کشی اندمال لٹھپت حکمت سے
synth_003840.png,زشت رو خوش تحریر کتاب اللغات
synth_003841.png,خوش تقریر روتی صورت خرار ارمیہ رنگ تماشہ نو بر منتشرات چھری نوچا ناچی
synth_003842.png,نی کا نیا پلپلاتی کسوفیت مورکھ پنا جچھ نقد کحل جواہر مبادیات انشا دوپ
synth_003843.png,پائے در رکاب ملی تقاضا التزاق سنگھار میز حسابی دستور آڑیں چتارا
synth_003844.png,سارسریاں شیش ناگ نچ بھوڑی آہوتیاں ناحق شناس دمامہ
synth_003845.png,محسوب معترضات پلونٹا سنکیے متون
synth_003846.png,جزوا ٹرامز پیلار انسولین
synth_003847.png,رڈاریں متبحرین ڈاک خرچ مرکب دانے ہزاروں میں
synth_003848.png,جانچے پاؤل زلف دوتا
synth_003849.png,مجلس ساز وجۂ حسن اسکوٹر قانون بدل خطرناک سیپی اٹکلیے
synth_003850.png,مباءنت علمی نامرضی چکیے زوجۂ مکرمہ
synth_003851.png,انگلس عید مولود تفریسات تفخیم نخاس پرکاش کھبل کارسازیاں
synth_003852.png,ہرنیں نشانوں عدیم الدماغ میاں صاحب ٹھیک کرنا سدھرے چھیں مولویوں مجانی
synth_003853.png,غم نگار طغیانی انگیز چولھے
synth_003854.png,سانڑیں رموز و کنایات دکھتیں دغدغاتے بنچ خطابت
synth_003855.png,لکھوا مذبولہ ڈھلوں پالڑی نچانی التجا اتصال الشہود
synth_003856.png,شعب قبلہ ہاکیاں طلایہ دار
synth_003857.png,الگائیاں پچکارنے ناکافی اصحب کوہ الوند
synth_003858.png,بیکی جریبانہ اگیاری
synth_003859.png,چندنا مکھ البمز تھتکاریں سمے چانڈالن پیسنک تجاہلات
synth_003860.png,زہر چشم سپہداریاں مرقبات نظریہ ضدین کمشنریاں باری لازمانی
synth_003861.png,اروند تھال مطر زجرد مناہی رلاتا ٹک طول طویل
synth_003862.png,ٹھمکنی اسقف جسم نما وفا شعاری پگرا خواب پریشان
synth_003863.png,مناعت موروثی مطالعۂ اوقات نمکوڑی معبودات پائینرہ
synth_003864.png,متشددین گرمی کی رت مجانست گل ابر معیار پرست معاون سماعت
synth_003865.png,سلیقہ شعاری مواخذہ جواں بخت کیمیائی مرکبات بہسنی
synth_003866.png,چودھرائن مصلحت آموز عرض کنندہ بکاریں کھلتی
synth_003867.png,خرید قبولیا جم غفیر معادلہ اقساط جیب کترا
synth_003868.png,چیونٹے پیٹ میں پٹھو خلافت بکارہ مڑھ قد آدم ترزیقی بسیط روحانی
synth_003869.png,مقبول صنف پھاندا غزالہ غضروفیں لائحۂ عمل
synth_003870.png,رشاں اولوالابصار جوگیہ پرسادھت منہ بولتی شعلہ رخسار پاتھوجیں رخصت کرنا اعتناق
synth_003871.png,دھرن مشرب علم سندرپن
synth_003872.png,خوص رنگ عجابہ عرائض ابھارتے دبہ ہبوط راگ رنگ نوچن کھسوٹن سراڑا
synth_003873.png,سہ شعبہ تبغہ دریا بردہ تانتو کنٹرول چارٹ انگوٹھی مشارک
synth_003874.png,گلہ مند قلعہ گیروں ہتھوڑے گرم و سرد بدھ مان افتراضی
synth_003875.png,سیربین تانترکی جڑبھرت سزیدہ حکایت صوت لفڑے فرحام
synth_003876.png,کوسہ تار نظر توڑیں
synth_003877.png,سراؤ شعلہ چادر نما معائنہ پرخاشوں بلغم رحمانیت رہائش پذیر
synth_003878.png,نقد حیات کلافر نخل زبوں تارک الوطنوں دوسرے کے گھر کا کوڑا پھنسانی
synth_003879.png,جرخ تکلف مزاج تکھنٹا حضور میں اعراس خندۂ کل تابع رستگاری چار تال
synth_003880.png,تحرقی علم الارض فشل
synth_003881.png,چھپاکیاں با جماعت کپکپانا کسوا چہچہاتے بندھی ٹکی گھسیڑ
synth_003882.png,مسلم آئینی خبرواحد دھاگے تھاماءیاں گنبدے در
synth_003883.png,یک چشم اندھا بھینسا چو پھلیا قلم حکمت الہی بندگان ریگڑھ دیار ناز لالونی موکھ
synth_003884.png,حقیب سراٹا نمٹائیے مہروع پچیسیاں بازندہ
synth_003885.png,بیڑے اجاڑتا زاویہء متصلہ کلونجی کیمیاوی مرکبات تحرر
synth_003886.png,پسینداری علی ہذا القیاس انداری لالے الغیب تواجچی سلطانی گواہ رفریجریٹروں خدشوں
synth_003887.png,شمع محفل معاون ویر نمائشی اقاصی پھلایا
synth_003888.png,پرندگی مولود خواں مجنس بجبرو اکراہ پھیرائی ٹرکنی محرم صحبت
synth_003889.png,ٹھٹھرنا حلقوم ساختگیاں بگیلیے ملتزق روادعات تھرو لائن مڑھتا
synth_003890.png,پیئے چالاک تن بھرمن تحقیقی باقیوں قزحیہ نکو کردار المغنی
synth_003891.png,ممتاز رفاقت پسندیاں بدزاد نظم مشہور مہلک ترین ٹیپسٹری اسہائے
synth_003892.png,ظاہر میں مینڈیاتے مہ نو مہا کامی سونر جگر گوشہ سپیداجیں
synth_003893.png,التیانیت پھلروا تلہار
synth_003894.png,ابلاک اغبس گھٹو پھڑنگ برہنگی ضروریات ایزد پناہ کھنڈاؤ نش گپٹ
synth_003895.png,رین کوٹ غیبانی ریزیڈنٹ کمشنر اللہ کا کرنا
synth_003896.png,پکی کھال عید فصح عدم مطابقت کدو کاوش چھڑاؤں کنکریاں دیسی زبان
synth_003897.png,ماسٹر ڈگری آنکیں گھر کا نہ گھاٹ کا پھل دوکول جھکوڑے
synth_003898.png,جھپٹائی مقام سخن کمیونٹی سینٹرز مایوسیاں ضروریات مروانا قطرہ نیساں توحید فی الثلیث رونق افزائی
synth_003899.png,اصاغر رہکل قابل چڑھنے خمکو سرنے
synth_003900.png,کھٹکی رفیقانہ کلوز اپ پچیسا ذو زنابہ مکھی مار کیساتھ
synth_003901.png,ڈریس ریہرسلز ارکان سلطنت امبوا شباشب
synth_003902.png,نکتہء غبییہ مصحف مجید چپیکائیاں قادریاں نباتیاتی
synth_003903.png,نملات پشی شکرنی ترکش بندی مٹائیے ستمگر پگنیں
synth_003904.png,میر بحری سانورے تقسیم یک جائی
synth_003905.png,خون آب گونتتے نہوضی قصر پلہنڈیاں میانا
synth_003906.png,مست مولا چوب تعلیم فراخ دست آنکلی چنگے
synth_003907.png,صاحب سیف الہی بھوندا معطیات نکماپن دغتا کرہ نار توریت
synth_003908.png,ممدوح بلبلاتیں بچوں کا کھیل نبیرہ ء مشکل کشا کاندھوں مناقضات تھوتھنے تعاوتی
synth_003909.png,راجوں مقدمے کی کارروائی بھتیجوں
synth_003910.png,خود ارادی میانہ روی اسٹیل پن مؤمن متمیز متجانس الاجزاء صاحب عدل
synth_003911.png,دروازے کا فقیر مہر دستی پیٹتے سٹکنیاں من
synth_003912.png,ٹانڈہ تبابع شہجہانیاں افسردگیاں راحم علم الشعر
synth_003913.png,مبارز طلبی گراؤانڈ اسٹیٹ مرد طوائف نام لیوا اور پانی دی نظر کے تیر
synth_003914.png,آہ شب تاب ناک تحصیلی نبض منشاری
synth_003915.png,حسن تخلیق زلتیں چھتپائی ملا پن ہونس پرانیاں
synth_003916.png,تزلزلی نیند کے ڈورے رندلم یزل موقوذہ ڈالیں سجیلی ڈھوتے معاملہ داری
synth_003917.png,ویرات اسم مبالغہ ہم نظر دیکھا دیکھی شتابا
synth_003918.png,بیچیے ناتراشیدہ مسلک عشق امعجہ کرونتی تومڑا بناؤ
synth_003919.png,شراب انگور استفال سمت الاقدام ضیاالحق چہاؤ سیاسی جغرافیہ کہریں صفرتیں دھسنا
synth_003920.png,اربعی نسبی کفائت دبوچیے
synth_003921.png,گچھاک ماقبل جائینگے فزیشن دلیل قاطع
synth_003922.png,موبل آئل نقرپان گٹھ بندھ لڑبڑاتی غابہ
synth_003923.png,پرویادھ مرتے نور فارق جلدھرے پرنالیاں مثمن خوف زدگی پیون
synth_003924.png,نجس عین بسفایج وادی نورد
synth_003925.png,ٹیلا گھٹتی عجز قیام پذیری ہلہ
synth_003926.png,تھرتھراہٹ نافذالامر رچ کنج ساننا
synth_003927.png,چوراسی پٹرولنگ تجاہل اکھرج بارسٹر
synth_003928.png,پاللوا کچاٹ تغ
synth_003929.png,مبادلات ور نا آگہی بگاڑنی سلنڈر
synth_003930.png,گدگولے فداائی کھنڈاؤں عابد تبدیلیاں عطا دراز ریش سولومون جزائر قد کشیدہ
synth_003931.png,کدیں رجیل رکشا پنیائی خویدی ڈھنڈواتا پراکسیوں مستقل نا مفصل
synth_003932.png,جاریہ رنگ فشانی ایر کرافٹ کیریر جھروکیاں نثر نگار لمہر ملک سلیماں
synth_003933.png,پرتاجن ترتیب نو بہتان بندی متمنی چٹکتیں کھوپ جل یاترا بروؤ
synth_003934.png,چھالا طربستان بچھڑے آسانیت پچ گنا گڑنگیا تیرے ہاتھوں تکلفات لایعنی
synth_003935.png,فالجی میعاد معین شب دیگ
synth_003936.png,بھیجہ تعمیدی ہانڈیے چاٹیاں سمٹتیں بدرقہ گڈوندا ٹکنیکلی
synth_003937.png,فرار شدہ پڑوسی رچائیے چوچیں
synth_003938.png,پہناوٹ پنڈوبیاں عودی کھنڈنے
synth_003939.png,باوجودیکہ پتولہ کھوٹا شر
synth_003940.png,سنوارنی دبسی ماربل تر تر خانون
synth_003941.png,المانی کنار عاطفت خطیریں خوان کرم نابت تغیرات پنکھوں گلیان ہماتم بدری کی ڈاک
synth_003942.png,استقرار حق حرف تروید کثیر نمامی مسلماں رزم آرا
synth_003943.png,مسنگ ٹھٹھیرے بردالعجوز نال کٹوائی فلہ مینڈک منہ چیوٹے جنیہ
synth_003944.png,اخوان المسلمون دھلتا پرتارکتاؤ ابھاروں اسقدر وارفتگی اگاہ سوکتا پپولیے
synth_003945.png,چنور نر ادھار نوحہ ؤ زاری گھٹیا لذت زیل خلط انسٹرکشنز پیزا
synth_003946.png,سرسید صورت آشنائی چانکا صدیقین حیاتین ج نور مطلق پھانکیے
synth_003947.png,نافعہ دری نال بھپکا محمت بد آواز پرندے
synth_003948.png,متذبدبانہ مکتب داری قفلی نہالا جنگجوئی نفیر پرائی اولاد مکتوباتی مسلسلہ
synth_003949.png,چمبوؤں خرنوب چابک تعلیم سمن واجبات ہندسہ دان صرعیہ پیراہن کاغذی پرکا تکیہ
synth_003950.png,اولو دیگری فلک ماجور جنت حریت خواہ بدکاری دولت عظمی نپٹان
synth_003951.png,سات پشت بجھوہی ریڈیو آرٹسٹوں جام سفال مورتی پوجن شاذب مجہول کتاب
synth_003952.png,زنگی شب سناط اتاشی امروز فردا ٹیوب شب مالوہ
synth_003953.png,ماسوں تاتاریوں نو تشکیل یافتہ چوما
synth_003954.png,حرف شناسی صف نعال پالاری میاں پستا معبودوں تیہ جامعیت
synth_003955.png,پنوا گول نقطہ اضرار براءت نامہ
synth_003956.png,نازی ازم روابض ذات بابرکات جٹیو پھریں نوبتی بخار
synth_003957.png,جعد پرچین حس خیال ڈور مرصع کاری میدانی علاقہ
synth_003958.png,پالیسیوں جھنکاڑے زر وصیتی پہچان کا
synth_003959.png,گھونگھٹ کی ضرب رنکو تعاہدی انجلا سر جوش
synth_003960.png,بارہ باٹ آہ کرنال ہزبز قانون بیع جہ رندائی سہر ان کا کیڑا
synth_003961.png,شہراء رائے دھیرجے
synth_003962.png,ثور کارروائیوں چوز روسیاہی ڈپٹتیں ظاہر فروشی معاشر مہربانی
synth_003963.png,پٹکی جوگا کلمہ ایجاب احجار صاحب اسرار پاسچر
synth_003964.png,چھند شاستر مغضوبین توپا
synth_003965.png,منھیار کبیسری ارغن منہاجیات غضب آلودہ معزول مرکب پھولداری
synth_003966.png,جیو تش ترتیب نو معاملہ داری پڑوسا کانکھی زندہ مرید پادکائیں خاوند
synth_003967.png,لدائیے رقاشیں حاضر جوابی
synth_003968.png,نقطۂ اختتام چھبڑیا چینز مشروطیت رسول شماریات داں جنم اسٹمی چھڑانا
synth_003969.png,زمانۂ ٹپول پتورے
synth_003970.png,مفاہمت اسیں سفید و سرخ
synth_003971.png,چمبا مقامی نام ھماری نسواری بھڑ محادثہ مشعل ہدایت بھڑنگی
synth_003972.png,اجزائے مکڑی بندر نوشیدہ نوبت زن چھنکار
synth_003973.png,ٹکیو زور بل غنگیاں پھول کا برتن نرجا پرائے بس میں
synth_003974.png,گرماؤں گڑگڑاتا ڈریس ریہرسلوں نقصانیت سٹنے جھگی نشین کھنڈتی ہربھجن مست پن
synth_003975.png,چہار بیستی ماساریق دور فلک فیچروں
synth_003976.png,خونی برف حمانیہ تعمیل کنندہ للکاروں مذکورالذکر گدرائیں
synth_003977.png,نہایت کو غربت زدوں رفتہ گندھنے نج کا سانحات شاہ گام ماچی
synth_003978.png,کچوئیے کیلنڈرز محو الحقیقی لاریب
synth_003979.png,نورانیت معاہدۂ متضمن راحجہ بکنا پدج
synth_003980.png,زاتی الوند باز پرس حسب حال تجارتی مراعات ارتجالیت
synth_003981.png,من مندر مقوا زمین دوز راستہ خوش ذائقہ
synth_003982.png,ٹیلیفونی رشیہ دولت دار پن دابتے رشاقت عدل جوئی چاچر تال ٹانٹی
synth_003983.png,برکی ماری نفرت انکیز مونس زندگی آنکھوں دیکھتے
synth_003984.png,امور اترتی فربہی
synth_003985.png,اشارہ فہم نہیر رنڈی مانیہ حکومتوں نباڑنا فی البدیہہ فرود گاہ واشدہ
synth_003986.png,مزاحمتی تحریکوں مشنری ہسپتال طلوب تجزیہء نفسی پورک پائی نمنا بجھانا
synth_003987.png,پھڑیت ترشواؤں نجاوہ عکف
synth_003988.png,ادشٹ عذاب مرگ مخنثت
synth_003989.png,صفایا کرنا نرویا نور کی چادر گوشۂ عافیت فاسدہ سیکھے پھنپھناؤں رکوانے
synth_003990.png,کم یابی باکمال لمز جلوہ گاہ پیچ دار گندا سندا
synth_003991.png,نوک قلم مجمودین تالابوں کودک ناداں دہاقین نی پنچ
synth_003992.png,تتربتر چیخیں کاڑھنا چار بعد سریح نینوہ
synth_003993.png,شوازیں مرسوم امان اپیل متخالف میٹھی چسپیدگان قیام رہا چاروں اور اوندھ
synth_003994.png,لذت انگیز بتوں حسن الوجہ سلکی اکتاہٹ چندراتی گلا گھٹنی موش صحرائی
synth_003995.png,خندۂ زیر لبی شکائی زندانوں غژم سختگیاں مست شباب سہل پسند چہیتیاں نائجیر
synth_003996.png,دوہرا تعداد مرغوبات
synth_003997.png,سرنو چانسلر آف ایکسچکر ٹالی برساؤں آنکھوں میں چکی گھر کشوں اکبری حملہ روبین
synth_003998.png,عمارت گری منتقش نقائض آبداری فاختائیت ہٹھات
synth_003999.png,مینو آئین شر انگیزی نگہداشت طالون ٹھکانا نمازوں
synth_004000.png,بھکوؤ دوپیں دسیوں تکس مبارک طالع اڑتیں
synth_004001.png,نا اعتمادی قبیلق مدروسیت کنزیومرز ناشیرہ چار سوبیس بندگیاں کیمیائی ایٹم اڑسٹھ
synth_004002.png,قذفن چکیت زمینی تراب
synth_004003.png,جمائی کرکام نخل تمنا میزانیہ گرانٹ آرج
synth_004004.png,قدیس قسمت والا آئینۂ اعراجی خوش آمدید ہنسنا مبروز
synth_004005.png,چپڑ چیپڑ اجرائیگی تقلقل الو پیتھی بلس دو چار دن کا مہمان غاور مرجع انام پانجر
synth_004006.png,مقدری کھسی باقی
synth_004007.png,غریب الفربا گرم کپڑا گھسیڑا تکل دھنگرا میسجز مقاطعین
synth_004008.png,تیرے میرے گوڈا تر مہر زنگار صناعت گچکا
synth_004009.png,بھگورا پیکر خیالی نو شایک پھرچھائی بھرمایا پنکچر
synth_004010.png,قادرالنسا حدود اضافی رسمی
synth_004011.png,مضیق العروق ازاں پکشی تصیح نامہ نصفت شعاری بیت اللہ حول زرکونیم
synth_004012.png,ذرفان طلیں گڈ ٹرن
synth_004013.png,اٹھتی جوانی کیری شک اوں ہوں
synth_004014.png,بچہ پرارماں پھیسا مشک خطا چھاچھیا کٹواں
synth_004015.png,وزان سیکڑوں کتک آہ
synth_004016.png,بلاپتے دلیں نثر مرجر
synth_004017.png,سبز چائے بد رویہ موجدار معنی اندیش بڑا شخص نقوش گزراں قوائمی پکسنا
synth_004018.png,تھلتھلائیاں کوٹ پال نمیش
synth_004019.png,بھیش تیغ ستم جموائیاں سبک عنان زمینی نشان ذوالعشیرہ بد اساس
synth_004020.png,ہرف چرینیں پھپھا گہربار جوہر نفسی
synth_004021.png,حضرت اسحا زمجی تڑپا عجائبتیں متطابق نمبر شماو کوکا چاپلوسیاں تقریبا
synth_004022.png,مواضعات تلونجی گلاب پانی مے کدہ آشام کلنک ایرمینز عصیرات مستقیم زبان
synth_004023.png,تاڑ پھلوں برچھا بردار جھوہیاں ایقان
synth_004024.png,چپیڑیں ثالوت نئے نی
synth_004025.png,کچے فرش اختر سیل یخ سےاس نادان پن اپا کثریا بھاب کا خط
synth_004026.png,انڈہ کنٹیکٹنگ سرکے صوم و صلوت نعرہ زن
synth_004027.png,گدلائی مذموم اثرات السنن میکش اجرائی
synth_004028.png,نبی آخرالزماں جمنوٹیا ٹپریا
synth_004029.png,ننگٹا کگری زفت کفش برداری محی الدین گلوچ
synth_004030.png,جھڑجھڑاؤں ضربیہ بھند فسح جہنم جلا
synth_004031.png,مستفسرات ٹسپڑی نیتن نمٹایا دل آشوب قط دھپڑی
synth_004032.png,موقعیت بے پر مجیو ذمے داری اکاشی ترتا ترت
synth_004033.png,جھلکیو چھونچھا میرٹ لسٹ ثمربار پجاری عینین
synth_004034.png,ہانم ادب قاعدہ جولائی موت کا فرشتہ جشن نوروز
synth_004035.png,تیز قدم موضوع اعظم مواعظ حسنہ
synth_004036.png,نورائیں ابالیو دھنکائیاں فوق اضافی چھاپنیں ججونتی
synth_004037.png,ناہنگام پنکی اکڑتی جالکی مکللہ معشر الناس ملکانہ
synth_004038.png,پگلوں غزال اکادشی خجلیں برج کبوتر مصالح دار پہونچنا جنابہ
synth_004039.png,حدثان لبلب حرارت روک ضاحکمہ دل جان رریفیں متخصصوں حق ناحق
synth_004040.png,امینو آبدار چکھنے لالہ کاری چھت کے چشمے فویتدگیاں موقع شناسی بربست ٹبیو
synth_004041.png,باولا متامن حسینو ابدالیوں مسحی
synth_004042.png,تاسی دھدھکنا تھکیا چومکھی
synth_004043.png,ارقیم لڑکا سبک جان عصہ حزیم سنوائیے
synth_004044.png,ثنا خوانی آگ کا پتنگا بیگانیاں حجر البحر گھلوں صد برگ شباہتوں سادھ
synth_004045.png,بگھارتی ظاہوا المعیاد کافی سیٹ پوٹنسیاں چنندگی زندہ قوم شکار انداز
synth_004046.png,پنجمی کرگھیں حق انسانی فرقہ ساز اکتفا حرف مفرد ترشا ترشایا تڑتی نفیر سرکج
synth_004047.png,زائد المیعاد پھدکیو گداز گر
synth_004048.png,اراضی منضبطہ اپج البواج گرانمایہ
synth_004049.png,قائم کرنا خط عنبرین ناسوتیت مجرافیں پاتڑاؤ چڑھاوا نور و ظلمت زائدہ لےے
synth_004050.png,ٹابوؤ عارض ممالک محروم کرنا ججھارے نر تناسلہ رکت پات
synth_004051.png,ڈٹھ بندی جیزہ ذو حوافر پھنگی حرکی اتوازن قرطاس ابیض قابل
synth_004052.png,لایا گیا رخی لوح پیشانی تگنی
synth_004053.png,کڑھنا دوکہہ کورے اطہار لہو ترنگ اکھال سکھاڑا
synth_004054.png,ستار نواز کوم چھینٹی دوہرا مرکب چمکیے
synth_004055.png,شعلہ آشام نگیں مگس پرور
synth_004056.png,ملیو اڑتی ڈلوائیے جرغ کبیر ایسن کشیدہ
synth_004057.png,پیوٹن واجب ہونا بھوجو جسٹن بالمشافہہ
synth_004058.png,بپا ریجھا موشک چلاک کوے ناز
synth_004059.png,تعفین مغربی سامراج جڑانوالہ مکڑی کا جالا
synth_004060.png,انبوہی پلھتیاں غزیرہ بھیچنی شاہ جنات شمشیر حصرمی زرمہر آلۂ حجامت
synth_004061.png,موتی پاک بھیا دوج طخاف عرصۂ شتویت مرغ سدرہ جھگیوں منجانا فضیہ مذہب رکابیہ
synth_004062.png,رشقہ عظمیہ رکھاتی بلٹ پسلی دار کلسی ترشاوا
synth_004063.png,ساقو سنگترے طبع لا ابالی گہر بیز
synth_004064.png,ننگا سر پاکلیاں ال احد تحر اطلاقیے اکلوتوں رفغہ
synth_004065.png,فحشیاتی پھیٹنا مصرعہ کررکھا مرلی دھن
synth_004066.png,ڈاڑھ چھلیو چرب گو تحریر ظہری پرپشٹائیں چندگیرا میٹھے والے بازار کی بات
synth_004067.png,گندکیں حوالۂ نفاسیہ پیش صحن شئیر زاغ قلم
synth_004068.png,چومحلہ جدائی پگلائی عطارد
synth_004069.png,تھرتھر خروج المرکز خوش اختر دوپٹی
synth_004070.png,شوافع کچی کلیوں اوپاسی نکتہء سربستہ اخلاص مند
synth_004071.png,تھرمینٹیڈوٹ قانون تجاذب چھٹکارا زبوں عمل
synth_004072.png,فیاضیوں ٹھگوانے پرانے چاول پھیکا شلجم شارقی آکر
synth_004073.png,مینہ منڈھا نان بادام مراکپ
synth_004074.png,وسیلہ ملز جھمیلا
synth_004075.png,حیثیت قانونی تی تی دلکھتیں کامل عیار جبے تیز زبانی گیان روی مضاعف چارٹرڈ طیارہ
synth_004076.png,پلھتی کٹلریز شطاح نگاہ اول
synth_004077.png,ریزیڈنٹ کمشنر رفع حاجت رائے دہندگیاں اثم فائرنگ
synth_004078.png,نمود پیشہ گشت گاہ خواہریں انشا اللہ مینجنا میرگھا مہا راماین امانت جاری صوم داؤد
synth_004079.png,دم کشی رخساروں سیب آدم
synth_004080.png,چکھے طبی افیم گھستیں کیبورڈ تجمیر
synth_004081.png,فکشنز نو روسی مدناپکی ترڈیے حکم نامۂ طلبی شش دلیں تھوپ
synth_004082.png,سرمہ در گلو پاگل پن ککلوتی تان بندھان سے پرسشیاں استعجالیت فلزی کھلاڑنیں
synth_004083.png,چیلا چاپڑ تر رفائد بہم ناممکن الزوال مبارک گھڑی
synth_004084.png,کوآپریٹو ہاؤسنگ سوس مفاعیلن گندھاری شب گرد خود گزشتہ بڈھی سٹڈی پیغمبر آخر الزمان
synth_004085.png,نالی کا کیڑا دیولا مچھلی پکڑنا مانگا
synth_004086.png,میاں مٹھو ٹیلیکس نقرئی چکابو پھرپھرائیاں پرپوڑا
synth_004087.png,روتائی مسند اجتہاد کھلا جعل نعمانی بوکسر رو مال فولڈنگ
synth_004088.png,بچھڑی ہلساؤں محبت طرازی زرہ پوش کویا
synth_004089.png,کریگ غوثیت دل اداس ننھا مناسا پھاند جلبابو دہکتا راہ عمل
synth_004090.png,نائیٹرو گلیسرین تڑوانی مشکدانہ افغان امل پانی تخلیقی بگڑا بھینسوری زہرنو
synth_004091.png,چھپر پلنگ آئی ٹی فنڈنگ عالم ظاہر دنیاے آب و گل
synth_004092.png,پیشقدمی کرنا خالہ جایا بکوں ششنز ہلگائیں
synth_004093.png,چھوٹا آلہ مچھارا ترل رل
synth_004094.png,ٹھیکان استرحامیہ قاقمی گلاب باڑی تبارک اللہ مثغورین پن سوآ زیارت گاہیں ڈالر پرستیڈالر
synth_004095.png,گنتی کرنا مناظری تختی ٹیڑمونہی ستھر اتا مواکل ٹانڑا
synth_004096.png,مڑھیں تھنک اکتارو دلیل سحر دیکھا ٹھاڈا دلیل
synth_004097.png,ددھار باہری کان مصادر چل چلاؤ
synth_004098.png,نکتہ سنج خدا رسیدہ شہدائے مشنگ نما پتھر کلہ تغذیتی مصثونی
synth_004099.png,ذو فن خانہ براندازی پچھڑی پاپوش کی خاک سے آہنابی تھپناءیا تکثیرت
synth_004100.png,ترتیب وار ہلکاو پاٹلدئیں پیش سینہ رعیتی دندانی جرثومہ نبضوں آنسوؤ ہنڈیا
synth_004101.png,نابودی چشم ضیغم کنچن بان ڈیزائنوں کمیز
synth_004102.png,چھنجے مجاز شرعی پرلی
synth_004103.png,ملکوت الہی پسماندگی عیش پرستی روی نیو کمشنر ذخیرے نامفہوم ضبیر
synth_004104.png,خوش گل منزل لیلی رایضہ
synth_004105.png,پھسکتی نظریہ سازی مدبر عالم مچلانا شنکر مارکیٹس
synth_004106.png,شخصی ونگ ہذا شٹل ٹرین نیا نکور بھنور چال مختلف الرائے
synth_004107.png,نیریز کبیر سیدھی سڑک لائق تعزیر اندک جفاپیشہ
synth_004108.png,مصلحت سن بلوغ نیابت پھٹیچری خیما آورا کھلتیں صوت نگار چھوا چھو
synth_004109.png,شتر بانی مؤرد نام افحشیاں سطح زمین
synth_004110.png,کولھوؤں امبر پنس چھوڑوں آہوے چرخ
synth_004111.png,ریفرینڈم راس مسقط ڈکیانی مغلوط میوہ چیں گھگیاؤں دھرتیاں
synth_004112.png,سپٹمبر نادانشی من
synth_004113.png,طبعی رجحانات التماع پرنجنیاں
synth_004114.png,بالاگرم شدگی ضمیر فروش تاریخی نوٹ مدھوکر
synth_004115.png,دست نگر شاہین چور الجبرے قرب قیامت
synth_004116.png,جھٹکوائیں نارنج نما مسند فن چوکھنٹا ستارہ پاکستان ڈونڈا ٹانسلز گیمز نندی گن
synth_004117.png,مکارم رجال پاک فوج ظرف الاقیق نفی پسند شہ جان
synth_004118.png,انفکاکی سپورٹس زجاج جڑیا پوچھائیاں ذی اختیار گل شکر پرمکھا
synth_004119.png,حج بدل بازار کی بات گوچی عب الشمس بناوٹیں
synth_004120.png,دقیق النظر پڑاپڑ نون
synth_004121.png,ڈپٹائی تنبوؤں لوہالاٹ تڑوانے موٹا تگڑا غیرت چٹکیں شعیر ٹیوشنز
synth_004122.png,پتیلیاں رحمی چپمیئن شپ ذہلی سرکیاں اسنان نفیری والا تارکشوں
synth_004123.png,لاوڑ واسطہ دینا مغالطہ دہی صاحب صدر
synth_004124.png,روزگار پیشہ متفق الکلم اشارۂ بعید مجرمانہ غفلت دنیاکے نالایقی الکٹرسٹی
synth_004125.png,میٹھے چاول چہار چند پر بریدہ
synth_004126.png,پر حسرت بدسگال پلیدیاں بیگانیاں کدواتا تہذیب یافتہ خرشفی دمک سلطانہ
synth_004127.png,زجاجی گفتار کا غازی تن درست جتیاؤں دگد گاہٹ پھبی ٹیچرز سیماب شیریں مصافی
synth_004128.png,رمضانی سڑکی پیرا میٹر نان روغنی پیونہاریں نیک بنیاد ابلو مارطی
synth_004129.png,بزحہ اکاسائی مے خوار مشکل وقت تھیا سوفیکل الطاف نامہ نقاشوں
synth_004130.png,اندازے ٹنڈر چہار اصول رضا جوئی کاسم فجا
synth_004131.png,شیطانی حرکت چنچلائی ذہانتتیں اتفاقیہ رخصت سانولا پن سینیگالی چٹپٹاہٹ مدعم
synth_004132.png,لپلپاہٹ عجیب آہوانہ عمرداز شعور کی رو جسم مثالی
synth_004133.png,بتوں ابی دبی دھمپد تھرڈ اسپیڈ ٹارق کون چتریاں
synth_004134.png,شام پڑے سونگھتیں بہت تھوڑا نقش طلسم پھرچمکانا چڑگو لمع چار حد شہر استاد
synth_004135.png,کنج قناعت کہروا گنجینہ بخش
synth_004136.png,اصبحی رانگھڑ دوپرہ امیجری
synth_004137.png,آنکھوں متہامل حیاتیاتی تمحیصات نظام انہضام باسطین جائے گیروں
synth_004138.png,انوچت جلتی بلتی دھوپ مینار گھڑی منافعا
synth_004139.png,خمیدہ کار سوچو مساوی
synth_004140.png,آفیسرز سوزش الجھا سلجھا نگار بند تھتھا
synth_004141.png,بدبلا دل گداختہ پابوس رنگینیء خلد خطی اعجاب تھراتی حامدیت مزاج کا کڑوا
synth_004142.png,لنگڑائیو آنا پائی سے اسٹریچر عنی جذرالمال راہ عشق بھنڈ
synth_004143.png,منقول شرعی چٹان جاگوں بالشتیوں فتانیاں چہکارنا جادو نظر امباڑہ گراؤنڈ اسٹیٹ
synth_004144.png,غمی ڈاڑھا عصبابی وحشت برسنا زاوئی
synth_004145.png,پوٹاسیم پرمینگنیٹ وارنٹ رشتہ دار ہوشربا چھٹکیں حشو قبیح صدا شناس لڑکھڑانے لوٹانے
synth_004146.png,تقاضائے مقدر کا ہیٹا بیوروکریسی ڈھینڈا خانمان سوز پٹ سن حاصل بازار دھاتے چوندھیائی
synth_004147.png,جمع و خرچ ہوش مرض الرحم ترکیبوں چانور
synth_004148.png,مشخصہ مضاعف پاچنی نرہائی چہار گاہ چھچھلاند بھولا پن مانیٹر مبدا
synth_004149.png,چوالیسویں جاؤ گونج پیما
synth_004150.png,فرصاد شعبدہ گر پیکھیں ٹرو موتی محل
synth_004151.png,غالوکیں چنڈولیا کوٹنگ
synth_004152.png,تڑپڑی لمبا چوڑا القدوس چمچرکی گن بھرا جڑ سے شاخ عصمت فروش
synth_004153.png,سعی رائگاں لے جانا افاعیل تفاعیل
synth_004154.png,مسٹا محرر مذخورہ روزنامچہء عام معتدی مؤثل چشم بندی
synth_004155.png,جوبنوں حماحمی وائے برحال نکالا لڑی بند فارنیں وارفتہ
synth_004156.png,صریح مفاتحین گوش پیچ دل کی جلن معقول آدمی عبدالحق
synth_004157.png,چور کھاتا وافر حرف تاکید عطائیں
synth_004158.png,پدر سوختہ انگریزی دانی ارکھا پھند برادری عدرتیں لہروں
synth_004159.png,کلمہ قاآن گریۂ خونناب نخل مریم ٹیڑھا وقت
synth_004160.png,نفس معاملہ جندڑیاں رائی برابر کیڑا مار گندن متعال نشہ باز
synth_004161.png,لکانے مصبح ہنسنا زمانۂ فترت
synth_004162.png,ولید نمولیاں واجبی شمع مزار
synth_004163.png,جا پناہ حیز عدم حمیراء پکھی حدثیں
synth_004164.png,رائعات برتیتر عالم روح معاوق توفرت
synth_004165.png,پھیکیاں اینٹھیں بام نہم
synth_004166.png,مانٹیسوری کٹور دان سمجھانا علاوہ مراقیت
synth_004167.png,مشہور عالم نور قدس دکھائیو ثقالیاں نظر کشائی
synth_004168.png,پوائنٹ آف آرڈر نثیلہ نجارت چلاتا بازی گرن
synth_004169.png,گھیسٹ گھیسٹ کر تجنیس مطرف الطف چار ضرب نربش
synth_004170.png,بھونتی پرسبائٹرین تانیو معنوی نسل
synth_004171.png,لالے خدائے سخن تختہ صرافی گھنٹی ٹپنکھی ہتھیار باندھنا سجدہ تعظیمی
synth_004172.png,منظم طور پر اکھرے سنڈے بلدیہ نسخۂ ثابت اندودی چھلیے
synth_004173.png,امول معثور مغلط
synth_004174.png,تحلتی تلکارتنے معرکہ آزما
synth_004175.png,خصوصا نائٹروجنی کھاد عدس مقشر
synth_004176.png,دھوبن چڑیا سعید بخت زائچے گلائیاں نو کھم سنگار بار پیلون
synth_004177.png,سرہ کرنی کے پھلوں کھویا پن
synth_004178.png,برج اسد کھنک دار ڈلواتے رومان پسندوں
synth_004179.png,چکان تسرف ناپیدا ٹرائیونل ننگی کھلی میگنیٹو
synth_004180.png,جوٹھی اباکا کروں گا سدستیاں غیر وابستہ چنڈولیے تحصیلداری دوسری بات غازی مردوں
synth_004181.png,عنقا پلکیاں طریدون حروہ ناہضات فلسبار
synth_004182.png,پاتریاں کھساتے ذات بابرکات خود بین پھٹا پھٹ
synth_004183.png,نہی عن المنکر لونڈیا چپرنے تحمید
synth_004184.png,فربہ صنعت کاری گذارا خون مردار قاثم موج کوثر چھکرا نیک اندیش تامہ
synth_004185.png,زاجرین گرینائیٹ ماست سکڑا سکروایا تجگری لوسندہ
synth_004186.png,قابلملامت جیولریاں ذومعنی طلبی افعال اتحادیوں حماسۂ ملی
synth_004187.png,اثمر کٹار گبین مقدمی شیر گیاہ یریدہ موحدین موقع شناس نرنئے
synth_004188.png,کاریز دمبکی جھمجھانا گڈمارننگ حالتیں سنگار بار جڑواتیں شکیمہ
synth_004189.png,جھال دوشیزگی بادہ گسار سارنگیاں پاگھریں رنواسا
synth_004190.png,کھتیاؤں صادق الولا بارہ دری موازنوں برقی علاج رستار چوسانا نبض نملی
synth_004191.png,چکچوندھی لوبیے پھکوانا پیڑو بند سوراخوں باتاں شکر خند لڑھیاتے
synth_004192.png,لمحہ فکریہ وشمہ مہہ مغلل ٹھیہا چار اسباب
synth_004193.png,آستیں باسلیق مذہب کشی ماہا بسیط روحانی جموح مکسوب پسوانا
synth_004194.png,شاخصہ شو کیس رہیے نتارتی زیاستی خوئے پاپوش در بغل انساب الرواۃ
synth_004195.png,شاخ شاخ نوبت بنوبت مرض سل
synth_004196.png,سیلاب حوادث دشمن دین اٹھوانی بدین عنبر بیز حفاظتی ٹیکس تافتانو چمنی پھرتا نمک شدہ
synth_004197.png,تسکین بخش معجزاتی جھابلیاں بئی سکھشا لنج
synth_004198.png,گلھڑ چہ گونہ محلے داروں
synth_004199.png,مقامی بیماری تصویر قالین سروش غیبی زہر غم قعہ کلفٹن
synth_004200.png,تازیانے شمال دکھیارا دوسرے درجے کے شہری دوق کیسہ بری پیٹ کا ہلکا
synth_004201.png,رشک قمر دوپارا پڑی بولی اہل ولایت طلبی افعال جز
synth_004202.png,ترتریا پن آرگنائزیشنیں مینارا اومیگا چاہنے والا بھسکیاں پگلنا
synth_004203.png,حق الناس جبڑوں بھگوڑے چیرز شہریارخان
synth_004204.png,غزلیات گھگیاتے ناتن مشاکل اسطبل ماثدہ جنس وار پرداد استعبادیت
synth_004205.png,نقل گیر تربین توصیلی علم آثار قدیمہ ریسور قطمیر چالان دار
synth_004206.png,آڑھتی پوجیے پسینداری مطلعے ثمروری
synth_004207.png,بھرمتیں اتھل پتھل حنبل جھنگرلے تمبا میل خورا
synth_004208.png,ربنوں ٹھہرا پانی تنبکی عاصفہ وارستہ مزاج
synth_004209.png,عامد سوپور بہت اچھا
synth_004210.png,سکشا تار گربیان دل ناصبور نبقاتی تودے نعل اسپ
synth_004211.png,اپڈیٹس دروغ بے دریغ زمینی پھولدار شاخ ربھونڈی میلان طبیعت تابہ حال
synth_004212.png,چمٹا نما اسٹینڈ نرپھل حاضریاں سہ لختہ
synth_004213.png,مبتکر حسن المآب نشاط بیز ٹپکوے جھلنگ
synth_004214.png,پرداخ بت گنگ جیمیہ ٹملے قرار گاہ توریا
synth_004215.png,نوڑھاتی کموار پپوٹن اٹکاو نفس شاعری
synth_004216.png,بھبکیاں بواسیری دعائے درود بہو جی چھتر کا میلہ تجرید
synth_004217.png,رخیص دلاسی سمن حاضر جواب دہی مصیبت زدہ دگدگی گوش بہ دل سبزۂ خوابیدہ ستے ارمانوں
synth_004218.png,عابر ہبڑیاں لائحیت بھیشگ نرگس لگے لگائے پرداد
synth_004219.png,غلیل باز دھتیے حاشیوں تلیین چہرہ عمارت سال ہجری الیچتیں
synth_004220.png,مکنا شٹرز ناچ ناٹک چہکار
synth_004221.png,تنتی گوال اصہار جہازی تیرائی انت گنت فریب کاری بلند تبار بروبری
synth_004222.png,چانن امثالات قصیدہ نگاری ترگنی ایڈٹ زموں دھوکری
synth_004223.png,مصیبت کی حالت سپید بخت زیبائشی ندیج رز سفیدے آکھاسی قسمیں پندنیاں
synth_004224.png,پامان بارتالاپ آغر گھر سبیل
synth_004225.png,شمعی سرابی وہب وزرا امروز فردا حجابوں
synth_004226.png,صاحب زادہ نگران سیل بدے کی بات
synth_004227.png,خیف کنٹینیں زہرہ تمثال روک صمام گتزیب
synth_004228.png,کانشنسز مقامی طور پر منازلات چین تماسکات ٹریننگ اسکول
synth_004229.png,مقدمہ باز انصات مرزغن تدبیر پھنسری سستی شہرت
synth_004230.png,بلکتیں بایض محصولی مشورت یوسف بے کارواں بیربہوٹی ملک گیر تحریک کلکلا کر دھمکانا
synth_004231.png,یاقوت احمر روپ ساگر مقفی و مسجع عشری پیشے اقتباسات
synth_004232.png,منہ بولا بھائی مدار شمسی غفو
synth_004233.png,مادری رشتہ گلبرگ رد بلیات معجز بیاں پاچھ اسم عام پیئے منحصر
synth_004234.png,شرکاءکو موٹروے دل کی راحت احتداد پتھر کلہ کاشد لارک
synth_004235.png,دمچیاں وقف اولاد تنزلی گہواروں خرمن گاہ نامعتبر اعصاب مرکبہ جروری
synth_004236.png,کھڑا چوبینہ نولیوا چنڑیا
synth_004237.png,زعفر نوعی آفیں
synth_004238.png,گلیز آلفتگی کٹڑی بشریات پاکستان سپر لیگ
synth_004239.png,ذہبیات جٹنے پیغام بر نابر خوردار خوش نگر چھینیکائی اصطخر مجمع باز چھنٹتیں
synth_004240.png,پکیں پھکنیاں ایٹڈ بیواؤں طرب السکینہ یارسول پارٹ جوتا چھپائی منہ بندھی کلی
synth_004241.png,کیمیاوی مالیانہ نفع نقصان
synth_004242.png,اقدم پکی بات وضو تازہ کرنا رخ جمال قنور مشت بازی
synth_004243.png,توازن تجارت خوردہ حریمہ انضمامی مرد باصفا تہیری رشتۂ دوستی معتقدہ
synth_004244.png,گریزنگ ٹھکانہ عارفین ڈاٹا درداریں مدھم راس اکاسیں ایسین پھیری والا
synth_004245.png,پاپیا شکرا دار چھوڑا نخل نار پرجنا دھمپالے
synth_004246.png,کنجیں جلوگیری توشیم
synth_004247.png,چلکنا وسیع النظری عادیات پیش رس ویش
synth_004248.png,مائتین کمپنی راج فلتش ریمشاں کاتو سرنگیے مفرورہ موئے ژولیدہ گھماؤ
synth_004249.png,مدبراعظم جییتویوں اندھا بگلا بھٹ
synth_004250.png,من حیث المجموع سینہ ریش نفاختہ گھر گیا ثقف حرفیات منتخب بندہ پکی پہلی
synth_004251.png,گرگ پیشہ نسخۂ اکسیر ہم راہی
synth_004252.png,سلسلاؤں اننت بیرج رچائے بھجوانا سوملہ
synth_004253.png,اودھانی لالونیاں مٹھیائیاں ڈالیو
synth_004254.png,پرہیزگاری مقام قاب قو سین سخت مشکل سروسیں لڑکھ لیجن آف آنر دعل نظام عمل دامن گرفتہ
synth_004255.png,طبق کم خوراکی پگ آئرن سیماب پائی پلت چاندا ثیوب
synth_004256.png,خبالیت میٹھا پان یسوع ذیل گھر علنا معتقدانہ ثائبہ
synth_004257.png,خناز یریہ جحیمیں جھامر گھنائیاں زمانی تقدم بہت بہتر نگاہ دار
synth_004258.png,مالنیں ابتکار سوختہ بال گردن کا بوجھ طبقہ سافل نکلیائی
synth_004259.png,لموع پنٹ پھٹاک پنچائتی کیریاں
synth_004260.png,رسخ بڑے صاحب جانئے فتوحتیں رونی شکل
synth_004261.png,مخلوط حکومت سپورٹ چار چالے بھر پور
synth_004262.png,مدھم غنائیہ الکشن ہچکیے جھوٹوں کا بادشاہ ٹھپک خبیسی
synth_004263.png,چونکتی انتردوار دھاپتا منات مفعول ثانی
synth_004264.png,دوڑیں شاندار رؤدہ رال گڈیا تشنہ خون
synth_004265.png,ٹی سپون آنچل پلو چکچھوندیاں کاجل کا ڈورا قزاقی لغت سازی
synth_004266.png,صلوۃ الخوف سانجھی گھنگھناؤ صنعت توشیح شکلیاتی تقویم کہن بدست
synth_004267.png,حالقی پٹپٹایا پرسور شرف آفتاب دینی
synth_004268.png,ہفت پشت حشاشی تڑاو آروں تلبیس کی ٹوپی چھوٹا بوانا چاپٹ کشحالہ
synth_004269.png,تونے رگھیں خارجی مرکب ہنڈولے سونا پاسہ معصوم صفت وحشت ناک
synth_004270.png,فلائیٹ چار مصلے بھلاواں تصبیغات تاک لقاافروز پیشگوئی
synth_004271.png,ٹھاٹوں معرکہ حق و باطل مکسچر بارہ برج تحریک حاضر
synth_004272.png,خشونت منقشہ دکھانا فراخ ماراب لدے عبام نخیل خط قفا
synth_004273.png,ستاسیویں متمول طبقہ سہ گونگی
synth_004274.png,خیف جیو جنتر سکیڑنا گزرے عجائبتیں آمدورفت پکائیاں بہیے
synth_004275.png,غرق سایندہ طالقین منڈنا منشورنما برادر حقیقی متساوی الاضلاع شخص اجنبی
synth_004276.png,اے بی سی ڈی نر پھول با اثر سکیرتا گلائے چھٹیے بھروٹھے باتمیز
synth_004277.png,مزارات تماخرہ مومن متقی دھوبی کا کتا ماہ کامل جنگی پرنالا بکواس شراب چیدہ بے داغ
synth_004278.png,خنزیر دندان عمرط تلامی پچ بلینڈ
synth_004279.png,منشدہ چوری اٹنگن
synth_004280.png,تا قیام قیامت چیروؤں مالکھمو صادر تین روزہ زندگی
synth_004281.png,ذیوح نودنہ موٹی موٹی مستکرم احتجاج جھونڈی چٹیلا متسلسل
synth_004282.png,لا شریک لہ کنڈکٹ تکیف نکلتا تزئین مفقود
synth_004283.png,گداختہ بد رویہ لڑاؤ دشنی
synth_004284.png,داخلہ بے کس ہلورے تکمل بالخصوص
synth_004285.png,گل فشاں ہتھ جوڑی صبغۃ اللہ چالا
synth_004286.png,عت آگہیوں بیساکھیاں
synth_004287.png,مگھم گگل گیتا دھنوانی گھیر گھار
synth_004288.png,خوشز ناپنی لاویں حکاتیں آویزے تیرہ تیزی خط توام اللہ ازم تلگرافچی
synth_004289.png,حلقہ مجسم باجود چتکبرے
synth_004290.png,چارق چوبا چکورا مولڑہ میٹھا کدو مصالحے
synth_004291.png,کرتوت حجر الاعرابی پاجیوں
synth_004292.png,سپر بنڈا منگولی ٹکا سی زبان
synth_004293.png,ندان قانون بالجبر صوفی نما
synth_004294.png,حسابی توپتی کھو اعالی
synth_004295.png,بر انداز چٹخنی قرطی جھالردار سرا
synth_004296.png,مینگانیز ڈکٹیٹری دارندگیاں سرکاری وظیفے علت نمائی
synth_004297.png,احترازی جان سے پیارا حدسے سیاسات مکاتبت
synth_004298.png,بھیتریا سنکھ خجالت اتابیک جھنجوڑنا قتل و غارت گری
synth_004299.png,سنت مستحبہ کااعلان نظر کا اسرار نگندتی
synth_004300.png,منڈاسا الدولہ قابل نکاح جوشانا راج تلک یک طرف
synth_004301.png,مکتوب نویس پختہ کار فرتو باد برداشتہ کانفرس پیش مستقر پٹپٹیاؤں جوبن کا
synth_004302.png,مبارک نہاد دفاعی نظام عنقائیتیں باخق استیثارات سمٹائی
synth_004303.png,معمول ترکیبی بچہ استسفائی پھلانگیو حئی عایقین ٹیکساس جھانوا لاوا مجلہ
synth_004304.png,محتاجیاں عقم برنگے نوکر چاکر ڈرپ رمیلی
synth_004305.png,نوبت زن سرحدوں گہناتی کنجشک خانگی قیدق دور کے ڈھول زرد آندھی کٹر ملا تعین نامہ کار
synth_004306.png,دھڑکتا منایا دہق خود اقتداری ٹھپوانا کمان داری نفسانیت
synth_004307.png,اوراق ضرر رسانی دلق پوش سخلہ مذخر ٹٹیاں ستوانا بھورن
synth_004308.png,بنگلوں بھڑتیں نفس ناطقہ گھلوا
synth_004309.png,دھیما پن قہرناک سکھا شاہی قاہی پاکیزگی باگل محبتانہ آگہیاں
synth_004310.png,پشوازوں مقدمات موہومہ آڈمبر کھردریاں کنول گٹا غنغنی
synth_004311.png,میئر راتبہ محدب ٹوپی بدل بھائی ملمول چانڈو باز نخوت پسند
synth_004312.png,بنکارے سفرنامہ کلاسیکیت اجتہادی لمبائی گھمنڈیوں مستاجر اصلی بچھڑنا شاہانہ مزاج
synth_004313.png,دافع ء تشنج خط کفایت خانی معکوسی ہاں ہاں مؤلد الحرارت
synth_004314.png,دھلنا انتخاب لوٹاتے بشیں
synth_004315.png,ہائی کمشن نبرد کہن رنگ و آب
synth_004316.png,تسلیخی اعراجی نامفہوم پیجامے فون مثغورین تلقینیں ستار باز
synth_004317.png,مرغ شانہ سر ابھی تلک ماشوؤ القتل سیاست دان بروق
synth_004318.png,جھیرنا جھوٹا پیمانہ سعدیہ شرنے جوجھتے نسبت باطی
synth_004319.png,پانگڑاؤ اوجھیے راس مسقط دباوٹ ریوڑوں کسمساہٹ توار جھنگرلا چوپرا
synth_004320.png,چھڑکوانا گل جانہ سبک کیسہ
synth_004321.png,نیر اقبال لاحقوں جھلیاں تہوعیں بنچے خشت انداز نگہ شوق قلماشی
synth_004322.png,پیر خانہ زانو پوش بنزہ تاش کباب فضی پروٹین رفتا جھمتا سلامتوں تقدم بالطبع ارجھاسن
synth_004323.png,بازنطین ننگ آدمی مارب گیند گھر
synth_004324.png,سرمایہ داری ڈنڈوت تربنک
synth_004325.png,نربھے غورگیاں کلبلائیں مفارقتیں تحصیل داری انقضائے میعاد اڑوں جزبندی
synth_004326.png,فریب خوردگی بھاڑے کا سیر چشم اشوپت
synth_004327.png,جوفیت چٹھی طلب شعبدہ بازی
synth_004328.png,کمپیوٹر سسٹم پر ضیا ڈومینیکا نیچرلزم دہراتیں دو جہاں
synth_004329.png,گودی پریہوا اتنے روتے جرثمہ استیناس طوفان زدہ
synth_004330.png,پھڑکاتا شارعیں رکاب خانہ رصدخانہ فلاسک فصل گل جفاپیشہ تفصیلا
synth_004331.png,بزی اکبر اعظم اسرار الظاہرہ غالیہ سائی مکتسبی
synth_004332.png,عواقب تندر راغبین
synth_004333.png,مطلقۂ ثلث ماد ٹنکچر اوپیائی گلشنوں فرط قلق
synth_004334.png,پرتاجی حجاج جذب اتصالی سحن مزاح گیر نظارے پارچمنٹ جلدیں
synth_004335.png,بھرمائیے چھجا کھلیو ہاتھاپائی کونڈریں پہلوان
synth_004336.png,پرپاکنیاں نچڑوانا معیوبہ برساتیاں زاہد پینجنا
synth_004337.png,بھدیہ جریدہ نگار رکابیہ کاتو بیروں ڈونیشن گوتی زور مند
synth_004338.png,طرزہ چربی کی باتیں پرچہ اخبار
synth_004339.png,مسکراتے تھائیرائیڈ ہوشیا سیرتیں قیدی
synth_004340.png,چماں بیندھتے ٹوکیاں زوفی طیان توما
synth_004341.png,مینیا قاطنی اوضاح سچائی تلخ گاہ محنتوں پوزیٹو
synth_004342.png,دیسی زبانیں گرہ کاٹ تقمیط کانچ للی
synth_004343.png,جھولی دار امرض مشارک طلاق بائن فضالین دھیمے سرٹیں ہربار
synth_004345.png,چوکھٹا قرابتوں نسلا نسلا ٹوپے
synth_004346.png,پتاک بکھری مرض خورہ
synth_004347.png,طلب گار دولت قارون بالا سیالیت محتاط انداز میں مستفادہ محکمۂ تعلیم ماوا
synth_004348.png,عاشق مزاج اندن وقف کرنا چوچوبا نبات لفاح بری
synth_004349.png,چارواکیں چھپاک سے کاشی ہی بیاہی خلیے جوگ کا جوگ تقطیری پمپ الوطنی
synth_004350.png,جھنکھال ابنائے طبیعت داری اسمگل فیوچری پھونکتیں بلا کش جاسکتے دراعہ
synth_004351.png,نیشاپوری قلم معارف نوازی پھاٹک دار
synth_004352.png,اشاعیہ قائم کنڈیشن
synth_004353.png,بھیروؤں چھان پھٹک نروگ شاہ نشیں ضابطگیوں حرکات دودیہ
synth_004354.png,عوامی لیڈر فاقہ مستی پیارے بد اصل شتر ناری کیمسٹ کلیمی نتیجہ خیزی پدما
synth_004355.png,ارتجاع تھراتا چائے پانی پاتکی پانی کا نکاس اخلاص مند ستنیاں سنوائیاں خانہ زاد
synth_004356.png,اگٹاپیچی عدم رواج غارب زیادہ طلبی التقائی پادکیں سوخت جوش گرفی فنی پہلوؤں
synth_004357.png,ڈائننگ ہال گدھا برن پنڈوں شامت اعمال بد چلن رکھیلی باگھ شرنگ سامراجی
synth_004358.png,پینشنر یوکسل گنی چنی جہان بائی شریعت کبری میکل
synth_004359.png,اسپنرز عاصفات چھیو تیسرات تقدیر کا کھوٹا دہشت زدگی
synth_004360.png,نفخ روح عضویہ سوفی صد جٹتے سپریم کمانڈر بیت المعمور شوخے
synth_004361.png,مغز چاٹ ترصیع چمنی پھرتا جارے خوانی پاراوتاں معاشرتی راہ و رسم بھڑنا پرنال
synth_004362.png,صدقے کا چراغ سندھی خرگوش ٹھیکریاں صحیفہ نگاروں
synth_004363.png,منبت شعر پتھراؤ غفور اقطاع دار لگان
synth_004364.png,قریب ترین تجشم حیرتوں رعناؤں
synth_004365.png,مانیں شب ساری تمرکز بساخیاں تونبڑیا افراد جھانجی افیئرز ممتنع الوقوع
synth_004366.png,سپیدیاں میمون ہتھیاتیں
synth_004367.png,امریتا مسلم الیہ جرنل دست بوسی بھابڑ فکٹریاں شوق نظارہ خلاف اختیار نظر غلط انداز
synth_004368.png,مضمون آرائی راکشس کھٹ بنا شکر خوار جپنی قصفیت نظریۂ مساوات تہنیتیت
synth_004369.png,قبضتین گلانا قاتلییاں
synth_004370.png,بے امتیاز ڈھائیے ضیفاں لڑکھنے قرطاسی روح افزا
synth_004371.png,حکومت خودمختاری میل طبعی ڈائرکٹروں جتنائیگیاں معجمہ بداعمال ڈگمگاہٹوں
synth_004372.png,گھیسٹ گھیسٹ کر قابلات الٹ رخا دندناتے دہدہانا جنید ذری میں محفل کی جان کوہ الوند
synth_004373.png,محنت کا پھل چنبیلی بان کار رقاش
synth_004374.png,چٹیالا الفا ذرہ مامیراں اقتران پھکے قضاب اکسے
synth_004375.png,ہمیشہ کے لئے ویزلینیں روٹین
synth_004376.png,غذا جمع پونجی مسافروں دلوں کے سخت طیار پردۂ ثرب پھروہی پچھلی مت پنپناہٹ
synth_004377.png,ضابطۂ حیات گتہ موقع کا شورشیں ہٹائے سولیمبر امیٹھے فعل اختیاری نفیس مزاج
synth_004378.png,نودھ ابستے موئسچرائزر
synth_004379.png,کفر پیشہ نوبت بخار جانگھیے ٹکنیکلی مصدر غیر وضعی
synth_004380.png,پائیرویں سانحے کیجیو مدکلین علم قرات من بھائی
synth_004381.png,جھنڈی بردار تیسی اسٹیم
synth_004382.png,خانۂ مسلم آئین سیلتی مرد نادان راجا پاٹ نور شمس
synth_004383.png,نواسہ بدستور گوائے زنک سلفیٹ جھپنکنی سیران پتوریا المیوں نگاہ انتخات
synth_004384.png,مسلمانان تفرقی ہوائی تھرمو سک پرکھ غلوبیانی
synth_004385.png,مڑوائیے باپھنی زاویہ نگاہ جمنوسپرمز مغل اعظم بحرعمان ستھر اؤ ہفت زبان
synth_004386.png,چشمہ سلسبیل ڈبڈ باؤ شتال شہنی حیاتین دال ٹھہرتیں کچے قیدیوں گنگا جلی
synth_004387.png,سنگ جراحت نقالہ تثاقل پیشروؤ شورہ پشت گشت شبانہ نبیڑی شفت
synth_004388.png,مردانگیاں مرخم ٹٹرور چرخی کام تکلف مزاج دختر آفتاب وردی بجانا
synth_004389.png,عصبانی جیساکہ نکو خواہ تلازم چیلکیں ساٹھ
synth_004390.png,طوالت طلب اشلک خشک جاں رکشہ روآں مڈھ جسوروں پروکسیاں
synth_004391.png,ناشناس صحراؤں القاب طبق برطبق اولیمتی طریقہ انی
synth_004392.png,مطیع الاسلام تسخیر کائنات بھڑوے خطی تناسب کنیش ملفوظ نویسی سجادہ بافی چانگیاؤں
synth_004393.png,مد بھرا آکھوباکھو جٹا ماسی
synth_004394.png,خضارت انٹرنیٹ پرکل عند الناس مبداء فیض ہڑبیر مرکب لفظ خیکی
synth_004395.png,نستار نہار پکسالوؤ پنج درہ صوتی اجزا دن شماری رقاصوں روز میزان قولچی شوکت العقرب
synth_004396.png,ٹپور دیویا جنگ جوئی نگاہ حسرت چکربا ریفلیکٹر نرموہی گھل ملا دڑکنے
synth_004397.png,اوپری دل سے اجنبی جھاڑنی
synth_004398.png,نگندنا خمیدہ کار بغبغائیے شاہواری دیکھتے بھالتے سہنے
synth_004399.png,منزل شناس مجانق ریپ پہرے داری بلاپتی مسکاہٹ مرکب سفوف پرچموں
synth_004400.png,مروتی دم رفتن آمین اللہ
synth_004401.png,ٹربن زناکاری الفتوں گرمی کی رت مسکوں باختگییاں پرچارن
synth_004402.png,وسیلے سان تقریب جلانا پرچاری دیمری
synth_004403.png,قارورہ چٹانوں متجلی باجہ خرسیہ ٹریاتیں مفضولیت افتاد
synth_004404.png,استرحام آئین جہانبانی بحق پربتی حضور والا دبکنی افطاریوں
synth_004405.png,خان دوراں تیسرے چھبیلی ہشیدار طلسمانی شخصیت محض بے وقوفی دل کے میلے سوما لذت
synth_004406.png,سرسید روح حیوانی بھابڑ لوہ
synth_004407.png,ٹھیکا بندی مسماع نیچ قوما
synth_004408.png,ذی بال اخفیا کنتی چھپک
synth_004409.png,آفتابی عالم دین بسوی پاشنہ کوب مانس مورت اجلاس واحد خیر القرون طنز نگار تیمار داری
synth_004410.png,نیل بر چوئیلیں کفایت شعاری
synth_004411.png,مخلخل چونگی پوسٹرس لغتیں متشکی کثیرالاجزاء مبارکیہ آنکڑیاں
synth_004412.png,ترغیب دینا فرق اول ماضی شکی اپنے مطلب کی غلٹی نچلا درگیراں سچکی مولود بیت اللہ
synth_004413.png,مٹھیار جذبا تی نیوگی دعوت اسلام پیکنی
synth_004414.png,کبشی جافری عصری علوم
synth_004415.png,ساجھی دار کورٹ آف وارڈ صحابت لشکار اکڑنا
synth_004416.png,تقمیم پٹھوال منہ کی سچی شرنگاریں
synth_004417.png,ربوبی گور کنارے عروج تلافی کردہ حصہ نغمے ملزموں وسام
synth_004418.png,کٹیلا کھنہ نس نس کیڑا مار گندن چمکوانا مسجع و مقفی
synth_004419.png,بھاب کا خط تائیدی باغ وان مکر بازی نوک مژگاں
synth_004420.png,علامت افسانہ تجنیس قلب چام چور والیہ سرگزشتوں گھنٹکا
synth_004421.png,قلفی ریڈروں ٹلکائی پرتھم بادہ ء شبانہ بچالی خرمن نہاد
synth_004422.png,تموجی نمک آلود شکل صلیبی مرکب اضافی
synth_004423.png,نکارنا کفیں ادمیں صحابی
synth_004424.png,اوبر پنچ بھوت آتما یزید ربا خوار مورثان اعلی
synth_004425.png,چلائیں وارنر مفلسو مچھوا گھٹا دبا کر دفاع الوقت ننگا بوٹی یمنہ جھنجھوڑے
synth_004426.png,خدنیں پخال رنگو متہیج پھیولا تھریڈ جھوہیاں مصر
synth_004427.png,بپھریں حکیم علی الاطلاق سکول آنکائیت
synth_004428.png,متفقہ رائے ٹگھلنا چترائی گٹھ کٹی مختلف المعانی ہولڈر تڑپھڑا معاصی کبیرہ سرد آبی
synth_004429.png,مترحم موجزن منازعہ استمتاعیت
synth_004430.png,آبنوسوں ماتم داروں پگوں کارگاہ رچ نادری حکم اکھرتے
synth_004431.png,شیشکی بڈھا بھالو سوچوں نائب چیف ایڈیٹر
synth_004432.png,ہیکنگ چونکنا لد نوائے سروش
synth_004433.png,نیل کے ڈورے نگھنڈ افقہ پیران پیر اچنتا نفس انفرادی اچھے دن اطاعتی
synth_004434.png,تسدیس طرہء افتخار سلونیوں سپلائیاں نیورولوجسٹ الٹ بلٹ
synth_004435.png,بھولی بسری باتیں پچکاروں فوکلیتیں عباد عجل ذیلوں موت کی سزا کھوتی نچاتے
synth_004436.png,چاقو نما ٹھنائیاں نوڑے دوڑیے
synth_004437.png,پڑھویا فتح یابی آڑتھ لقمۂ تر سیگارا مقدارا
synth_004438.png,چھم سے حریصوں علک
synth_004439.png,ضراری داد و مراد پچیس گنا
synth_004440.png,برسائے سہائی تمتع چارجرز پیوگیاں پدک دتکارو نرمی سے لگانا
synth_004441.png,گمبد داوا بھیٹا خسرال جڑنی رصیف زدفزد گٹے
synth_004442.png,کیمیاوی کھاد اشکالات ادب خدمت ٹیلی ثغام
synth_004443.png,آگاہیوں عقیرین صوفی منش چندر گن شبیہوں مدرسۂ عمل نسبت کر ٹرمنلز
synth_004444.png,شکستہ پائی تنخمیں پاستیورانا من بھاونا موقوف
synth_004445.png,نردئی پن کلک تقدیر یراعہ سترلابی گڑاؤ
synth_004446.png,فیلڈ مارشل معنی آفرینی نگار بندی میراث دار پھانسی وقتوں
synth_004447.png,پرسشوں نو زاد منڈاسا میرٹھ کی قینچی سیادت پلڑوں مڈ گارڈ اگم کہو
synth_004448.png,پیند کنارہ متورع جھنڈ کے جھنڈ
synth_004449.png,لاعبیتیں دور بنڈل پگرکھیاں مشیہ
synth_004450.png,کاربن ڈائی آکسائیڈ چڑھوائیں پھٹکے چین چالا جودت کھدتیں پیچکیں
synth_004451.png,مسلمہ غیرتیں طاق نسیان جھڑوانا خود روی آنکھ میچ کر
synth_004452.png,کولیگن مشاور اوندھنا نت اٹھ داخل کرنا ڈیموکریٹس پاکوب سخت کوش
synth_004453.png,بر سر پیکار من تبریزی پسنیا
synth_004454.png,نندا دیوی رحموں ہسن انقضائی سونیا خط بنیادی
synth_004455.png,بالمرہ ذائقوں تاپستریاں کرگھنے
synth_004456.png,سلسلہ کلامیہ سنتیں استملاک بھوجا تماشا کناں توارا چشم بیدار شقاقلی اسم ظرف
synth_004457.png,پیکھن ڈرتے لذت نفسانی مجال نظر چھل ہائی
synth_004458.png,جنگی رقص علائق دنیوی مرغ سلیمان حوایا گزران
synth_004459.png,بکیلے طباق چہرے دین مبین ناپاکی کے بال ٹکنیک
synth_004460.png,چھلچھلایا رولریاں قلیا بچھلن ٹرانسکرائبز گلےلگانا
synth_004461.png,تاپڑیاں سنانوں لٹکاتا مخروجات مہاراج نظریات
synth_004462.png,رزمگاہ کرداری ناولوں گونج دار مرغ حرم کار آمد نپجتا سگھڑل بلاپتے
synth_004463.png,لوزتین موانست اکٹوپس ثبوت
synth_004464.png,شنتو نظم و نسق فقہی پر ستارتھ
synth_004465.png,ذوقباتیں مٹھیاتی ژولیدہ بیانی عبداللھ جھالرا نمیرو چھٹتے
synth_004466.png,یونیورسٹیز ٹکٹوں دھینٹو نواس ستھان پنبہ بگوش گام فرسا
synth_004467.png,آمد جماعت پھونک بھرکنس بجم قبلہ نما جتلاتا ابلیس دھارے
synth_004468.png,جرنلسٹ جائےگا مضراتہ
synth_004469.png,ضدیوں مدیح خواں منزل موعود
synth_004470.png,صحراگرد نر سنکلپ دندانہ سین حصور انحطاط الاجناس تخطیط مولا مرتضی ماوا و ملجا نعل ساز
synth_004471.png,سرکاری وظیفے روڑیوں مراتب نویسی انسانیاتی چھانپ خارراہ عصبی مرکز دھروکی
synth_004472.png,لحیانی سمتی متدار کالعدم تجزیدی
synth_004473.png,بازار والی پھونکی قر قد و قامت
synth_004474.png,ضامنین خرجال بدھنی جھٹکواؤ عالم علوی چین چالا غنداقیں دھنک دھنا
synth_004475.png,طوطی زنگار معذرت خواہانہ انداز ادعا روکھے پھیکے سٹکا دو صدی پچاس
synth_004476.png,گاڈرو پان کی تحریر اصنافت جھنڈی بردار شوکت الیہود صادق الاعتقاد آماس فراٹا
synth_004477.png,اجورہ پبلش پورنکا
synth_004478.png,سرپھندوں لپتے سنام جست و خیز
synth_004479.png,زلف پڑپڑائیاں نومذہب مرزبومیں مجالس خانوں شاہد القول نگران سیل مہتمم
synth_004480.png,نیل گاے مری مٹی پروکلیمیشن سائنٹفک اصول
synth_004481.png,ککیاؤں تلاوتیں عصمت دار پبلی ترمتی
synth_004482.png,نقش سجود تقصیریں متبادل صورت سٹیڈیم گھڑ زائیدہ
synth_004483.png,دل برخاستہ پائیندہ باب الابواب جھلمیں بلوؤں
synth_004484.png,ترکتاز رندھانا سیکتیں زنگ خوردہ سکھشا گزاروں ایکڑ نوڑے
synth_004485.png,کاٹھ کا الو لگاتار چاندنی دلکدہ عصری نے نرگس پردوں
synth_004486.png,گاچنی بنتیں جمعیتہ اپیلانٹ زمانی معیت وفاداری تو بھی تمہارا
synth_004487.png,سنٹیاں گرد مادہ مشروط الاضافہ قرولی ٹیکسلا
synth_004488.png,دلواتے بیلز تبارکہ نشاۃ الاخری دڑبڑائیں دستے امہات اسما مونڈھے والی للچاہٹ
synth_004489.png,طالع بد سہواگ دھنونتا
synth_004490.png,موچی کا موچی شہر شہر علم الفقہ سہدیوی
synth_004491.png,کیوبزم نروس بریک ڈاین ہیڈ فون تحمر سیربین حد نسا خالی الذہنی آینجان
synth_004492.png,حشاش بشاش خمیروں نہ سپہر مہجری شاعری پینلز سلسلائی قیصریت خانۂ خدا
synth_004493.png,چرمرا نیک شگونی کسیں
synth_004494.png,بانگ زبوں دھجلا
synth_004495.png,ادایات اچکتا ہیضہ
synth_004496.png,نضیج روٹر جھونکوں متوقع چورسائیاں نظرگاہ حیا پروگرام نیک خصلت
synth_004497.png,معصرات کنوس نباتات تیرتا ہوا پشملی خواب پا
synth_004498.png,اقارب کا لعقارب سن الفتی عقلی توجیہ ضرر کاری نشان حیدر ریچل زشت رو دو دلی
synth_004499.png,نایاب موتی چہکاریں عدسہ بیں برپوش مادین
synth_004500.png,راہنمائی مؤید خیال تیزرو پان خواض قبر پرست پھٹکوانا رسمی طور پر قدرتی ماحول
synth_004501.png,تلینچا پیلا چمڑا مکمل طور سے گریجویٹ موئے مژہ
synth_004502.png,گھٹا ٹوپ اندھیاری ناسواد لونا ناٹ مندر احتیاجی
synth_004503.png,زر تابی واٹر کلر قرقلی حوالۂ نفاسیہ دمک چوں گزارشوں مکتوبات نگاری صفیا
synth_004504.png,ابستی گاؤگھپی خردبینیں
synth_004505.png,تحس نحس شکر سرخ مبداء فیض مرافعہ پلانٹس
synth_004506.png,جلدی مقامفیات سبور پوشاک مکیر نباتاتی فضلہ اکتالیسویں
synth_004507.png,جیمالا نلوانا فلاں بن فلاں رگتیا بت پرستی
synth_004508.png,پراکسیاں اکھلیاں کسور عام بھشٹا زلف پریشاں پٹونی خاتم الحکما دق الاطفال کھنڈنا
synth_004509.png,راگوں مشارکی حرف مکتوبی
synth_004510.png,حمسی خوب شکل معرفت عقلی امرحہ تار شمع فضائی میزبان گردوں سرشت
synth_004511.png,شرط اول اعتراضیہ ٹیریکاٹ نو آموز لٹی راجح باطنی تکلم
synth_004512.png,غاضب پیسٹھ میوہ جنت ٹھالی
synth_004513.png,چتا خاص قائم مزاج فرط طرب مہمیز شوق نمونہ
synth_004514.png,فولک کہلاتا زناکار نمک کی مار پڑنا آنکوں گاڑو فکچہ
synth_004515.png,چبتے خداوند جہاں مرمر ارزہ چینچ لور
synth_004516.png,مادیین نقاب اندر نقاب خمیریوں گلالئی
synth_004517.png,من چاہا گجائی حبس بےجا روشن پہلو جہانوں لوٹاتا
synth_004518.png,سوفسطائیہ فروختنی ناگزار کبھار خواب دیکھنا پرسا دھکا
synth_004519.png,دستاویز قسط بندی دیدار نمائی سمندری سیلز مین سہو کاتب نمایندہ
synth_004520.png,اکڑتی مربھوکا تشدید
synth_004521.png,منی الدم تار تار کلاشنکوفوں ایجوکیشنسٹ ملک گیر تنظیم چوئنگ گم مکمل اشعاع خون کا دعوی
synth_004522.png,چھالیاں پرائنیں خیر و عافیت صفات اولیہ سہ نفری سیکنیڈ استعذار سوٹی
synth_004523.png,نقار بند لشکر شکن نر مادگی تاج پوشی سبز پیری فادر صوفا
synth_004524.png,سانحوں سرود گاہ تضبیط کرے سپنجی کریہہ الصوت افلاطونیت
synth_004525.png,دھڑام شیخ چلی پتھر چٹ نسیں ہمایوں بلاتی جوڑ شکنوں
synth_004526.png,سپھل کند نظر آسکتانا تجاسر خبرت خرطوم
synth_004527.png,ریت گھڑی ترتو پیچ دار معارف پرور دلبستگی المیوں
synth_004528.png,گھٹاؤں تسعی مصاحب نما حلبوبیں
synth_004529.png,سنون مکتب سلطانیہ ریکٹوں بسبیل
synth_004530.png,کوراتیں دشا بھونسلی خوش قلم پوم بئی اکسون دو بچن
synth_004531.png,نفس کل پوجاؤں دکھ انتقاصی توت فرنگی دندن محمر
synth_004532.png,ٹٹور پوی لادتیں
synth_004533.png,اخفائے شفوی اباطح آویزوں تقدیر الہی ہائی کمشن بھوشتہ پابوسی مقیاس اللبن
synth_004534.png,درج بندی غاصب فٹ بال چیوٹی سلاح بند شاہ گر زخمہ چمپ پلیٹ فورم
synth_004535.png,قبر کا تعویذ عجوبگی پھسکنی
synth_004536.png,تڑکنے توند پالنی بحر طویل کنینیں ٹانگ برابر اتکا
synth_004537.png,ڈوٹ دوڑاک املاء سیٹی
synth_004538.png,سفارت چکابوؤں ابھاگنی کسیاں رحم دل عالم رویت گرفت
synth_004539.png,رصاد خوش دلی توقعات من کے من میں احتیاطا اطرافیت مقداروں رہنمائوں دعمان
synth_004540.png,سرافہ جھلمٹ مداحین دچ وہموں منقطع جھیل خروج المرکز
synth_004541.png,اپنائیں خلافت تاملکیے زشتیء اعمال تنگ دہن تریاق ترسیبین نوڑی پاکار
synth_004542.png,چیمبر ریتیں خوش امیدی منہوک
synth_004543.png,بیاج خور میرہ نیک حال
synth_004544.png,نو زائیدگی پتاککے کاتتے نان کمیشنڈ جوہری توانائی آہلہ دل فروش لائیٹ ترتیب سے
synth_004545.png,مہا اپرادھی شاندے خیر السبل ننگے سر ننگے پاؤں نہیہ سرجنز ارتسامی
synth_004546.png,گنگیر غیر ملفوظ بیت اشرف
synth_004547.png,اشتری عالم افروز اجنبیوں مسواکوں
synth_004548.png,چھانٹن ظاہری عقائد بکائوؤ بدل مایتحلل مثلث مستوی افضل واعظ
synth_004549.png,چھیڑی شدھ کلیان پیکھی
synth_004550.png,عمل تراش ناگری پڑنہار وائس چانسلر برانوے سدھاتا پہاڑی ٹیلو
synth_004551.png,پھر ہرا اینڈتے آہ سرد کھلایا سالاروں اشمل
synth_004552.png,غافلیاں اولنگنے متبہم چمررائیا سخن سازوں
synth_004553.png,اباریق بیطس پیارو خطیریت نہر مقطار خودنوشت ٹلیک نیابت الہیہ
synth_004554.png,دکھایا گانسے اعجم تھریاؤ کلبلائیے سری جلدی
synth_004555.png,تبرک خبانی بردست
synth_004556.png,نقاب بردوش ذو رمع منصوح
synth_004557.png,اوجھے مصارف پیدائش الحال دفعۂ ماتحتی فرزانگی اٹالی میسورات
synth_004558.png,پتھروٹا صوم داؤد پرنادیں
synth_004559.png,ایلن مٹاؤ صریحات کتریں مدگر نکھوری
synth_004560.png,نائب جمہوری ذمیہ تبارک اللہ خفقانی سیچیں بانبیوں واہب
synth_004561.png,غوث اعظم کرلیا بھویے سٹالز کربڑی چگ تیر ماہی گھر بھر
synth_004562.png,ضریر ماضی معطوفہ ناخن تراش
synth_004563.png,نکتہء فکر نخلستان بورا ہفت دریا مبتسم جستہ جستہ
synth_004564.png,البیٹ ترسوں پوجنا انیائے گرماؤں حوا
synth_004565.png,فقرتی لہو آمیز بگھارتا پنگایتیں پاٹہکا اوقات گزاری
synth_004566.png,رغبتی کوکینیت آموزگاری سہیمہ مخمنیت سبک سر فص ٹانکتی
synth_004567.png,جٹھی لتری دھنونتسری حرم ابراہیم بد املا مربع
synth_004568.png,چھنیے گائیدہ کٹنگ مشین پرلے سرکاتے
synth_004569.png,درد کا مارا ٹھنڈھئی دالدر دھونس پٹی ریاضت خانہ متامرات
synth_004570.png,سیکھی العربی سنکلی گوندھیو
synth_004571.png,چیتتیں فوری پن منفی عرض البلا
synth_004572.png,ٹند سڑکی ہم کنار کڑے
synth_004573.png,مٹائے محروقہ جلیب سلگ بھشتا کوثرییتیں کوبرا ندامت
synth_004574.png,خارا شگاف پردہ چشم سکلا مابقا
synth_004575.png,قاعدیں آفت زدہ موقت قابض ختمہ باورچی خانہ تفسرہ نامۂ سیاہی نظرگاہ حیا ذبل
synth_004576.png,بخشنا تگائیاں شعبدہ گری جنگ جوئی تجھ پاس مقترف مہر محضر ذکی الطبع شاخسازا
synth_004577.png,نخاع مستطیل روٹی دیوا میزیں دافع ء غم چہلہا کچھاروں نسائیات دماغی ساقچہ زائیدگی
synth_004578.png,الیکٹرونکس عالی قدر طاقچہ شگفتہ انداز مصاحب مشنگ
synth_004579.png,صدا شناس علی الترتیب حد سے باہر بیزار
synth_004580.png,متاکدات شپرہ گوہر شہوار شوکت عیب گردن زن
synth_004581.png,عظیم الاثر خود ضبطی بھکن کونسل آف اسٹیٹ ڈرائی فا دل نواز فاش
synth_004582.png,تمہید معاش آئمہ داری بکٹا خشک دامن تنمیہ ثقالہ ناز پروردگی
synth_004583.png,درائیں سیاح زماں موت کا سامنا عضلاتی دعوت شیراز ہواتھا پیپلزپارٹی نہمت
synth_004584.png,رسک لدائیے رہان چہچہایا پھگاٹیں مقداروں
synth_004585.png,آستک بدھ ونش پاسنپ قصیر النظری
synth_004586.png,بھائی بانٹ چیلر زشتی اعمال طرہ تابدار پلساٹ
synth_004587.png,متبادی پان خواص کھال اپاڑ
synth_004588.png,ذی استطاعت بھجایا اعتنافی چارشف تجویز طلب
synth_004589.png,فارقلیط سلامتی پس پا ڈھوتیں منغط خوش لگامی
synth_004590.png,اہرامی بوایلر شیشمیں نخرے پیٹی اخباروں نفاثہ نسیج موریل
synth_004591.png,نباتاتی مادے سنوریو نیک باطن فہویاں تعزیت خانہ حجرۂ مخصوص
synth_004592.png,انظار منہ بھڑاک مبالغہ آمیزی ابلق لیل و نہار نعت احمد بھلا دن
synth_004593.png,مخمن گیسوں ابلوں
synth_004594.png,قومی اثاثہ آسن پاٹی جھلملاتے دھیان دینا
synth_004595.png,آریہ ورت سیوا سمتی بار بار
synth_004596.png,کھبنا کثنہ نخالص چندر کانتی
synth_004597.png,دبنگا بداوت کوندل
synth_004598.png,کلچرل غزال حرم جھٹ پٹا مغلیہ انشا طراز
synth_004599.png,مناسبت لفظی ٹخنے چاہ شریک سفر خلاصے امامت
synth_004600.png,بیٹنگ طشت افق صاحب منصب جڑوانی شاہرور
synth_004601.png,پروٹیں زوان پچھائی دھوک خیزاں سٹپٹاؤ ڈپلومیٹس نطق لطیف بغبغاتیں
synth_004602.png,خیموں چپکے لب سڑک صہیر ٹچا
synth_004603.png,نوک کی رکن اقل پڑھوائے چالاک و چست دادو سبزہ نورستہ الاماری متحدث
synth_004604.png,گول کمرہ پتی داری ڈھلوانیں رواراں موش کوہی نیش فراق
synth_004605.png,قال و قیل تسوسی اولوالابصار معدوم ہواباز زجاجی
synth_004606.png,قطعہ بند آنجنی طین لاذب
synth_004607.png,سریجنی متعدی بیماری نوائیے
synth_004608.png,مرغ چمن زاد کنول باد ناقوس نوازی منشی روزگار نغمہ سرا ادہمی نزلہء معدیہ
synth_004609.png,پاے مرد موہکا ارہاص پٹاق لواحقوں
synth_004610.png,باکسرز تاندلہ پینیسیلیم
synth_004611.png,خن جگالیاں ممیا خسر قابضات عذوبتیں تغیراتی
synth_004612.png,طراد مجہلوں ہان عیفہ بدنہاد پیکو مخرب اخلاق سرد آہ لاڑکی
synth_004613.png,مانوگراف خاکداں طباع سوجو
synth_004614.png,لگے ہوؤں انڈر واش نربدھی مشرقی زبان لتیانے ٹھنگتی زچا پوکل
synth_004615.png,مذہبی گیت حیران نگاہی لکھنا بھبھکتا دادگاہیں دار و گیر لہریا کنج تنہائی علوی عمل
synth_004616.png,بات کہتے بھیک پھاٹک لغوی معنی دائق خبریں پلوت یتیم درفشی
synth_004617.png,نقش نہ دیوار لوکھری خط اعتدال رواق مہار دندان پھیپھڑوں سیکنڈ ہینڈ ہلدی
synth_004618.png,زہیرہ چوہیا متالفات
synth_004619.png,آبیل بخاری کھونڈیاں شعلۂ رخ تباین مثبت تصور
synth_004620.png,جیبیاں نجباء گاجے لائے پخش
synth_004621.png,کرنیلوں متصرفات بلکتیں رجسٹر اپیل پنساوی مقر سلطنت سپولیا ماتنگ خسر پورگی
synth_004622.png,قانون فطرت جلی قلم نوبت بجاں
synth_004623.png,بد رکاب چنبر باز مرد شریف جھوٹھا اسپیچ
synth_004624.png,شمع رخسار نارنجی بھجتیں بلنگیں
synth_004625.png,دھسیے ورلا جیمالا چگالے دل لگی مندرا
synth_004626.png,دھرور زحل چرپراپن اوپریاں عزادار تعریہ بریف پلیٹ گلاس بیچیو
synth_004627.png,رخت بدوش سجادہ بافی بدھ ونش چانک
synth_004628.png,تادم زیست چیمبرس فتیلا سکی نساج
synth_004629.png,دلوائیو ارتنگ راضیتیں تارک الدنیا زنزیرا پراسپکٹس کورالیہ کبکیت
synth_004630.png,بسریں الٹ پھیر گھگیائی سمات نحویہ پوٹیں نباتات عدیمتہ الفلقہ پیری کا سہارا
synth_004631.png,سلیکن نخل قامت متوسطین ٹوڑیے ملجائے خلق قادر الکلامی
synth_004632.png,لگیچرز بجوڑن رنگ رس سگلابی چاندنی چوک
synth_004633.png,سگر رحجان مساویان تنفید تلوین دموی
synth_004634.png,رسی کھیر گورکنیاں قریات مغربی پکھراج رعایتیں سرمہ در گلو
synth_004635.png,جوڑکا دیا سکھار دھرور بھیڑ سالا رفاقت پسندیاں مضبوط دلائل
synth_004636.png,چکراں قرمطی مانومے نیا ال احد پاس بان اسیلم جی کا زیاں ملائیاں
synth_004637.png,جھلا کر نصفتی حق ادالہ منگل کاریہ نکہت آلود ظلم پرور
synth_004638.png,ثلجی غم دید فضل مولی چرخی ستمگار پری زادی نوہرہ خانۂ تاریک تلملایا
synth_004639.png,سورنی سیہ جویلریاں ٹربائینز گھن کا سکہ ٹرٹرائیں سکونتیں
synth_004640.png,عابدین بازار کا چلن نوک پلک سے درست گرام لون دار پریمیئر خونخوار
synth_004641.png,امکاں خبر خضری ساہا مسکرائیں چرما رقابتوں ٹریسنگ پیپر ٹیکورے
synth_004642.png,کفارتی دلوائیں کاتتیں شورابوری ڈاک بنلہ
synth_004643.png,یمل فاسطیت مساکین بہادرانہ منفوخ ماجدات ہالینڈ بشرط
synth_004644.png,مپت عیدالزہرا غیر طرحی مشاعروں نو بادہ سہواسی لاوڈاسپیکر جیٹھرا سقط نامہ ہسٹیریا
synth_004645.png,بچشم و سر معمولات دائرۃ فرش پیما خالفی
synth_004646.png,مضل لکھتی شادیانوں پھنواریں ابوالبشر ثانی بلٹ چاب چاپ
synth_004647.png,محرابی تیع اکتارو جالکا فتوحت مقعم ٹائل اچنبھا
synth_004648.png,جی کا روگ مجذوب اڑن پٹاخا جرات افزائی چارگانہ اقانیم
synth_004649.png,بھرشت ٹینی پو صدف امانات پھپکا سمیٹے صادقو نظام تعلیم
synth_004650.png,نبض قوی تروونی زمین کی امانت
synth_004651.png,پپرا ہٹھات ججی تافق منکسف شیر نیستاں مخمولیتیں پنبۂ صحرائی
synth_004652.png,مجہول کتاب عطر پاش دل افزائی چار ٹوک ربٹر جان کے دشمنوں
synth_004653.png,چابتیں مبدا تبلیغی مرض انگیز بادشاہیاں نصیحت گوش مومی مادہ چکہے
synth_004654.png,پبلک اوپینین تن ناسوتی للعجب مصنوعی دیوار نخست
synth_004655.png,نشانۂ تنقید نثری اثاثہ کھنگرا ہاروں فحش کلامی اپواد گجن سلوت نسنک
synth_004656.png,نادھیے ادارتی متمدنہ گرگین معنوی
synth_004657.png,نباض تکیا بونٹ زر قانونی رمزیات ہوم منسٹر ماذوں نحس اکبر
synth_004658.png,شرنگی مغربی ممالک بکھانی چمکی کی جوتی
synth_004659.png,میگزین بصورت جروتیاں بھگوں حاصری نلوں
synth_004660.png,موتیوں کا زیور گھونگھٹ کی چوٹ پٹاخ کورٹ آف ڈائرکٹر فروختنیاں چھپائے پنجوری
synth_004661.png,گلہ نعرہ زناں زیر صدارت
synth_004662.png,پھوپس بائےلاپن شرارتی رشیدی
synth_004663.png,دنیا ساز دلتی محلسرا کینیڈین بھنکاتی نشیل سہ حدہ جنگ آرا سرمۂ طور
synth_004664.png,پنچول ظن غالب نا مسلمانی ہنگامے
synth_004665.png,موقر رستم گھات تلچاوری تت خالصہ گلائیکوجن چار اجساد
synth_004666.png,ارکان ایمان چھو چھی مشعلہ داری محاوروں سادھ موجد آبادی
synth_004667.png,حسن سیرت دراستوں دیرینہ رفاقت اجڈ پنا نباتاتی گھی دھرنت محکمۂ صحت نرا مالو پر خار
synth_004668.png,ٹمٹمانی مقالہ نویسی مونڈھے عقلیہ خوب صورت چکچوہیاں
synth_004669.png,غول پسندی ابر مطیر انجری
synth_004670.png,رزق کی ڈوئی استدعا زبان کا زخم ججل فول چھند بھری
synth_004671.png,مناعت رمز نویس لفٹوں جتھا سبادہ
synth_004672.png,تکل کچے سوت چولو
synth_004673.png,کب کب آل عمران نقلی گھی ہاں جی
synth_004674.png,ناہید آسمان جھلسیے بسیط محض کہینہ ماری رانڈا برق جولاں تعلیم کردہ
synth_004675.png,بھنکانے پاٹھاؤں پوزشیں العزت روانش مومیا کاغذ نظر ور
synth_004676.png,موچھیں فرقعہ پلن درقیہ
synth_004677.png,نبیہ لنگڑائے گینگ مین چونچ
synth_004678.png,دیدہ و دل ربح پھال
synth_004679.png,طریانی المحی زیورات پکڑتیں مسکرائیے زخموں مجودہ راج دھورت
synth_004680.png,سہاگن مجادلانہ جاپھر وجیہہ
synth_004681.png,ترک ماسوا ہاتھا متیم اہرام سکھانے باغ آتشباز
synth_004682.png,ٹمٹمانی کوے یار بر آور ٹوپیاں بسکہ جانچو مہدرہ
synth_004683.png,عنقائیت کدہ بٹینتھ پیوند بندی مرغ نفس
synth_004684.png,سفید دھاری چرچراتا چار لنگر خیبرپختونخوا آمدید بڑھائیں لٹانے
synth_004685.png,پاپاکال نہاں خانۂ ذات پہراوا نبض ممتلی شیر گاہ گوش بفریاد تاکنے
synth_004686.png,بیٹیاں نازیبا مذابح نگاہ تیز نبھل محتبس جھانک جھانک چسکار
synth_004687.png,مواخذہ دار تماشائی گردانیں لوگ ہنسائی شیطانگیاں کیپٹل اشن جمائے
synth_004688.png,شمعون گھی والا غلطی دھنگلیوں شاطرباز لائیبریری ٹھاٹ پلوؤں نافذ الحال
synth_004689.png,سفری پلنگ کرب انگیز ڈیسنٹ نوکیا مجانست متحد ارسٹا ان تھک
synth_004690.png,محرر تسجیل میدے کی لوئی نیشن چونکتی دکھوڑیا جھڑتیں رنگتی
synth_004691.png,دھبا منظر اذنیی تھامتا گھنگچی عجیب النوع تار نظر حکومت شخصی ٹھکوری
synth_004692.png,تقوی بااللہ کہتر و مہتر لون بردار سبعا ناقصیت اناڑی
synth_004693.png,نکات خوری جویندہ آبرو فروش
synth_004694.png,زپورہ رہناز کنائیں کمائی تشریحی بسر و چشم ختامہ اجبار گھر کی ملکہ
synth_004695.png,پرکاہ نقطہ زرقاؤ نیازا خلاصہ نویس ازرہ راففہ نیل کی چاشنی زچہ رانی
synth_004696.png,زہر دار مقسط مشائخ زادہ نسلی گروہ پنکش آتش انگیزوں ٹھیراؤ
synth_004697.png,آسیہ محل شاہی نائب منیب لنڈھاتے پکسنا عزلت پسندی دیکھے یاہو
synth_004698.png,ان داتا قمیض شرماؤں موم روغن وچوں ربڑ کی مہر
synth_004699.png,سہمائے آونہ متنازع فیصلہ صحت مندی نغمۂ دلدار کملائیے
synth_004700.png,ایک برایک مرجادیں چٹوں چار دفتر نقطۂ انقلابین ڈگری دار جادہ بجنسہ
synth_004701.png,تدفین جکھائیاں یونان دریائی ریت
synth_004702.png,قطامہ صلاح الدین پھپھور چشم غزال چین
synth_004703.png,لوکیشن چونگے باخدا فضیخی اداتی تتلائیں غاروں
synth_004704.png,قزلک پاپلروں احمدی اوور اعتراضیہ بنسواڑی گھٹا ٹوپ بالما انتفاعی
synth_004705.png,چراغوں لادوا شایعات موکبی نگندنے سحاب پیچاں فکاہی کالم
synth_004706.png,میلے کا جماؤ گنجان آباد سحروں گوتھکی
synth_004707.png,طاہروں تفنن روشن دماغی تلملائیں گوش سماعت ڈبوتیں قنپہ
synth_004708.png,چھنائی زر سالانہ جیبھارا
synth_004709.png,مخونات غارت کن جانگ
synth_004710.png,بغرض تغذیہ تاثیرات ہتھ چکی اٹھ بیٹھ
synth_004711.png,فاسل ادخچہ گھر کی بہو غارتن خوانی گھاگرا عاقبات
synth_004712.png,گانوں ور ہونا یورپین انرجی سانک
synth_004713.png,کراہ وانگ نرگسی پلاؤ پتاک مورکھ سمجھاونی نماز نخستیں اندھیرے
synth_004714.png,چھمنوے گگریاں لاخطہ بوبی رح انگیز فیروز بخت ارمان بھرا روہنگیا گاجتیں
synth_004715.png,ڈگاتی ٹیلی ویژن سیٹ عریف علم حیوانات
synth_004716.png,تشبیہ اضمار چمچکاؤں ذی آبرو ناراضی سلجھانا خسرپور گروڈ
synth_004717.png,واٹمور ابرقبلہ دلبراں منڈاؤں منتھنی سنورے چماون خود پسند آنتیں
synth_004718.png,فٹ بریک کھلواتیں بھونگلیاں کنجل لمڈڑھیا
synth_004719.png,تقرقف بھلسی پداسن چلم پیشہ
synth_004720.png,نچاوٹ وزیرخارجہ نائکی ٹاٹلٹ پھلٹا
synth_004721.png,کھرک کوارٹرز جولانی امواج
synth_004722.png,ڈاچی نیلاب لاؤنی نچواتیں
synth_004723.png,چارک دوشن سقاوا احلاقیات روایات کے پھندے
synth_004724.png,نچویا پچھونڈ چیں پنمار تنسیعی داؤد
synth_004725.png,درسناؤں ملوثانہ لزوجی متلون مزاج پالیز برق نما
synth_004726.png,گٹھوتیں نتائجیت پسند پرک شتر نال مشہود
synth_004727.png,ساگون ٹبیا مرکب بہ اعضا دشوار نگاری مرغ رشتہ بپا
synth_004728.png,غمد چپراتا ڈرونز حب لخلخاتے جھنجھناہٹ نزولی ارتقا گنیں ایز
synth_004729.png,تفریحی عمل انگیزی تعمدیت تواماں قرعوں نو خطی
synth_004730.png,سخرانی کروادیا مجلس انتخاب بکوان لائن مین ٹھہرو نقش آب عزائم پرست نسلا
synth_004731.png,معتدی بدر ساز نبضوں ڈسٹریبیوٹر ابنیا کساحت رخ بندی چام چور
synth_004732.png,ہتھ زوفرا شخرور نوادرات لزم بدعت مکروہ دشت جنون پولو گرونڈ لاثمہ
synth_004733.png,غیق مجسمہ سازی ملاعبت رداؤں
synth_004734.png,کتابچوں گھرکا بوجھ حضور قلب سوجھنا فال نامہ مستوریں جھر پانی طلاع لالہ کار
synth_004735.png,بھری برسات قلانچ ماہ و پروریں پر ریختہ ڈانٹائی
synth_004736.png,ڈھڈی کرکی ائر رخمانہ
synth_004737.png,حاصل تصور پارشیہ تانڈو ملحدین تناول چھٹپن موسوعات خزانہء مؤخر
synth_004738.png,سہاگنیں پنبہ درگلو نرم شانہ دل کش ریسٹورنٹس پجائیاں
synth_004739.png,کچکچاتی مجلس ہوائی طلب گاری پجوکاؤ کھونڈی نیلا کار دورہء اثر نباتاتی روغن
synth_004740.png,دھمکانے ثروی حین حیات دفناتی گماشتگیاں طیارہ تبلری درپ زوجۂ اولی
synth_004741.png,آدھ پا موٹا شکار دورۂ آخری مخاطب کرنا سمجھاتا گھوڑا جوڑا سہائے تذیکہ پیکھنیائیں
synth_004742.png,معبدین طریقۂ برلب کانون خلدزار
synth_004743.png,سلسلہ بند بے نفس شریک غم آلودہء معصیت بابلس سخریہ محصول گزار
synth_004744.png,رریاؤں خدا کے کام چاک چاک
synth_004745.png,دھکا دھکی لنگڑاتے فردائے قیامت ابن ابیہ فوز عظیم واجدہ
synth_004746.png,تشریق نفسیاتی حربہ چاقوؤں ہش نوک خنجر جھنئی
synth_004747.png,مظل بد قطع چھونکنا نرصنفی
synth_004748.png,ڈینا قدموں سے منہ نال عنکبوتیہ روزنامچہء خاص غٹ
synth_004749.png,چھنو کافیاں درزیں
synth_004750.png,دابتا مسیح دم کریٹوں نکلیئر دستکش چکوں عقیق البحر
synth_004751.png,رکٹس مٹانیں روایتی قیود بھنبھوڑتا مگدھا رخت شو سوتیلا بیٹا ارسلان
synth_004752.png,تعمیل ارشاد پتھری خبر لینے والا
synth_004753.png,ادب الصیان سرپھوڑ کر رنجش بے جا نا سیر شدہ قاصیہ ایم ایس سی چونکتا
synth_004754.png,گلتی بھڑوت تبلیغ رسالت نو شرادھ سلور پرنٹ
synth_004755.png,انتخاب ساکر تراجع بدکیش ترپتی موجا ناپاک طینت سرمایہ دارانہ تنظیم مقسمی خلیہ
synth_004756.png,جیرائی چھو چھکا ضرب قلب مشغلہ قوت حیوانی فطری پن بپھریے علم اللسان آشمال
synth_004757.png,ملک سیرت حلوائنیں خط پرکار گولہ مدینۃ النبی بھاگیں تفرقہ جوئی
synth_004758.png,چھیم نفوس قدسی بھونکڑا انزیلہ منزل رس
synth_004759.png,بدبین دنبالا گرد موسلا آڈمبر غلافیے نریم ازہر تفافات
synth_004760.png,مال والا راغ چنباری تقلیبی ممیری جوبن کا ماتا قانون شہادت
synth_004761.png,ندرت آفرینی مور کا پر پھانٹیاں
synth_004762.png,زمان حدتیں بھتے نمتا مخروطی وضع بانا بند
synth_004763.png,رومینہ چھوپتیں گنبد بے در ذلائل
synth_004764.png,سینہ چاکی اخیروس ٹیسٹ میچز بھجنی بغارہ اذیال پارمنشال دامن
synth_004765.png,سوالیہ نشان اعتدالیات محبت میں القاعدہ
synth_004766.png,تداخل فصلین سید ایام کتوایا متجاوز سرخ روٹی زندگی کا ورق
synth_004767.png,بھڈورہ سیکریٹری ٹنڈرز گولڈز قلان مرگجا
synth_004768.png,کیلیں کنیریں خوار عہد زفاف
synth_004769.png,دل کی آواز چرچر کم ذوقی
synth_004770.png,دلکھنے اہل سلوک چلاون ہو حق مرد مسلمان جھلسا تنزو نگاہ خلق موکاں
synth_004771.png,خبیسی نر روپ نماز طواف خوبصورتوں مادیت پسند اکسنا لوک شاعری باگھ پرگند
synth_004772.png,برزباں سجھائی غزارتیں سلامتی باسکٹوں
synth_004773.png,اکواہی خوشخبری پٹخوں سہ پردی مہارانی
synth_004774.png,ستائیں چتارو ہن عا غصنک اہار سہرہ سحربیاں پنجہء آفتاب
synth_004775.png,روزے خور ہزاری عمر شکلہ حیائی کہوب صورت
synth_004776.png,دھیرج زیریں وادیاں اعم
synth_004777.png,ترجیح بلا مرجع عشرت اندوزی کچھووں نان گلزار سوٹ بوٹ جذل اگریمنٹ چونسر قیوم
synth_004778.png,صما چنبو پھڑکاتا
synth_004779.png,افکاریت قرن نما تھلتھلانے کڑھتیں جامہء اصلی رومنی پاٹھا
synth_004780.png,بد بر باد مخالف پنھیارن
synth_004781.png,پر زور گنج دیبا سجدہ گرل گائیڈ تلقیح
synth_004782.png,پوزشیں سہوان ابی
synth_004783.png,شافیت مرکب پھیلاؤ مکاؤ چہار گر چاند پروانہ طبلچیوں ڈائرکٹر جنرل مکڑی خانہ
synth_004784.png,رنگ طلائی پسنجر ٹرین غاربیوں طریق شمس ملک سلیماں نئی چال ملاوٹیں آنکھ جھپکنا نی نقاد
synth_004785.png,ملکا بجتی عنھم پدری شمشیر تیز تغدیائی
synth_004786.png,تقسیم مدارج کرناٹک آرگنائیزروں دینی تعلیم نوٹ بک چوگوشیہ روشن مینار
synth_004787.png,جنسیت ڈکریاؤ ہمت مردان عاجیزین آنچ فعل باز ریفلیکٹ گہری گنتی سٹیں
synth_004788.png,استحصاف جگاد مکمنیں لپوٹی پنگار نگھار
synth_004789.png,نمبولی نرگسی پلاؤ کھٹاک علالہ کھسکیں بات کا دھنی زائد حلمیہ تری گن
synth_004790.png,پدارت چھلچھلائی بمع ٹھہرتے قروی حس ظاہری
synth_004791.png,سڑیں مبتدیانہ سوتیلیاں
synth_004792.png,خانز چونتالیس سبک مغز زشت خو اجتبا
synth_004793.png,مسئلہ فیثا غورث سماج سدھار مظلم جوہر قصوی مہا مانس اٹکنا چھانٹی کاربن کاپی محافظ نقدی
synth_004794.png,کھسوٹنا پاے تراب سستا علم نحو الف تیغ تحننات بیساکھی
synth_004795.png,پچھوڑی فریب نظر ٹنہائیاں لچکداری صلیب نما پڑوجو رجزیں وصیہ پاتھری
synth_004796.png,یااللہ اورکوٹ گوہر کش نر بھیکھا ٹھنی ڈھالتی بقا فیلانہ مصلحت جو
synth_004797.png,پشت پا وکیل سرکار سر منڈوائیاں تخمی گائے الونی راہ گری
synth_004798.png,پدھار رعیت واری میل دار کجائیت گھیپتیں
synth_004799.png,استکراہی عیش و عشرت تموئی پہلی امداد قدویمہ نقوش ارضی طرم خانی
synth_004800.png,خشکار تفرقوں چار پارا چرا گاہ ٹویٹر ٹریز
synth_004801.png,ہیٹر تصدیق نامہ اصطباخ موبی لاذعین چرائیے پائچا دلہ
synth_004802.png,فوجی کپتان بندھا تھپیو الیچا
synth_004803.png,لیمپ پوسٹ نکچائیے کٹیٹ نسائی امراض وسیط تنج حاصل طرح منڈھواؤ لوکل سیلف گورنمنٹ
synth_004804.png,بستے کور کسر جیتوں ہوسٹنگ تھرو لائن خوبصورتوں پکڑا
synth_004805.png,گھبرائے ہانڈی برفانی میںیہ اعداد صحاح
synth_004806.png,محمدی نعرہ کھونچی مارکنگ انک معاونین دیوانہ پن پالنے ساعت موعودہ بر محل
synth_004807.png,ندامت شعار رزق خاک جائز ولی چیوڑا لال کتاب معتل المزاج
synth_004808.png,پھلانگیں ثلاثیہ نور نبوت
synth_004809.png,تربتوں صداقت شعاری فصل ربیع آسودا آنچو بخشو صف اول
synth_004810.png,نام نہاد اکتفا پذیر حرکت علت سلاجت ثقالے
synth_004811.png,اولنگیے نیم طبی پٹخارتی خدع حرب ہشکارما
synth_004812.png,خشم دست انداز کہاتھا چاروانک لکھاری فصیحان حکایتا ٹرنر
synth_004813.png,یارڈ پوٹاشی گوکھرو حریز مقدس زمین
synth_004814.png,ذریعہء کسب نامی چور ناز پرورد لاکلام طاق جبیں نیٹ ورک
synth_004815.png,ٹیوا کھوٹ کھپت سنیئر پورٹیبل بسنتی جاڑا بد پیشہ لتوؤ دکھوڑیاں ہولو
synth_004816.png,یک چشم بالا خوانی نماز قضا پھڑکائیں ٹھکراؤں تیر آتشیں کھدالیاں لسلساتی
synth_004817.png,تلتا پروفشنی عقیق
synth_004818.png,بدھت خبز مد اصلی ملانیاں بخت آزما
synth_004819.png,رباعہ تسمہ بازی ناطہ
synth_004820.png,مذاق شعری حدیث السن پلوت آب گل نچوا تند خو
synth_004821.png,پتوتن تعصیب نکروسس نماز با جماعت رڑکتے لنج ابو رسما
synth_004822.png,ٹھنڈا سیلا خانۂ کمان گزبری اشرف الحیوان
synth_004823.png,کلوروڈائن تصافح پٹھیریاں نادرالوجود ٹیڑھی سیدھی مہاوت اتار جوگیشر
synth_004824.png,جیل خانۂ دیوانی محمول قامت آراستہ
synth_004825.png,سخت سست گوشہء امن بسرانا قونصل جنرل چمٹنی فٹنگ
synth_004826.png,جاپلوس مال شماری نرکار باسکٹوں عاقدین منفث
synth_004827.png,اکادسی رسوخ والا نوشتۂ مقر اسم صفات
synth_004828.png,مدحوریتیں امداد کرنا دوتئی مٹا دینا برنجاری
synth_004829.png,پراسیں ساربہ تختۂ ناٹک
synth_004830.png,بالدییں ننپیں منعمام نکر نورالحین نائٹریٹی لحم الزائد عرقیت آمیزش کرنا
synth_004831.png,دفعہ وار طرز زندگی خانقاہ توھان ناٹنا گاگلی طرب انگیزی زمزمستانی
synth_004832.png,خود سپردگی پیوں پیوں نوایا بڑ ابا پاول کمپیوٹر اجورہ مطارحہ
synth_004833.png,الیم مئی مکھی ٹرانک زیجوں دوہنوں تکرم زکابیں
synth_004834.png,کھبنا کھولوں منڈائے غلمانی مرہم قیر لیک مفاہمانہ جنگنیاں ناشی
synth_004835.png,الغیب نگاہ حسرت اثنین
synth_004836.png,ابر مطیر مصدر کا بازار خام کار مقائضہ اندھا دھندی کہنے
synth_004837.png,شہد فائق عقلی توجیہ تحشم جبدیا دھکیلنے مجدور
synth_004838.png,کھیاؤ مہا پاپ حصایریں مہمانانہ سٹتے
synth_004839.png,انتقال نامہ منسوخی دڑکتا
synth_004840.png,مطلب کا دوست تاریک پنچال
synth_004841.png,ہلگائیے رایتیں پرنارد
synth_004842.png,زبان آوری بسنت پنچھی دبنے ٹفن بکس راج بولی
synth_004843.png,مار ڈائرکٹر جنرل استنباطی بزحہ پھرہری نطفۂ شیطان خرامین تواثرات رائفلوں
synth_004844.png,تاکا مگس پرور طبیعت داری ملازم طبقہ بھروسا کا آدمی لائیسنس حرفی نمکین غسل ماقبل الذکر
synth_004845.png,جھٹکوا ججیا شعاع آفتابی وطن اختیار کرنا انیورسریز چمن دہر تذکیہ آسیاب تلقی ظاہر
synth_004846.png,تلہڑا خوش شگن ہتوانسی نیابتی حکومت بپل کھدوائی ڈھونڈنا صناعی
synth_004847.png,سہل الاخراج سویری واقعے فراست کوفتیں تہ بند جوہیاں
synth_004848.png,پپیتا سکہ خانہ ابدیا
synth_004849.png,استت لزوجی چومغزی گوٹ کذابوں اجنبی لڑھیاتیں چرکھڑی اٹکھیلوں کفورستان
synth_004850.png,دیر سویر ریڈری عافر
synth_004851.png,کوبل تواکھیریں ایدائی
synth_004852.png,زموں متغیر چپراتی ننگا بچا یے انچلا دو چت تقسیمی الشفت
synth_004853.png,نامہ آور نجایا گرمے
synth_004854.png,جگنیاں بگڑے خزانے کے سانپوں
synth_004855.png,نشے میں مدہوش شبستاں جیولوجسٹ چبھیں تڑتڑ گاڑی حرکت ناشائستہ
synth_004856.png,دھونتالی مکینک خداحافظ باج ستاں ٹک مارک شہوت پرست چلتی پھرتی دھوپ
synth_004857.png,لالۂ نعمان بکیے داڑھیوں مور خور آندھ گھماتے حرف ندبہ آب رسیدہ
synth_004858.png,شراب قدیم نو جوانی معرکہ رزم
synth_004859.png,تہورس نسائخ مولاۃ مردانہ کام پگا چنچلائی
synth_004860.png,عدوی گول دریچی مجید
synth_004861.png,پیچھلے گستاپو مکٹاؤ عمات
synth_004862.png,مدھم سا اوجری چہکاریے منگیا جیولرز
synth_004863.png,جلانکور جتائی ساختی اشاعت پراپیگنڈے حدیث مدلس صدقے کا اناج کوئی گھڑی پڑائیاں
synth_004864.png,دوڑائے نباتاتی مادے تریاق محلل
synth_004865.png,مشن پڑیے سہملائی لاصق کرہاری
synth_004866.png,اختتامیہ لحاظ چام راچھس بیلا گڈی سونا رنگی قانون فطرت
synth_004867.png,معدوم مطلق صدیاں طلسمات آرائی جھوٹھنیں
synth_004868.png,مراختہ گاما کشش حرف چمرنیاں جالیے یمین الدولہ دانہ
synth_004869.png,منشی فاضل مفروغیہ مناظری تختی ذکر خیر دعائیہ معمولیت نجاست حقیقی
synth_004870.png,خطرے جھلنگیں سلیقہ شعاری نتھا ہوا کامیابی سرکنڈے
synth_004871.png,مترغب ستروؤ سیوا ثخین السلاح ڈنر رفتاروں
synth_004872.png,پر آتش کھچاوٹیں امتناع خستہ پن جوتھی چودنت اسارنا تاللہ
synth_004873.png,افاضتی نسلی امتیاز جلاءند
synth_004874.png,اسارت جنہار موئے دراز گلو کاری عرضی دعوی شہوانیات ٹمپو زور مندی مصنف کارڈ
synth_004875.png,عابدین سٹپٹائے بڈھاپا
synth_004876.png,سل رپوی ثواب غزا چیتے نمک بندی
synth_004877.png,گنڈاسیاں ایڈیٹرز نظم نگار نشے میں چور پٹخیو شاہ رخ پر مکر پنسالیں جوہڑوں
synth_004878.png,بذرگر غریری آرکین
synth_004879.png,سٹھیاتا پتاکنی کھاٹ دخیل کاری مڑوڑ
synth_004880.png,کفایت شعاری واردات پتونیا پروٹیکشن محاقل زمیں دار دھدھکا عاصریں
synth_004881.png,روٹوں ساجی جفا کشیدہ جوامرج شناس ناموں
synth_004882.png,پھریریاں پرکوٹا ویرانیوں دم دار ٹیلہ ٹوٹی ٹائی ٹوکرے سیاہ موت مشتبہات نیک بینی
synth_004883.png,تلاقی چکیلیں چھپا لکا مجلس آرا
synth_004884.png,عاجزانہ چھڑکواں فکاہات
synth_004885.png,ملکات رزیلہ دھنوٹا ڈبڈبائیے ست پودینے
synth_004886.png,کرادیا چباؤلی غوامض دس پانچ ارتفاعا عدنی
synth_004887.png,ہیئر کھوڑلوں سٹلمنٹس معتمر چار کوٹ قاتلہ وارنٹ تلاشی پرنسیپل
synth_004888.png,سودائیوں یوم العرفہ دشنام آمیز چھڑنی متذکرہ سن خوردہ جلکا
synth_004889.png,فیکٹ نادھتا بھگالن نسارنے پرفسوں
synth_004890.png,نیوتہ ٹاورز چھٹپنا بلاوتیں چکتا گزرا چوگڑا نوبہ
synth_004891.png,بھنڈارے زین پوش گورکن لمحۂ فکریہ علیحدگی لٹر ہمواری جوون
synth_004892.png,کھونڈے ماطل نک شتر پھول دبیر خرد سبزی مائل لیڈنگ کالموں باجپیئ تاریڈواں
synth_004893.png,پھولوں کا کنٹھا پپولیے گلتا نصف کرہ
synth_004894.png,ذی زرع چاکوؤ ہر بھگت ممبرو مراعت عنصریات کیشیئر پھندا
synth_004895.png,پستول بند کولھو کا بیل حول
synth_004896.png,کمپیلٹ ثلمانی اشتمال اراضی
synth_004897.png,شاد و خوار دعایان چانکی ناز بھری نخچیری بتنگڑ مکتشفین دموں
synth_004898.png,پچھاڑنے لذت اندوز ہنود متخرہ تلوانا
synth_004899.png,اپریشن گاڑنی مہاسوں نیوکلیئر ری ایکٹر ترک و تاز ادا چنتے ابتار آرگنائیزر
synth_004900.png,پوتروں کا رئیس دنیائے پیرزال صوت پیما خان زادوں درد اتار پوتنی عیال و اطفال
synth_004901.png,جرلیس غنائیہ چوڑھا راحتی اکاسائیاں
synth_004902.png,جاتنا ہنکارتے پاسچورانا خاتم النبیین لینن ازم برف پروردہ
synth_004903.png,شاطر رغما سرمہ آلود لوچا سحل ننگ دھڑنگا پاجاں مفطور والجماعت
synth_004904.png,روے محبوب سہائی جلاطینی موج خیز مارگزیدگی ڈسٹرکٹ جیل
synth_004905.png,رلیے بن ٹھن کر ابن ابیہ
synth_004906.png,تحت پرہ شاکھو آدھی پر اثر پرہسنتی بگڑا گوشت
synth_004907.png,ناگنا بے تک گچھمی
synth_004908.png,شوخ چشم مڑوڑیے مٹولنا ناچاق پیارا صور قیامت پرمیشر حقوق العباد تبسم برق
synth_004909.png,داخلی وجود علتوں سبیچار معتدۂ بائن موشگافی نظارگی پیوست سوشلسٹ ایکاگر
synth_004910.png,راؤنڈ ورم مواصلاتی گندھک مغفل جیٹھیاں
synth_004911.png,نیچ پن ممیزہ پڑھئے رمارکنگ لاخ اتریں پرمیرائیں
synth_004912.png,پیش منظر درکی چھتری آسمانی زہرہ وش غنغنی ٹیمپرنگ منہ کا میٹھا شیر خام
synth_004913.png,ملیچھ جات تامحیط شرط باندھ کر رشتہء ازار بندی
synth_004914.png,گنڈاسوں مکاں دریا کی ترائی
synth_004915.png,غچلی شادیوں زود آمیز گھچاگھچ انڈیلیں ہتھیار
synth_004916.png,ماڑیاں مٹھو میاں میری تیری زاکنہ ارصی بر تقدیر مچھلی نما رب الودود
synth_004917.png,تھمے بازغہ مستری گیری بھست مور پنکھیا شجردار باوا جان نیوی گیشن
synth_004918.png,فاعل پیڈیاں تلہار تبہ رشادت مصالحت ساز ذو جہت پرچنڈے سٹ سٹ
synth_004919.png,پنچیت خطبے قلدری گہراؤں
synth_004920.png,پتکا بدھاؤں مارٹینیق مسلم کش غیاف چوں چر
synth_004921.png,دمنا ہی بیاہی منفی صباغت
synth_004922.png,کم ہی کم دنڈل پرے پرے ابوحیان ایوان
synth_004923.png,ریگ زار تقا روک جرٹ
synth_004924.png,ذل پرائی چوٹ شعبہ بندی نسیان کامل استمتاعات خان بہادر برقی مقناطیس
synth_004925.png,کسنی ڈھیلی عزیزہ بھانیے مستہنہ پیلاپن پنریں بیاپی جوگ مایا
synth_004926.png,دبکاتیں مقتسمین برد یمانی مراقیت نبض نملی
synth_004927.png,مصلحت بیں مامورات کھتولسٹیز خاموش طبع حیواں زریعے
synth_004928.png,کلاسرا لخلخی کچومروں پکارتی
synth_004929.png,آٹا آٹا حق میر حدیدی کلام پاک
synth_004930.png,سرٹیں مرگ جیسا کچھ کرموں
synth_004931.png,پیتمبری تفاریق مقتین دیہاتی مدت رضاعت نالکی فاصل ٹمپریچر
synth_004932.png,چھڑوائی فیسوں پیسہ شکم پرستی ناچیدہ طبل بشارت
synth_004933.png,ٹمیر حفارے چکر پھیری
synth_004934.png,ابھی ثعمام کنارہ مربوط بیانیہ ایموجیز چھڑکیں کفر و الحاد ایم بی بی ایس کاگارول
synth_004935.png,فیکٹری مدایاں اعتراض کرنا مبحرین کرشمے تنقیح ساز
synth_004936.png,اتساع تمتماتی دھوپ آرکی ٹیکٹس کہلاتی کپکپانا نسلا بعد نسل پٹم
synth_004937.png,پیشین گو نور پیما بھولے بسرے ہیڈن روک
synth_004938.png,کلک نفع تام ملالہ دیگچیوں منفوخ فیہ غصبی مودت نامہ لگ کر سنوارتی
synth_004939.png,نیم بر نیابت الہی طبالین گوردوارے ناسور کی بتی
synth_004940.png,گڑیا گھر حذقہ خالق نمایاں داخلی منظم چاؤڑی
synth_004941.png,مجنحات آب نقرہ دلیہ
synth_004942.png,رلتا کمانڈو پیس پسا سوزنیاں عضلہ نگار
synth_004943.png,خلوی نظام تڑیرا علاوہ ازیں ابس لا شریک
synth_004944.png,جلمندرہ ندیم خاص اغبری پریکٹیشنریز کیڑے مکوڑے نفیر
synth_004945.png,صاحب مسند مرغ حرم ہچکتیں
synth_004946.png,ناقص التعلیم ملزمان ارثا گن گیان
synth_004947.png,کچی اینٹ تحیق نکرہ
synth_004948.png,سحر مور کی جھنکار نوشتۂ مقر مصنوعی واسطہ رضا جوئی نگہ بان چیرائیاں چھیندتی
synth_004949.png,فائن آرٹ چترانٹ محتاجیاں مشترکہ عوامل ٹر ٹر تکڑیاں
synth_004950.png,ڈھونڈا سیل گرل شغلوں شنیق موضوعیت برمانی نور قدس سنگھاؤں گازرنی
synth_004951.png,پسند کرنا سہج میں پری جھینگا پرکاٹ پنہیا
synth_004952.png,خبزیں بھولیاں جھڑاک زنداسفل چرپراپن ضربی
synth_004953.png,منطق الہی بچکانا بھگرے کلی کیفیت نامہ
synth_004954.png,پھسکائی کاسٹر آئل زمانہء فترت جبریلی دکھایا
synth_004955.png,لساع یزیدیت احباری
synth_004956.png,توقیفی نژداہ سبکو من ابتداء لب و دہن
synth_004957.png,لتاؤ گرجے بسیے
synth_004958.png,دودمان علویت ناشگاف جانسہ پتیھر
synth_004959.png,سردانا سٹیج بالاسر ناتمامی
synth_004960.png,مغلوب ہو جانا ذروں معتمد پربیاں
synth_004961.png,کدنی استکانی گل زرد مکنتی خام نقرہ چال چکر دولت عظمی تہٹہ
synth_004962.png,پکا آم کھوندی پچھونراؤ للکارائی پر ملک چاندنی کنکرا
synth_004963.png,پالتے نعرۂ رسالت سپلیمنٹری اہتمام کار
synth_004964.png,گیاہ چونچلوں سپتہ نپایا
synth_004965.png,گریۂ مند پیشہ ور گزارنی
synth_004966.png,لنڈوروں ماسعی اثنینیت بالائی حنجری عروق عوامی جنگ طراری مصابیح اکھیڑا نیل اسبند
synth_004967.png,خانہ نشیں افزا بھیجتا ازار نہ طاق ستیسا
synth_004968.png,مرغولوں حدیث عزیز وردیعہ چوگھڑیہ خدا پرستی محاصرہ
synth_004969.png,ارتجالیت مؤبدی فروعیات بھنڈارخانہ
synth_004970.png,تیزابوں بغاوتیں ٹھنگیے نہلاونا لا شخصی رزم خواہ
synth_004971.png,قسوط کوس منارہ تتر بتر کوثرییت ٹھیکے داران
synth_004972.png,پیٹری آرک فروتنی آہنگر پھوہڑی لڑت قزاقی راہ عمل کنارا
synth_004973.png,موٹر مین مبرور پرگمنیں جھک جھوری
synth_004974.png,معیشت زا املوکی ٹرن اصحبی
synth_004975.png,دھوبی کا چھیلا اکسانا ناشکیبائی نحو تفصیلی ودیعت دم چند بروتے جرعہ نوش ڈھلکیے
synth_004976.png,کلمۂ توحید سنورنے کواڑ وفات شریف اقتفائی دنی الطبع
synth_004977.png,زیر بریانیوں وعلیکم السلام گریگ کچی کلیاں خارجہ
synth_004978.png,گوائے دارالحکمت فیملی سسٹمز بیندھا زنگیاؤں پردلائے تعییث پشمک
synth_004979.png,نفرت کرنا دیانت گدھوں انجل چیمہ مغنیہ ڈاڑھی ریشمی چوڑی امنیتیں
synth_004980.png,پیگوں رسول اکرم نعل ہائے سم چوپالا ثنائیت
synth_004981.png,راسخ الاعتقادی ڈھیلا ڈھالا مکالمانہ نغمہ نوائی
synth_004982.png,مہمان خصوصی پرنسیس پلگا
synth_004983.png,مرغولین ورکرز سو اتفاق لولیا علیلہ تشویش آفتابو
synth_004984.png,جلی خط مرجاس اجنما غابر انیلی دفنائیو
synth_004985.png,چابک قدم کلکارنا برندگاں اعجب کتبہ نویسی لاحقوں لمبا سفر چیخ دھار
synth_004986.png,مثغارین پوزمال چالاکیاں عنداللہ
synth_004987.png,حرکت دواری اکیاونواں چھڑی بردار اسلحہ خانہ حملہ ور عصمۃ تپ نوبت ارزیہ
synth_004988.png,بد آواز پاپوشی فرس اعظم گھٹ توسر سورگ باشی
synth_004989.png,اخلاص انگیز چھریٹی تھکانی نقش پارینہ تڈاگے تائنہ
synth_004990.png,مندراجی نوک سناں پر تاگا ستوائیں عجان ارقطی طابعین نگاہ تلے
synth_004991.png,اٹاجام قالب مالک اراضی
synth_004992.png,کوشیار ہوچکی جھاون جلالت الملک پریا اشتداد ناب اندازی گلائے
synth_004993.png,فنرز سندمتصل لیٹ فی نوینتا محکمۂ سائر
synth_004994.png,مچنگی رولیہ کیبورڈ زاویائی ارتعاش میٹھے الفاظ عہدیداران پٹیم جھوجھریاں خلیے
synth_004995.png,چمرکھی ترلی پوستین انکنی چھنچھناہٹیں
synth_004996.png,برناری غلیفی دو رکابہ شرما صلاحیں
synth_004997.png,سپیا انجابات اونمود انتعاشیت شرارت آمیز مری مٹی روٹری مشین کم آمیزی
synth_004998.png,کمپیرنگ کرپشنز نر پھول پھکی خواب گراں قضی تفصیلیں فخر امم
synth_004999.png,تمنزلہ نپٹتیں بائیکاٹ گانجوں گھوما چا
